fountain_id,park_id,park_cpd_id,park_name,location,location_description,type,is_bottle_filler,status,remediation_plan,remediated,latest_result_ppb,tested_2025,ever_elevated,max_lead_ever_ppb,lat,lng
0001-01-01,0,1,39th Street Service Yard,NW of Bosses Office,,indoor,0,ON,Remain,1,2.0,1,0,14.1,,
0001-02-01,0,1,39th Street Service Yard,Inbetween Fountains,,indoor,0,ON,Remain,1,2.0,1,1,51.1,,
0002-01-01,1,2,McGuane,McGuane #1 - High,"Northwest corner of fieldhouse, south of playlot",outdoor,0,ON,Remain,1,2.0,1,0,2.0,,
0002-01-02,1,2,McGuane,McGuane #1 - Low,"Northwest corner of fieldhouse, south of playlot",outdoor,0,ON,Remain,0,2.0,1,0,2.0,,
0002-04-01,1,2,McGuane,McGuane #4 - High,Diamond 2 - east side,outdoor,0,ON,Remain,0,2.0,1,0,2.4,,
0002-04-02,1,2,McGuane,McGuane #4 - Low,Diamond 2 - east side,outdoor,0,ON,Remain,0,2.0,1,0,2.5,,
0002-05-01,1,2,McGuane,McGuane #5 - High,East of field house,outdoor,0,OFF,Fix/Replace LSL,0,,0,0,2.0,,
0002-05-02,1,2,McGuane,McGuane #5 - Low,East of field house,outdoor,0,OFF,Fix/Replace LSL,0,,0,0,2.0,,
0002-06-01,1,2,McGuane,Near Gym - High,,indoor,0,ON,Remain,0,2.0,1,0,2.0,,
0002-06-02,1,2,McGuane,Near Gym - Low,,indoor,0,ON,Fix/Replace LSL,0,2.0,1,0,2.0,,
0002-07-01,1,2,McGuane,Pool Area,,indoor,0,ON,Remain,0,2.0,1,0,2.8,,
0002-08-01,1,2,McGuane,Balcony by Table Tennis - High,,indoor,0,ON,Fix/Replace LSL,0,2.0,1,0,3.6,,
0002-08-02,1,2,McGuane,Balcony by Table Tennis - Low,,indoor,0,ON,Fix/Replace LSL,0,2.0,1,0,2.0,,
0002-09-01,1,2,McGuane,Outside Meeting Room - High,,indoor,0,ON,Remain,1,2.0,1,0,2.0,,
0002-09-02,1,2,McGuane,Outside Meeting Room - Low,,indoor,0,ON,Remain,0,2.0,1,1,22.0,,
0002-09-BF,1,2,McGuane,Outside Meeting Room - Bottle Filler,,indoor,1,ON,Remain,0,2.0,1,0,2.0,,
0002-10-01,1,2,McGuane,Kitchen Sink,,indoor,0,ON,Fix/Replace LSL,0,2.0,1,0,7.5,,
0002-11-01,1,2,McGuane,Men's Locker Room,,indoor,0,OFF,Fix/Replace LSL,0,,0,0,6.2,,
0003-01-01,2,3,Armour Square,Armour Square #1 - High,Pool deck,outdoor,0,CONT,Fix/Replace LSL,0,2.0,1,0,2.0,,
0003-01-02,2,3,Armour Square,Armour Square #1 - Low,Pool deck,outdoor,0,CONT,Fix/Replace LSL,0,2.0,1,0,2.0,,
0003-02-01,2,3,Armour Square,Armour Square #2 - High,South of playlot entrance,outdoor,0,ON,Remain,1,2.0,1,0,4.4,,
0003-02-02,2,3,Armour Square,Armour Square #2 - Middle,South of playlot entrance,outdoor,0,ON,Remain,0,2.0,1,0,4.3,,
0003-02-03,2,3,Armour Square,Armour Square #2 - Low,South of playlot entrance,outdoor,0,ON,Remain,0,2.0,1,0,4.3,,
0003-03-01,2,3,Armour Square,Armour Square #3 - High,"East side of walking path, north of southeast entrance",outdoor,0,ON,Remain,1,,0,0,,,
0003-03-02,2,3,Armour Square,Armour Square #3 - Low,"East side of walking path, north of southeast entrance",outdoor,0,ON,Remain,0,,0,0,,,
0003-04-01,2,3,Armour Square,Armour Square #4 - High,"West of south diamond, east of tennis courts",outdoor,0,CONT,Fix/Replace LSL,0,41.4,1,1,41.4,,
0003-04-02,2,3,Armour Square,Armour Square #4 - Low,"West of south diamond, east of tennis courts",outdoor,0,CONT,Fix/Replace LSL,0,40.0,1,1,40.0,,
0003-05-01,2,3,Armour Square,Main Lobby - High,,indoor,0,ON,Fix/Replace LSL,0,2.0,1,0,14.0,,
0003-05-BF,2,3,Armour Square,Main Lobby - Bottle Filler,,indoor,1,ON,Fix/Replace LSL,0,2.0,1,0,2.0,,
0003-06-01,2,3,Armour Square,Girls' Gym Hallway - High,,indoor,0,ON,Remain,0,2.0,1,0,2.0,,
0003-06-02,2,3,Armour Square,Girls' Gym Hallway - Low,,indoor,0,ON,Remain,0,2.0,1,0,2.0,,
0003-07-01,2,3,Armour Square,Game Room - High,,indoor,0,ON,Remain,0,2.0,1,0,2.0,,
0003-07-02,2,3,Armour Square,Game Room - Low,,indoor,0,ON,Remain,0,2.0,1,0,2.0,,
0003-08-01,2,3,Armour Square,Kitchen Sink,,indoor,0,ON,Remain,0,2.0,1,0,2.0,,
0004-01-01,3,4,Fuller,Fuller #1 - High,Near spray pool,outdoor,0,ON,Remain,1,2.0,1,0,2.0,,
0004-01-02,3,4,Fuller,Fuller #1 - Low,Near spray pool,outdoor,0,ON,Remain,0,2.0,1,0,2.0,,
0004-01-BF,3,4,Fuller,Fuller #1 - Bottle Filler,Near spray pool,outdoor,1,ON,Remain,0,2.0,1,0,2.0,,
0004-02-01,3,4,Fuller,Fuller #2,Near basketball courts,outdoor,0,CONT,Fix/Replace LSL,0,2.0,1,0,2.0,,
0004-03-01,3,4,Fuller,Fuller #3 - High,Southeast of field house,outdoor,0,ON,Remain,1,2.0,1,0,2.0,,
0004-03-02,3,4,Fuller,Fuller #3 - Low,Southeast of field house,outdoor,0,ON,Remain,0,2.0,1,0,2.0,,
0004-03-BF,3,4,Fuller,Fuller #3 - Bottle Filler,Southeast of field house,outdoor,1,ON,Remain,0,2.0,1,0,2.0,,
0004-05-01,3,4,Fuller,Fuller #5,On pool deck,outdoor,0,CONT,Fix/Replace LSL,0,2.0,1,0,2.8,,
0004-06-01,3,4,Fuller,Main Lobby,,indoor,0,ON,Fix/Replace LSL,0,2.0,1,0,2.2,,
0004-07-01,3,4,Fuller,West Gym Hallway,,indoor,0,ON,Fix/Replace LSL,0,2.0,1,0,2.8,,
0004-08-01,3,4,Fuller,East Gym Hallway - High,,indoor,0,ON,Remain,0,2.0,1,0,2.0,,
0004-08-BF,3,4,Fuller,East Gym Hallway - Bottle Filler,,indoor,1,ON,Remain,0,3.0,1,0,3.0,,
0004-09-01,3,4,Fuller,Boxing Gym,,indoor,0,ON,Fix/Replace LSL,0,2.0,1,0,5.4,,
0004-10-01,3,4,Fuller,Kitchen Sink,,indoor,0,ON,Remain,0,2.0,1,0,2.0,,
0005-01-01,4,5,Cornell Square,Cornell Square #1,On pool deck,outdoor,0,CONT,Fix/Replace LSL,0,2.0,1,0,2.0,,
0005-02-01,4,5,Cornell Square,Cornell Square #2,In front of field house,outdoor,0,ON,Remain,1,,0,0,3.4,,
0005-03-01,4,5,Cornell Square,Cornell Square #3 - High,By spraypool,outdoor,0,ON,Remain,1,2.0,1,0,2.0,,
0005-03-02,4,5,Cornell Square,Cornell Square #3 - Middle,By spraypool,outdoor,0,ON,Remain,0,,0,0,2.0,,
0005-03-03,4,5,Cornell Square,Cornell Square #3 - Low,By spraypool,outdoor,0,ON,Remain,0,2.0,1,0,2.0,,
0005-06-01,4,5,Cornell Square,Near Entrance,,indoor,0,ON,Fix/Replace LSL,0,2.0,1,0,8.7,,
0005-07-01,4,5,Cornell Square,Kitchen Sink,,indoor,0,ON,Remain,0,2.0,1,0,2.0,,
0006-03-01,5,6,Russell Square,Russell Square #3,POOL DECK,outdoor,0,CONT,Fix/Replace LSL,0,,0,0,2.0,,
0006-04-01,5,6,Russell Square,Russell Square #4 - High,"3RD BASE LINE OF WEST DIAMOND, ON PATH",outdoor,0,ON,Remain,1,,0,0,2.0,,
0006-04-02,5,6,Russell Square,Russell Square #4 - Low,"3RD BASE LINE OF WEST DIAMOND, ON PATH",outdoor,0,ON,Remain,0,,0,0,2.0,,
0006-04-BF,5,6,Russell Square,Russell Square #4 - Bottle Filler,"3RD BASE LINE OF WEST DIAMOND, ON PATH",outdoor,1,ON,Remain,0,,0,0,2.0,,
0006-05-01,5,6,Russell Square,Russell Square #5 - High,PLAYGROUND,outdoor,0,ON,Remain,1,,0,0,2.0,,
0006-05-02,5,6,Russell Square,Russell Square #5 - Low,PLAYGROUND,outdoor,0,ON,Remain,0,,0,0,,,
0006-05-BF,5,6,Russell Square,Russell Square #5 - Bottle Filler,PLAYGROUND,outdoor,1,ON,Remain,0,,0,0,,,
0006-06-01,5,6,Russell Square,Russell Square #6 - High,"NORTHWEST OF TENNIS COURTS, ON PATH",outdoor,0,ON,Remain,1,2.0,1,1,42.0,,
0006-06-02,5,6,Russell Square,Russell Square #6 - Low,"NORTHWEST OF TENNIS COURTS, ON PATH",outdoor,0,ON,Remain,0,2.0,1,0,2.0,,
0006-06-BF,5,6,Russell Square,Russell Square #6 - Bottle Filler,"NORTHWEST OF TENNIS COURTS, ON PATH",outdoor,1,ON,Remain,0,,0,0,,,
0006-07-01,5,6,Russell Square,Northwest Hallway - Bottle Filler,,indoor,1,ON,Fix/Replace LSL,0,2.0,1,0,3.8,,
0006-07-02,5,6,Russell Square,Northwest Hallway - Bubbler,,indoor,0,ON,Fix/Replace LSL,0,2.0,1,0,2.0,,
0006-08-01,5,6,Russell Square,Kitchen Sink,,indoor,0,ON,Fix/Replace LSL,0,4.9,1,0,4.9,,
0007-01-01,6,7,Sherman,Sherman #1 - High,POOL DECK,outdoor,0,ON,Remain,1,2.0,1,0,2.0,,
0007-01-02,6,7,Sherman,Sherman #1 - Low,POOL DECK,outdoor,0,ON,Remain,0,2.0,1,0,2.0,,
0007-02-01,6,7,Sherman,Sherman #2 - High,SOUTH OF NORTH PLAYGROUND,outdoor,0,ON,Remain,0,,0,0,2.0,,
0007-02-02,6,7,Sherman,Sherman #2 - Middle,SOUTH OF NORTH PLAYGROUND,outdoor,0,ON,Remain,0,,0,0,2.0,,
0007-02-03,6,7,Sherman,Sherman #2 - Low,SOUTH OF NORTH PLAYGROUND,outdoor,0,ON,Remain,0,,0,0,2.0,,
0007-04-01,6,7,Sherman,Sherman #4 - High,EAST SIDE OF FIELDHOUSE,outdoor,0,ON,Remain,1,2.0,1,0,2.0,,
0007-04-02,6,7,Sherman,Sherman #4 - Low,EAST SIDE OF FIELDHOUSE,outdoor,0,ON,Remain,0,2.0,1,0,2.0,,
0007-05-01,6,7,Sherman,Sherman #5 - High,WEST OF LIBRARY,outdoor,0,ON,Remain,1,2.0,1,0,2.0,,
0007-05-02,6,7,Sherman,Sherman #5 - Low,WEST OF LIBRARY,outdoor,0,ON,Remain,0,2.0,1,0,2.0,,
0007-05-BF,6,7,Sherman,Sherman #5 - Bottle Filler,WEST OF LIBRARY,outdoor,1,ON,Remain,0,2.0,1,0,2.0,,
0007-06-01,6,7,Sherman,Sherman #6 - High,NORTH OF SOUTH PLAYGROUND,outdoor,0,ON,Remain,1,,0,0,,,
0007-06-02,6,7,Sherman,Sherman #6 - Low,NORTH OF SOUTH PLAYGROUND,outdoor,0,ON,Remain,0,2.0,1,0,2.0,,
0007-06-BF,6,7,Sherman,Sherman #6 - Bottle Filler,NORTH OF SOUTH PLAYGROUND,outdoor,1,ON,Remain,0,2.0,1,0,2.0,,
0007-07-01,6,7,Sherman,Lobby,,indoor,0,ON,Remain,0,2.0,1,0,2.0,,
0007-08-01,6,7,Sherman,Women's Locker Room - High,,indoor,0,ON,Remain,0,2.0,1,0,2.0,,
0007-08-02,6,7,Sherman,Women's Locker Room - Low,,indoor,0,ON,Remain,0,2.0,1,0,2.0,,
0007-09-01,6,7,Sherman,Men's Locker Room - High,,indoor,0,ON,Remain,0,2.0,1,0,2.0,,
0007-09-02,6,7,Sherman,Men's Locker Room - Low,,indoor,0,ON,Remain,0,2.0,1,0,2.0,,
0007-10-01,6,7,Sherman,Kitchen Sink,,indoor,0,ON,Remain,0,2.0,1,0,2.0,,
0008-01-01,7,8,Ogden,Ogden #1 - High,"ON PATH FROM 64TH AND RACINE ENTRANCE, NORTHWEST SIDE OF TRACK",outdoor,0,ON,Remain,1,2.0,1,0,2.0,,
0008-01-02,7,8,Ogden,Ogden #1 - Low,"ON PATH FROM 64TH AND RACINE ENTRANCE, NORTHWEST SIDE OF TRACK",outdoor,0,ON,Remain,0,2.0,1,0,2.0,,
0008-01-BF,7,8,Ogden,Ogden #1 - Bottle Filler,"ON PATH FROM 64TH AND RACINE ENTRANCE, NORTHWEST SIDE OF TRACK",outdoor,1,ON,Remain,0,2.0,1,0,2.0,,
0008-02-01,7,8,Ogden,Ogden #2 - High,ON PATH NEAR 65TH AND LOOMIS ENTRANCE,outdoor,0,ON,Remain,1,2.0,1,0,7.9,,
0008-02-03,7,8,Ogden,Ogden #2 - Low,ON PATH NEAR 65TH AND LOOMIS ENTRANCE,outdoor,0,ON,Remain,0,2.4,1,0,3.6,,
0008-02-BF,7,8,Ogden,Ogden #2 - Bottle Filler,ON PATH NEAR 65TH AND LOOMIS ENTRANCE,outdoor,1,ON,Remain,0,3.6,1,0,8.2,,
0008-03-01,7,8,Ogden,Ogden #3 - High,POOLDECK,outdoor,0,ON,Remain,0,2.0,1,0,2.0,,
0008-03-02,7,8,Ogden,Ogden #3 - Low,POOLDECK,outdoor,0,ON,Remain,0,,0,0,2.0,,
0008-04-01,7,8,Ogden,Ogden #4 - High,NORTH OF GAZEBO SHED/SPRAY POOL PUMP ROOM,outdoor,0,CONT,Remain,0,2.0,1,0,2.0,,
0008-04-02,7,8,Ogden,Ogden #4 - Low,NORTH OF GAZEBO SHED/SPRAY POOL PUMP ROOM,outdoor,0,CONT,Remain,0,2.0,1,0,2.0,,
0008-06-01,7,8,Ogden,Ogden #6 - North,"On basketball courts, west of fieldhouse",outdoor,0,ON,Remain,1,,0,0,2.0,,
0008-06-02,7,8,Ogden,Ogden #6 - Northeast,"On basketball courts, west of fieldhouse",outdoor,0,ON,Remain,0,,0,0,2.0,,
0008-06-03,7,8,Ogden,Ogden #6 - Northwest,"On basketball courts, west of fieldhouse",outdoor,0,ON,Remain,0,,0,0,2.0,,
0008-06-04,7,8,Ogden,Ogden #6 - Southwest,"On basketball courts, west of fieldhouse",outdoor,0,ON,Remain,0,,0,0,2.0,,
0008-06-05,7,8,Ogden,Ogden #6 - Southeast,"On basketball courts, west of fieldhouse",outdoor,0,ON,Remain,0,,0,0,2.0,,
0008-07-01,7,8,Ogden,Lobby - High,,indoor,0,ON,Remain,0,2.0,1,0,2.0,,
0008-07-02,7,8,Ogden,Lobby - Bottle Filler,,indoor,1,ON,Remain,0,2.0,1,0,2.0,,
0008-08-01,7,8,Ogden,North Lobby,,indoor,0,ON,Remain,0,2.0,1,0,2.0,,
0008-09-01,7,8,Ogden,Kitchen Sink,,indoor,0,ON,Remain,0,2.2,1,0,2.2,,
0009-01-01,8,9,Hamilton,Hamilton #1 - High,"WEST SIDE OF FIELDHOUSE, ON PATH",outdoor,0,ON,Remain,1,2.0,1,0,2.0,,
0009-01-02,8,9,Hamilton,Hamilton #1 - Low,"WEST SIDE OF FIELDHOUSE, ON PATH",outdoor,0,ON,Remain,0,2.0,1,0,2.0,,
0009-01-BF,8,9,Hamilton,Hamilton #1 - Bottle Filler,"WEST SIDE OF FIELDHOUSE, ON PATH",outdoor,1,ON,Remain,0,,0,0,2.0,,
0009-02-01,8,9,Hamilton,Hamilton #2 - High,SOUTH SIDE OF PLAYGROUND,outdoor,0,ON,Remain,0,2.0,1,0,2.0,,
0009-02-02,8,9,Hamilton,Hamilton #2 - Middle,SOUTH SIDE OF PLAYGROUND,outdoor,0,ON,Remain,0,2.0,1,0,2.0,,
0009-02-03,8,9,Hamilton,Hamilton #2 - Low,SOUTH SIDE OF PLAYGROUND,outdoor,0,ON,Remain,0,2.0,1,0,2.0,,
0009-03-01,8,9,Hamilton,Hamilton #3 - High,POOL DECK,outdoor,0,CONT,Fix/Replace LSL,0,2.0,1,0,2.0,,
0009-03-02,8,9,Hamilton,Hamilton #3 - Low,POOL DECK,outdoor,0,CONT,Fix/Replace LSL,0,2.0,1,0,2.0,,
0009-04-01,8,9,Hamilton,Hamilton #4 - High,"SOUTHEAST CORNER, ON CENTRAL WALKING PATH",outdoor,0,ON,Remain,1,2.0,1,0,2.0,,
0009-04-02,8,9,Hamilton,Hamilton #4 - Low,"SOUTHEAST CORNER, ON CENTRAL WALKING PATH",outdoor,0,ON,Remain,0,2.0,1,0,2.0,,
0009-04-BF,8,9,Hamilton,Hamilton #4 - Bottle Filler,"SOUTHEAST CORNER, ON CENTRAL WALKING PATH",outdoor,1,ON,Remain,0,2.0,1,0,2.0,,
0009-05-01,8,9,Hamilton,Main Lobby - East Side - Bubbler,,indoor,0,ON,Remain,0,2.0,1,0,2.0,,
0009-05-BF,8,9,Hamilton,Main Lobby - East Side - Bottle Filler,,indoor,1,ON,Remain,0,2.0,1,0,2.0,,
0009-06-01,8,9,Hamilton,Main Lobby - West Side,,indoor,0,ON,Remain,1,2.0,1,0,2.0,,
0009-07-01,8,9,Hamilton,Kitchen Sink,,indoor,0,ON,Remain,0,2.0,1,0,2.0,,
0010-01-01,9,10,Marquette,Marquette #1 - High,"WEST OF SPRAYPOOL, EAST OF PLAYGROUND, SOUTH OF 67TH",outdoor,0,CONT,Fix/Replace LSL,0,2.0,1,0,2.0,,
0010-01-02,9,10,Marquette,Marquette #1 - Middle,"WEST OF SPRAYPOOL, EAST OF PLAYGROUND, SOUTH OF 67TH",outdoor,0,CONT,Fix/Replace LSL,0,2.0,1,0,2.0,,
0010-01-03,9,10,Marquette,Marquette #1 - Low,"WEST OF SPRAYPOOL, EAST OF PLAYGROUND, SOUTH OF 67TH",outdoor,0,CONT,Fix/Replace LSL,0,2.0,1,0,2.0,,
0010-02-01,9,10,Marquette,Marquette #2,"SOUTHEAST OF LANDSCAPE YARD ENTRANCE, WEST OF TENNIS COURTS",outdoor,0,ON,Remain,1,,0,0,2.0,,
0010-03-01,9,10,Marquette,Marquette #3 - High,NORTH OF ROSE GARDEN,outdoor,0,ON,Remain,1,2.0,1,0,2.0,,
0010-03-02,9,10,Marquette,Marquette #3 - Low,NORTH OF ROSE GARDEN,outdoor,0,ON,Remain,0,2.0,1,0,2.0,,
0010-04-01,9,10,Marquette,Marquette #4 - High,SOUTHWEST CORNER OF KEDZIE AND REDFIELD,outdoor,0,ON,Remain,1,2.0,1,0,5.8,,
0010-04-02,9,10,Marquette,Marquette #4 - Low,SOUTHWEST CORNER OF KEDZIE AND REDFIELD,outdoor,0,ON,Remain,0,2.0,1,0,2.0,,
0010-04-BF,9,10,Marquette,Marquette #4 - BF,SOUTHWEST CORNER OF KEDZIE AND REDFIELD,outdoor,1,ON,Remain,0,2.0,1,0,2.0,,
0010-05-01,9,10,Marquette,Marquette #5 - High,"SOUTHEAST PLAYGROUND, NORTH OF 71ST",outdoor,0,ON,Remain,1,2.0,1,1,20.9,,
0010-05-02,9,10,Marquette,Marquette #5 - Low,"SOUTHEAST PLAYGROUND, NORTH OF 71ST",outdoor,0,ON,Remain,0,2.0,1,0,2.0,,
0010-05-BF,9,10,Marquette,Marquette #5 - Bottle Filler,"SOUTHEAST PLAYGROUND, NORTH OF 71ST",outdoor,1,ON,Remain,0,,0,0,2.0,,
0010-07-01,9,10,Marquette,Marquette #7,"WEST OF EAST COMFORT STATION, SOUTH OF SOCCER",outdoor,0,CONT,Fix/Replace LSL,0,,0,0,,,
0010-09-01,9,10,Marquette,Marquette #9,"WEST OF CALIFORNIA, EAST OF TENNIS",outdoor,0,CONT,Fix/Replace LSL,0,,0,0,,,
0010-10-01,9,10,Marquette,Marquette #10 - High,"CORNER OF REDFIELD AND SACRAMENTO, NORTH SIDE",outdoor,0,CONT,Fix/Replace LSL,0,2.0,1,0,2.0,,
0010-10-02,9,10,Marquette,Marquette #10 - Low,"CORNER OF REDFIELD AND SACRAMENTO, NORTH SIDE",outdoor,0,CONT,Fix/Replace LSL,0,2.0,1,0,2.0,,
0010-11-01,9,10,Marquette,Marquette #11,SOUTH OF TRACK AT COMFORT STATION,outdoor,0,ON,Remain,1,,0,0,,,
0010-12-01,9,10,Marquette,Marquette #12 - High,SOUTH OF FIELDHOUSE,outdoor,0,ON,Remain,0,2.0,1,0,2.0,,
0010-12-02,9,10,Marquette,Marquette #12 - Low,SOUTH OF FIELDHOUSE,outdoor,0,ON,Remain,0,2.0,1,0,2.0,,
0010-13-01,9,10,Marquette,East Washroom - High,,indoor,0,ON,Remain,0,2.0,1,0,2.0,,
0010-13-02,9,10,Marquette,East Washroom - Low,,indoor,0,ON,Remain,0,2.0,1,0,2.0,,
0010-14-01,9,10,Marquette,Women's Locker Room - High,,indoor,0,ON,Fix/Replace LSL,0,2.0,1,0,2.8,,
0010-14-02,9,10,Marquette,Women's Locker Room - Low,,indoor,0,ON,Fix/Replace LSL,0,2.0,1,0,3.0,,
0010-15-01,9,10,Marquette,West Lobby,,indoor,0,ON,Remain,0,2.0,1,0,2.0,,
0010-16-01,9,10,Marquette,Basement,,indoor,0,ON,Fix/Replace LSL,0,4.5,1,0,8.5,,
0010-17-01,9,10,Marquette,Kitchen Sink,,indoor,0,ON,Remain,0,2.0,1,0,2.0,,
0011-01-01,10,11,Calumet,Calumet #1,IN SERVICE YARD,outdoor,0,CONT,Remain,1,,0,0,2.0,,
0011-02-01,10,11,Calumet,Calumet #2,"ON FOREMAN, WEST OF HELOPAD ENTRANCE",outdoor,0,ON,Remain,1,,0,0,,,
0011-03-01,10,11,Calumet,Calumet #3 - High,ACROSS FROM SERVICE YARD,outdoor,0,ON,Remain,1,2.0,1,0,2.0,,
0011-03-02,10,11,Calumet,Calumet #3 - Low,ACROSS FROM SERVICE YARD,outdoor,0,ON,Remain,0,2.0,1,0,2.0,,
0011-03-BF,10,11,Calumet,Calumet #3 - BF,ACROSS FROM SERVICE YARD,outdoor,1,ON,Remain,0,2.0,1,0,2.0,,
0011-04-01,10,11,Calumet,Calumet #4 - High,CALUMET COMFORT STATION,outdoor,0,CONT,Fix/Replace LSL,0,2.0,1,0,2.0,,
0011-04-02,10,11,Calumet,Calumet #4 - Low,CALUMET COMFORT STATION,outdoor,0,CONT,Fix/Replace LSL,0,2.0,1,0,2.0,,
0011-05-01,10,11,Calumet,Calumet #5,100 YARDS SOUTH OF COMFORT STATION,outdoor,0,ON,Fix/Replace LSL,0,2.0,1,0,2.0,,
0011-06-01,10,11,Calumet,Calumet #6,NORTH OF FIELDHOUSE ON PATH,outdoor,0,ON,Fix/Replace LSL,0,,0,0,,,
0011-08-01,10,11,Calumet,Calumet #8 - High,EAST SIDE OF FIELDHOUSE,outdoor,0,ON,Remain,1,2.0,1,0,2.0,,
0011-08-02,10,11,Calumet,Calumet #8 - Low,EAST SIDE OF FIELDHOUSE,outdoor,0,ON,Remain,0,2.0,1,0,2.0,,
0011-08-BF,10,11,Calumet,Calumet #8 - Bottle Filler,EAST SIDE OF FIELDHOUSE,outdoor,1,ON,Remain,0,2.0,1,0,2.0,,
0011-09-01,10,11,Calumet,Calumet #9 - High,EAST OF FIELDHOUSE ACROSS STREET,outdoor,0,ON,Remain,1,2.0,1,0,2.0,,
0011-09-02,10,11,Calumet,Calumet #9 - Low,EAST OF FIELDHOUSE ACROSS STREET,outdoor,0,ON,Remain,0,2.0,1,0,2.0,,
0011-11-01,10,11,Calumet,Calumet #11 - High,CALUMET PLAYGROUND,outdoor,0,CONT,Fix/Replace LSL,0,2.0,1,0,4.9,,
0011-11-02,10,11,Calumet,Calumet #11 - Low,CALUMET PLAYGROUND,outdoor,0,CONT,Fix/Replace LSL,0,2.0,1,0,2.0,,
0011-12-01,10,11,Calumet,Calumet #12,BEACH HOUSE,outdoor,0,CONT,Fix/Replace LSL,0,2.0,1,0,2.0,,
0011-14-01,10,11,Calumet,Hall Outside Women's Restroom - High,,indoor,0,ON,Remain,0,2.0,1,0,2.0,,
0011-14-02,10,11,Calumet,Hall Outside Women's Restroom - Low,,indoor,0,ON,Remain,0,2.0,1,0,2.0,,
0011-14-BF,10,11,Calumet,Hall Outside Women's Restroom - Bottle Filler,,indoor,1,ON,Remain,0,2.0,1,0,2.0,,
0011-15-01,10,11,Calumet,Hall Outside Preschool - High,,indoor,0,ON,Remain,0,2.0,1,0,2.0,,
0011-15-02,10,11,Calumet,Hall Outside Preschool - Low,,indoor,0,ON,Remain,0,2.0,1,0,2.0,,
0011-15-BF,10,11,Calumet,Hall Outside Preschool - Bottle Filler,,indoor,1,ON,Remain,0,2.0,1,0,2.0,,
0011-16-01,10,11,Calumet,Women's Locker Room,,indoor,0,OFF,Fix/Replace LSL,0,,0,1,75.0,,
0011-17-01,10,11,Calumet,Men's Locker Room,,indoor,0,ON,Fix/Replace LSL,0,2.0,1,0,9.6,,
0011-18-01,10,11,Calumet,Basement Near Train Room,,indoor,0,OFF,Fix/Replace LSL,0,,0,0,3.6,,
0011-19-01,10,11,Calumet,East Kitchen Sink,,indoor,0,ON,Fix/Replace LSL,0,2.0,1,0,12.9,,
0011-20-01,10,11,Calumet,West Kitchen Sink,,indoor,0,ON,Fix/Replace LSL,0,2.8,1,1,41.6,,
0012-01-01,11,12,Bessemer,Bessemer #1 - High,EAST END OF RUNNING TRACK,outdoor,0,ON,Remain,1,2.0,1,0,6.8,,
0012-01-02,11,12,Bessemer,Bessemer #1 - Low,EAST END OF RUNNING TRACK,outdoor,0,ON,Remain,0,2.0,1,0,6.3,,
0012-02-01,11,12,Bessemer,Bessemer #2,ON POOL DECK,outdoor,0,ON,Remain,0,2.0,1,0,2.0,,
0012-03-01,11,12,Bessemer,Bessemer #3,SOUTHWEST AREA OF PARKING LOT,outdoor,0,CONT,Fix/Replace LSL,0,,0,0,2.0,,
0012-05-01,11,12,Bessemer,Bessemer #5 - High,50' NORTH OF SOUTH CHICAGO BETWEEN BASEBALL DIAMONDS,outdoor,0,ON,Remain,0,,0,0,2.0,,
0012-05-02,11,12,Bessemer,Bessemer #5 - Low,50' NORTH OF SOUTH CHICAGO BETWEEN BASEBALL DIAMONDS,outdoor,0,ON,Remain,0,,0,0,2.0,,
0012-05-BF,11,12,Bessemer,Bessemer #5 - Bottle Filler,50' NORTH OF SOUTH CHICAGO BETWEEN BASEBALL DIAMONDS,outdoor,1,ON,Remain,1,,0,0,2.0,,
0012-06-01,11,12,Bessemer,Lobby - North Entrance - Bottle Filler,,indoor,1,ON,Remain,0,2.0,1,0,2.0,,
0012-06-02,11,12,Bessemer,Lobby - North Entrance - Bubbler,,indoor,0,ON,Remain,0,2.0,1,0,2.0,,
0012-06-BF,11,12,Bessemer,Bessemer #6 - Bottle Filler,Behind Pool,outdoor,1,ON,Remain,0,,0,0,,,
0012-07-01,11,12,Bessemer,Lobby - South Entrance,,indoor,0,ON,Fix/Replace LSL,0,2.0,1,0,11.0,,
0012-08-01,11,12,Bessemer,Kitchen Sink,,indoor,0,ON,Remain,0,2.0,1,0,2.0,,
0013-01-01,12,13,Palmer,Palmer #1 - High,POOL DECK NEAR WATERSLIDE,outdoor,0,ON,Remain,0,2.0,1,0,2.0,,
0013-01-02,12,13,Palmer,Palmer #1 - Low,POOL DECK NEAR WATERSLIDE,outdoor,0,ON,Remain,0,2.0,1,0,2.0,,
0013-02-01,12,13,Palmer,Palmer #2 - High,RUNNING TRACK NEXT TO FILTER ROOM,outdoor,0,ON,Remain,0,2.0,1,0,2.0,,
0013-02-02,12,13,Palmer,Palmer #2 - Low,RUNNING TRACK NEXT TO FILTER ROOM,outdoor,0,ON,Remain,0,2.0,1,0,2.0,,
0013-03-01,12,13,Palmer,Palmer #3 - High,EAST OF PLAYGROUND EAST OF SPRAYPOOL,outdoor,0,ON,Remain,0,,0,0,2.0,,
0013-03-02,12,13,Palmer,Palmer #3 - Low,EAST OF PLAYGROUND EAST OF SPRAYPOOL,outdoor,0,ON,Remain,0,2.0,1,0,6.0,,
0013-04-01,12,13,Palmer,Palmer #4 - High,"BETWEEN TENNIS COURTS AND BASKETBALL COURT, ON CENTRAL PATH",outdoor,0,ON,Remain ,0,2.0,1,0,2.0,,
0013-04-02,12,13,Palmer,Palmer #4 - Low,"BETWEEN TENNIS COURTS AND BASKETBALL COURT, ON CENTRAL PATH",outdoor,0,ON,Remain ,0,2.0,1,0,2.0,,
0013-04-BF,12,13,Palmer,Palmer #4 - BF,"BETWEEN TENNIS COURTS AND BASKETBALL COURT, ON CENTRAL PATH",outdoor,1,ON,Remain ,1,2.0,1,0,2.0,,
0013-06-01,12,13,Palmer,Palmer #6,"SOUTH SIDE OF PARK, AT ABOUT CALUMET, ON CENTRAL PATH",outdoor,0,ON,Remain,0,,0,0,2.0,,
0013-07-01,12,13,Palmer,Palmer #7,"BEHIND FIRST BASE OF WEST DIAMOND, IN FIELD",outdoor,0,OFF,Remove,0,,0,1,40.0,,
0013-08-01,12,13,Palmer,Palmer #8,BEHIND HOME PLATE OF WEST DIAMOND,outdoor,0,CONT,Remain ,0,,0,0,3.9,,
0013-10-01,12,13,Palmer,Main Level - Hallway,,indoor,0,ON,Remain,0,2.0,1,0,2.0,,
0013-11-01,12,13,Palmer,Ceramics Building - Club Room - High,,indoor,0,ON,Fix/Replace LSL,0,2.0,1,0,2.0,,
0013-11-02,12,13,Palmer,Ceramics Building - Club Room - Low,,indoor,0,ON,Fix/Replace LSL,0,2.0,1,0,2.0,,
0013-12-01,12,13,Palmer,Men's Gym Building - Lobby,,indoor,0,ON,Remain,0,2.0,1,0,2.0,,
0013-13-01,12,13,Palmer,Kitchen Sink,,indoor,0,OFF,Fix/Replace LSL,0,10.6,1,0,10.6,,
0013-14-01,12,13,Palmer,Dance & Fitness Bldg. - Kitchen Sink,,indoor,0,ON,Remain,0,2.0,1,0,2.0,,
0014-01-01,13,14,Davis Square,Davis Square #1 - High,Pool deck,outdoor,0,ON,Remain,0,2.0,1,0,2.0,,
0014-01-02,13,14,Davis Square,Davis Square #1 - Low,Pool deck,outdoor,0,ON,Remain,0,2.0,1,0,2.0,,
0014-03-01,13,14,Davis Square,Davis Square #3 - High,Playlot,outdoor,0,ON,Remain,1,2.0,1,0,2.0,,
0014-03-02,13,14,Davis Square,Davis Square #3 - Low,Playlot,outdoor,0,ON,Remain,0,2.0,1,0,2.0,,
0014-04-01,13,14,Davis Square,1st Floor - Near Elevator - Bubbler,,indoor,0,ON,Remain,0,2.0,1,0,2.0,,
0014-04-BF,13,14,Davis Square,1st Floor - Near Elevator - Bottle Filler,,indoor,1,ON,Remain,0,2.0,1,0,2.0,,
0014-05-01,13,14,Davis Square,2nd Floor - Near Special Rec - High,,indoor,0,ON,Remain,0,2.0,1,0,2.0,,
0014-05-02,13,14,Davis Square,2nd Floor - Near Special Rec - Low,,indoor,0,ON,Remain,0,2.0,1,0,2.0,,
0014-06-01,13,14,Davis Square,1st Floor - Kitchen Sink,,indoor,0,ON,Remain,0,4.1,1,0,4.1,,
0014-07-01,13,14,Davis Square,2nd Floor - Kitchen Sink,,indoor,0,ON,Remain,0,2.0,1,0,2.0,,
0014-08-01,13,14,Davis Square,1st Floor - Near Gym,,indoor,0,ON,Remain,0,2.0,1,0,2.0,,
0014-09-01,13,14,Davis Square,1st Floor - Learning Center Sink,,indoor,0,ON,Remain,0,2.0,1,0,2.0,,
0015-01-01,14,15,Grand Crossing,Grand Crossing #1 - High,"EAST DOOR TO FIELDHOUSE, BY BASKETBALL COURT",outdoor,0,CONT,Fix/Replace LSL,0,2.0,1,0,4.4,,
0015-01-02,14,15,Grand Crossing,Grand Crossing #1 - Low,"EAST DOOR TO FIELDHOUSE, BY BASKETBALL COURT",outdoor,0,CONT,Fix/Replace LSL,0,2.0,1,0,6.3,,
0015-06-01,14,15,Grand Crossing,Grand Crossing #6 - High,WEST SIDE OF PARKING LOT,outdoor,0,ON,Remain,1,2.0,1,1,82.6,,
0015-06-02,14,15,Grand Crossing,Grand Crossing #6 - Low,WEST SIDE OF PARKING LOT,outdoor,0,ON,Remain,0,2.0,1,1,93.5,,
0015-07-01,14,15,Grand Crossing,Grand Crossing #7 - High,"WEST DOOR TO FIELDHOUSE, EAST OF PLAYGROUND",outdoor,0,CONT,Fix/Replace LSL,0,2.0,1,0,2.0,,
0015-07-02,14,15,Grand Crossing,Grand Crossing #7 - Low,"WEST DOOR TO FIELDHOUSE, EAST OF PLAYGROUND",outdoor,0,CONT,Fix/Replace LSL,0,2.0,1,0,2.0,,
0015-08-01,14,15,Grand Crossing,Grand Crossing #8 - High,POOL DECK,outdoor,0,OFF,Fix/Replace LSL,0,2.0,1,0,2.0,,
0015-08-02,14,15,Grand Crossing,Grand Crossing #8 - Low,POOL DECK,outdoor,0,CONT,Fix/Replace LSL,0,47.2,1,1,76.6,,
0015-09-01,14,15,Grand Crossing,Lobby - South -Bottle Filler,,indoor,1,ON,Fix/Replace LSL,0,2.0,1,0,9.7,,
0015-09-02,14,15,Grand Crossing,Lobby - South - Bubbler,,indoor,0,ON,Fix/Replace LSL,0,2.0,1,0,2.4,,
0015-10-01,14,15,Grand Crossing,Lobby - North,,indoor,0,ON,Fix/Replace LSL,0,2.0,1,0,2.2,,
0015-11-01,14,15,Grand Crossing,2nd Floor - Kitchen Sink,,indoor,0,ON,Remain,0,2.0,1,0,2.0,,
0016-01-01,15,16,Trumbull,Trumbull #1 - High,FIRST BASE LINE OF NORTHEAST DIAMOND,outdoor,0,ON,Remain,1,2.0,1,0,2.0,,
0016-01-02,15,16,Trumbull,Trumbull #1 - Low,FIRST BASE LINE OF NORTHEAST DIAMOND,outdoor,0,ON,Remain,0,2.0,1,0,2.0,,
0016-01-BF,15,16,Trumbull,Trumbull #1 - Bottle Filler,FIRST BASE LINE OF NORTHEAST DIAMOND,outdoor,0,ON,Remain,0,2.0,1,0,2.0,,
0016-03-01,15,16,Trumbull,Trumbull #3 - North,"NORTH SIDE OF FIELDHOUSE, ON PATH",outdoor,0,CONT,Fix/Replace LSL,1,2.0,1,0,2.0,,
0016-03-02,15,16,Trumbull,Trumbull #3 - South,"NORTH SIDE OF FIELDHOUSE, ON PATH",outdoor,0,CONT,Fix/Replace LSL,0,2.0,1,0,2.0,,
0016-03-03,15,16,Trumbull,Trumbull #3 - East,"NORTH SIDE OF FIELDHOUSE, ON PATH",outdoor,0,CONT,Fix/Replace LSL,0,2.0,1,0,2.0,,
0016-03-04,15,16,Trumbull,Trumbull #3 - West,"NORTH SIDE OF FIELDHOUSE, ON PATH",outdoor,0,CONT,Fix/Replace LSL,0,2.0,1,0,2.0,,
0016-04-01,15,16,Trumbull,Trumbull #4,ON RUNNING TRACK,outdoor,0,ON,Remain,1,,0,0,2.0,,
0016-05-01,15,16,Trumbull,Trumbull #5 - High,EAST OF FIELDHOUSE,outdoor,0,ON,Remain ,1,2.0,1,0,2.0,,
0016-05-02,15,16,Trumbull,Trumbull #5 - Low,EAST OF FIELDHOUSE,outdoor,0,ON,Remain ,0,2.0,1,0,2.2,,
0016-06-01,15,16,Trumbull,Trumbull #6 - High,POOL DECK,outdoor,0,CONT,Fix/Replace LSL,0,2.0,1,0,2.0,,
0016-06-02,15,16,Trumbull,Trumbull #6 - Low,POOL DECK,outdoor,0,CONT,Fix/Replace LSL,0,2.0,1,0,2.0,,
0016-07-01,15,16,Trumbull,Main Lobby - Bubbler,,indoor,0,ON,Remain,0,2.0,1,0,2.0,,
0016-07-BF,15,16,Trumbull,Main Lobby - Bottle Filler,,indoor,1,ON,Remain,0,2.0,1,0,2.0,,
0016-08-01,15,16,Trumbull,2nd Floor Near Washrooms,,indoor,0,ON,Remain,0,2.0,1,0,2.0,,
0016-09-01,15,16,Trumbull,North Lobby Near Gym - Bottle Filler,,indoor,1,ON,Fix/Replace LSL,0,,0,0,2.0,,
0016-09-02,15,16,Trumbull,North Lobby Near Gym - Bubbler,,indoor,0,ON,Fix/Replace LSL,0,2.0,1,0,2.0,,
0016-10-01,15,16,Trumbull,Men's Locker Room,,indoor,0,OFF,Fix/Replace LSL,0,,0,1,55.9,,
0016-11-01,15,16,Trumbull,1st Floor Kitchen Sink,,indoor,0,OFF,Remain,0,8.7,1,1,72.3,,
0016-12-01,15,16,Trumbull,2nd Floor Kitchen Sink,,indoor,0,ON,Fix/Replace LSL,0,5.8,1,0,10.0,,
0017-02-01,16,17,Mann,Mann #2 - High,EAST ENTRANCE OFF CARONDOLET,outdoor,0,OFF,Fix/Replace LSL,0,,0,1,15.9,,
0017-02-02,16,17,Mann,Mann #2 - Low,EAST ENTRANCE OFF CARONDOLET,outdoor,0,OFF,Fix/Replace LSL,0,,0,1,54.4,,
0017-03-01,16,17,Mann,Mann #3 - High,PLAYGROUND NEAR TENNIS COURT,outdoor,0,CONT,Fix/Replace LSL,0,2.0,1,0,2.0,,
0017-03-02,16,17,Mann,Mann #3 - Low,PLAYGROUND NEAR TENNIS COURT,outdoor,0,CONT,Fix/Replace LSL,0,2.0,1,0,2.0,,
0017-05-01,16,17,Mann,Pool Deck - High,,indoor,0,ON,Fix/Replace LSL,0,,0,1,36.4,,
0017-05-02,16,17,Mann,Pool Deck - Low,,indoor,0,ON,Fix/Replace LSL,0,316.0,1,1,316.0,,
0017-06-01,16,17,Mann,Women's Upstairs Locker,,indoor,0,OFF,Fix/Replace LSL,0,60.1,1,1,60.1,,
0017-07-01,16,17,Mann,Men's Upstairs Locker - High,,indoor,0,OFF,Fix/Replace LSL,0,51.0,1,1,51.0,,
0017-07-02,16,17,Mann,Men's Upstairs Locker - Low,,indoor,0,OFF,Fix/Replace LSL,0,41.5,1,1,41.5,,
0017-08-01,16,17,Mann,Downstairs Near Washrooms - High,,indoor,0,OFF,Fix/Replace LSL,0,68.3,1,1,68.3,,
0017-08-02,16,17,Mann,Downstairs Near Washrooms - Low,,indoor,0,OFF,Fix/Replace LSL,0,508.0,1,1,508.0,,
0017-09-01,16,17,Mann,Downstairs - Kitchen Sink,,indoor,0,ON,Fix/Replace LSL,0,5.6,1,0,5.6,,
0018-02-01,17,18,Tuley,Tuley #2 - High,NEXT TO TENNIS COURTS,outdoor,0,ON,Remain,1,2.0,1,0,2.0,,
0018-02-02,17,18,Tuley,Tuley #2 - Low,NEXT TO TENNIS COURTS,outdoor,0,ON,Remain,0,2.0,1,0,2.0,,
0018-03-01,17,18,Tuley,Tuley #3,COURTYARD NORTH,outdoor,0,CONT,Fix/Replace LSL,0,,0,0,2.0,,
0018-04-01,17,18,Tuley,Tuley #4,COURTYARD SOUTH,outdoor,0,OFF,Remove,0,,0,0,2.0,,
0018-05-01,17,18,Tuley,Tuley #5,NORTH POOL DECK,outdoor,0,OFF,Remove,0,2.0,1,0,2.0,,
0018-06-01,17,18,Tuley,Tuley #6,SOUTH POOL DECK,outdoor,0,CONT,Fix/Replace LSL,0,2.0,1,0,2.0,,
0018-07-01,17,18,Tuley,Tuley #7 - High,WEST OF BASKETBALL COURTS,outdoor,0,CONT,Fix/Replace LSL,0,2.0,1,0,2.0,,
0018-07-02,17,18,Tuley,Tuley #7 - Middle,WEST OF BASKETBALL COURTS,outdoor,0,CONT,Fix/Replace LSL,0,,0,0,2.0,,
0018-07-03,17,18,Tuley,Tuley #7 - Low,WEST OF BASKETBALL COURTS,outdoor,0,CONT,Fix/Replace LSL,0,2.0,1,0,2.0,,
0018-08-01,17,18,Tuley,Lobby - Bubbler,,indoor,0,ON,Fix/Replace LSL,0,2.0,1,0,2.0,,
0018-08-BF,17,18,Tuley,Lobby - Bottle Filler,,indoor,1,ON,Remain,0,2.0,1,0,2.0,,
0019-01-01,18,19,Jackson (Andrew),Jackson (Andrew) #1 - High,"WEST ENTRANCE, 57TH UNDERPASS",outdoor,0,ON,Remain,0,2.0,1,0,2.0,,
0019-01-02,18,19,Jackson (Andrew),Jackson (Andrew) #1 - Low,"WEST ENTRANCE, 57TH UNDERPASS",outdoor,0,ON,Remain,0,2.0,1,0,2.0,,
0019-02-01,18,19,Jackson (Andrew),Jackson (Andrew) #2 - High,"EAST ENTRANCE, 57TH UNDERPASS",outdoor,0,ON,Remain,0,,0,0,2.0,,
0019-02-02,18,19,Jackson (Andrew),Jackson (Andrew) #2 - Low,"EAST ENTRANCE, 57TH UNDERPASS",outdoor,0,ON,Remain,0,,0,0,2.0,,
0019-03-01,18,19,Jackson (Andrew),Jackson (Andrew) #3,57TH STREET BEACHHOUSE-HIGH,outdoor,0,ON,Remain,0,,0,0,2.0,,
0019-04-01,18,19,Jackson (Andrew),Jackson (Andrew) #4,57TH STREET BEACHHOUSE-LOW,outdoor,0,ON,Remain,0,2.0,1,0,2.0,,
0019-05-01,18,19,Jackson (Andrew),Jackson (Andrew) #5 - High,WEST SIDE OF CORNELL AT 57TH,outdoor,0,CONT,Fix/Replace LSL,0,2.0,1,1,57.3,,
0019-05-02,18,19,Jackson (Andrew),Jackson (Andrew) #5 - Low,WEST SIDE OF CORNELL AT 57TH,outdoor,0,CONT,Fix/Replace LSL,0,,0,0,2.9,,
0019-07-01,18,19,Jackson (Andrew),Jackson (Andrew) #7,SOUTHWEST OF MUSIC COURT COMFORT STATION,outdoor,0,ON,Remain,1,2.0,1,0,2.8,,
0019-08-01,18,19,Jackson (Andrew),Jackson (Andrew) #8 - High,WEST SIDE OF 59TH UNDERPASS,outdoor,0,CONT,Fix/Replace LSL,0,2.0,1,0,2.0,,
0019-08-02,18,19,Jackson (Andrew),Jackson (Andrew) #8 - Low,WEST SIDE OF 59TH UNDERPASS,outdoor,0,CONT,Fix/Replace LSL,0,2.0,1,0,2.0,,
0019-09-01,18,19,Jackson (Andrew),Jackson (Andrew) #9,WEST SIDE FO CORNELL AT MIDWAY PLAISANCE,outdoor,0,REMOVED,Already Removed,0,,0,0,2.0,,
0019-13-01,18,19,Jackson (Andrew),Jackson (Andrew) #13,150' SOUTH OF DRIVING RANGE,outdoor,0,OFF,Remove,0,2.0,1,0,2.7,,
0019-16-01,18,19,Jackson (Andrew),Jackson (Andrew) #16,"NORTH OF HAYES, EAST OF BASKETBALL COURT",outdoor,0,CONT,Fix/Replace LSL,0,2.0,1,0,2.0,,
0019-20-01,18,19,Jackson (Andrew),Jackson (Andrew) #20 - High,BEACH HOUSE WEST BATHROOMS,outdoor,0,ON,Remain,0,2.0,1,0,3.3,,
0019-20-02,18,19,Jackson (Andrew),Jackson (Andrew) #20 - Low,BEACH HOUSE WEST BATHROOMS,outdoor,0,ON,Remain,0,,0,0,2.9,,
0019-21-01,18,19,Jackson (Andrew),Jackson (Andrew) #21 - High,BEACH HOUSE EAST BATHROOMS,outdoor,0,ON,Remain,0,,0,0,2.0,,
0019-21-02,18,19,Jackson (Andrew),Jackson (Andrew) #21 - Low,BEACH HOUSE EAST BATHROOMS,outdoor,0,ON,Remain,0,,0,0,,,
0019-24-01,18,19,Jackson (Andrew),Jackson (Andrew) #24,"NORTH OF MARQUETTE, BETWEEN CORNELL AND RICHARDS",outdoor,0,ON,Remain,0,,0,0,2.0,,
0019-25-01,18,19,Jackson (Andrew),Jackson (Andrew) #25,PATH AT ENTRANCE TO LA RABIDA HOSPITAL,outdoor,0,CONT,Fix/Replace LSL,0,,0,1,183.0,,
0019-28-01,18,19,Jackson (Andrew),Hallway - Bubbler,,indoor,0,ON,Remain,1,2.0,1,1,41.5,,
0019-28-BF,18,19,Jackson (Andrew),Hallway - BF,,indoor,0,ON,Remain,0,2.0,1,0,2.0,,
0019-29-01,18,19,Jackson (Andrew),Men's Locker Room,,indoor,0,OFF,Fix/Replace LSL,0,,0,0,2.0,,
0019-31-01,18,19,Jackson (Andrew),Kitchen Sink,,indoor,0,ON,Fix/Replace LSL,0,2.0,1,0,13.0,,
0021-03-01,19,21,Washington,Washington (George) #3,"EAST SIDE OF PAYNE, SOUTH OF SE TRADES BUILDING",outdoor,0,ON,Remain,1,2.0,1,1,21.8,,
0021-04-01,19,21,Washington,Washington (George) #4,EAST OF CASTING POND ON MORGAN,outdoor,0,CONT,Remain,1,2.0,1,0,2.0,,
0021-05-01,19,21,Washington,Washington (George) #5 - High,"SOUTH EAST OF 55TH COMFORT STATION, ON PATH",outdoor,0,ON,Remain,0,2.0,1,0,2.0,,
0021-05-02,19,21,Washington,Washington (George) #5 - Low,"SOUTH EAST OF 55TH COMFORT STATION, ON PATH",outdoor,0,ON,Remain,1,2.0,1,0,2.0,,
0021-05-BF,19,21,Washington,Washington (George) #5 - BF,"SOUTH EAST OF 55TH COMFORT STATION, ON PATH",outdoor,1,ON,Remain,0,2.0,1,0,2.0,,
0021-06-01,19,21,Washington,Washington (George) #6,SOUTHEAST CORNER OF 55TH AND COTTAGE PLAYGROUND,outdoor,0,ON,Remain,1,,0,0,,,
0021-08-01,19,21,Washington,Washington (George) #8,"WEST SIDE OF PAYNE, WEST OF ARMORY BUILDING",outdoor,0,ON,Remain,1,,0,0,2.0,,
0021-09-01,19,21,Washington,Washington (George) #9,SOUTH OF NORTHWEST PLAYGROUND/SPRAYPOOL,outdoor,0,OFF,Fix/Replace LSL,0,,0,0,8.3,,
0021-11-01,19,21,Washington,Washington (George) #11,"WEST OF WEST CRICKET FIELD, IN FIELD",outdoor,0,CONT,Remain ,1,2.0,1,0,2.0,,
0021-14-01,19,21,Washington,Washington (George) #14 - High,SOUTHWEST CORNER OF POOL DECK,outdoor,0,CONT,Fix/Replace LSL,0,,0,0,2.0,,
0021-14-02,19,21,Washington,Washington (George) #14 - Low,SOUTHWEST CORNER OF POOL DECK,outdoor,0,CONT,Fix/Replace LSL,0,,0,0,2.0,,
0021-15-01,19,21,Washington,Washington (George) #15 - High,NEXT TO SPRAYPOOL SOUTH OF SWIMMING POOL,outdoor,0,ON,Remain ,0,2.0,1,0,2.0,,
0021-15-02,19,21,Washington,Washington (George) #15 - Middle,NEXT TO SPRAYPOOL SOUTH OF SWIMMING POOL,outdoor,0,ON,Remain ,0,2.0,1,0,2.0,,
0021-15-03,19,21,Washington,Washington (George) #15 - Low,NEXT TO SPRAYPOOL SOUTH OF SWIMMING POOL,outdoor,0,ON,Remain ,0,2.0,1,0,2.0,,
0021-16-01,19,21,Washington,Washington (George) #16 - High,"LOOP DRIVE, ON PATH TO LAGOON",outdoor,0,ON,Remain,1,2.0,1,0,6.8,,
0021-16-02,19,21,Washington,Washington (George) #16 - Low,"LOOP DRIVE, ON PATH TO LAGOON",outdoor,0,ON,Remain,0,2.0,1,0,2.0,,
0021-16-BF,19,21,Washington,Washington (George) #16 - Bottle Filler,"LOOP DRIVE, ON PATH TO LAGOON",outdoor,1,ON,Remain,0,2.0,1,0,2.0,,
0021-18-01,19,21,Washington,Washington (George) #18 - High,NORTHEAST CORNER OF MUSEUM,outdoor,0,CONT,Fix/Replace LSL,0,2.0,1,0,2.0,,
0021-18-02,19,21,Washington,Washington (George) #18 - Low,NORTHEAST CORNER OF MUSEUM,outdoor,0,CONT,Fix/Replace LSL,0,2.0,1,0,3.9,,
0021-19-01,19,21,Washington,1st Floor - Men's Washroom,,indoor,0,ON,Remain,1,2.0,1,1,19.0,,
0021-19-BF,19,21,Washington,1st Floor - Men's Washroom Bottle Filler,,indoor,1,ON,Remain,0,2.0,1,0,2.0,,
0021-20-01,19,21,Washington,1st Floor - Women's Washroom,,indoor,0,ON,Fix/Replace LSL,0,5.6,1,0,5.6,,
0021-21-01,19,21,Washington,"1st Floor - North Hallway, Near Youth Center",,indoor,0,OFF,Fix/Replace LSL,0,,0,1,203.0,,
0021-22-01,19,21,Washington,Women's Locker Room - High,,indoor,0,OFF,Fix/Replace LSL,0,13.7,1,0,13.7,,
0021-22-02,19,21,Washington,Women's Locker Room - Low,,indoor,0,OFF,Fix/Replace LSL,0,15.9,1,1,15.9,,
0021-23-01,19,21,Washington,Men's Locker Room - High,,indoor,0,OFF,Fix/Replace LSL,0,2.6,1,0,7.1,,
0021-23-02,19,21,Washington,Men's Locker Room - Low,,indoor,0,OFF,Fix/Replace LSL,0,71.3,1,1,71.3,,
0021-24-01,19,21,Washington,Dance Studio,,indoor,0,OFF,Fix/Replace LSL,0,,0,1,66.0,,
0021-25-01,19,21,Washington,South Kitchen,,indoor,0,ON,Fix/Replace LSL,0,2.4,1,0,7.1,,
0021-26-01,19,21,Washington,Middle Kitchen,,indoor,0,ON,Fix/Replace LSL,0,2.2,1,0,5.8,,
0021-27-01,19,21,Washington,Youth Center - Front Sink,,indoor,0,OFF,Fix/Replace LSL,0,25.2,1,1,25.2,,
0021-28-01,19,21,Washington,Youth Center - Rear Sink,,indoor,0,OFF,Fix/Replace LSL,0,2.3,1,1,73.1,,
0022-01-01,20,22,Gage,Gage #1,"RIGHT FIELD OF NORTH SENIOR DIAMOND, 54TH AND ARTESIAN",outdoor,0,CONT,Fix/Replace LSL,0,,0,1,20.8,,
0022-04-01,20,22,Gage,Gage #4 - High,NORTHWEST CORNER OF GARDENING YARD,outdoor,0,ON,Remain,1,,0,0,2.0,,
0022-04-02,20,22,Gage,Gage #4 - Low,NORTHWEST CORNER OF GARDENING YARD,outdoor,0,ON,Remain,0,,0,0,2.0,,
0022-04-BF,20,22,Gage,Gage #4 - BF,NORTHWEST CORNER OF GARDENING YARD,outdoor,1,ON,Remain,0,,0,0,2.0,,
0022-05-01,20,22,Gage,Gage #5 - High,"WEST OF PLAYGROUND, ON PATH",outdoor,0,ON,Remain,0,,0,0,2.0,,
0022-05-02,20,22,Gage,Gage #5 - Middle,"WEST OF PLAYGROUND, ON PATH",outdoor,0,ON,Remain,0,,0,0,2.0,,
0022-05-03,20,22,Gage,Gage #5 - Low,"WEST OF PLAYGROUND, ON PATH",outdoor,0,ON,Remain,0,,0,0,2.0,,
0022-06-01,20,22,Gage,Gage #6 - High,"SOUTH OF FIELDHOUSE, ON TRACK",outdoor,0,ON,Remain,1,2.0,1,0,8.2,,
0022-06-02,20,22,Gage,Gage #6 - Low,"SOUTH OF FIELDHOUSE, ON TRACK",outdoor,0,ON,Remain,0,2.0,1,0,2.0,,
0022-06-BF,20,22,Gage,Gage #6 - Bottle Filler,"SOUTH OF FIELDHOUSE, ON TRACK",outdoor,1,ON,Remain,0,2.0,1,0,2.0,,
0022-07-01,20,22,Gage,Gage #7,POOL DECK,outdoor,0,CONT,Fix/Replace LSL,0,5.5,1,0,5.5,,
0022-08-01,20,22,Gage,Basement West Fountain,,indoor,0,ON,Fix/Replace LSL,0,2.0,1,0,2.0,,
0022-08-02,20,22,Gage,Gage #8 - Low,POOL DECK,outdoor,0,CONT,Fix/Replace LSL,0,2.0,1,0,2.0,,
0022-09-01,20,22,Gage,Women's Locker Room - High,,indoor,0,OFF,Fix/Replace LSL,0,,0,1,147.0,,
0022-09-02,20,22,Gage,Women's Locker Room - Low,,indoor,0,OFF,Fix/Replace LSL,0,,0,0,8.7,,
0022-10-01,20,22,Gage,Men's Locker Room - High,,indoor,0,OFF,Fix/Replace LSL,0,,0,1,24.8,,
0022-10-02,20,22,Gage,Men's Locker Room - Low,,indoor,0,OFF,Fix/Replace LSL,0,,0,1,60.2,,
0022-11-01,20,22,Gage,Lobby - East,,indoor,0,ON,Remain,0,2.0,1,0,2.0,,
0022-12-01,20,22,Gage,Kitchen Sink West,,indoor,0,ON,Remain,0,2.0,1,0,6.5,,
0022-13-01,20,22,Gage,Kitchen Sink East,,indoor,0,ON,Remain,0,2.0,1,0,2.0,,
0022-14-01,20,22,Gage,Basement East Fountain,,indoor,0,ON,Remain,0,2.0,1,0,2.0,,
0022-15-01,20,22,Gage,Basement Kitchen Sink,,indoor,0,ON,Remain,0,24.7,1,1,24.7,,
0022-16-01,20,22,Gage,Lobby - West,,indoor,0,ON,Remain,0,2.0,1,0,2.0,,
0023-01-01,21,23,McKinley,McKinley #1 - High,Southwest corner of tennis courts at northwest corner,outdoor,0,ON,Remain,1,2.0,1,0,2.0,,
0023-01-02,21,23,McKinley,McKinley #1 - Low,Southwest corner of tennis courts at northwest corner,outdoor,0,ON,Remain,0,2.0,1,0,2.0,,
0023-01-BF,21,23,McKinley,McKinley #1 - Bottle Filler,Southwest corner of tennis courts at northwest corner,outdoor,1,ON,Remain,0,2.0,1,0,2.0,,
0023-02-01,21,23,McKinley,McKinley #2 - High,"Middle of park, west of playground",outdoor,0,ON,Remain,1,2.0,1,0,2.0,,
0023-02-02,21,23,McKinley,McKinley #2 - Low,"Middle of park, west of playground",outdoor,0,ON,Remain,0,2.0,1,0,2.0,,
0023-02-BF,21,23,McKinley,McKinley #2 - Bottle Filler,"Middle of park, west of playground",outdoor,1,ON,Remain,0,,0,0,2.0,,
0023-03-01,21,23,McKinley,McKinley #3 - Low,In between tennis courts on west side of the park,outdoor,0,ON,Remain,0,2.0,1,0,2.0,,
0023-03-BF,21,23,McKinley,McKinley #3 - Bottle Filler,In between tennis courts on west side of the park,outdoor,1,ON,Remain,0,2.0,1,0,2.0,,
0023-04-01,21,23,McKinley,McKinley #4,Northeast of main fieldhouse,outdoor,0,CONT,Fix/Replace LSL,0,2.0,1,0,2.0,,
0023-05-01,21,23,McKinley,McKinley #5,Pool deck,outdoor,0,CONT,Fix/Replace LSL,0,2.0,1,0,2.0,,
0023-06-01,21,23,McKinley,Outside Men's Room,,indoor,0,ON,Fix/Replace LSL,0,2.0,1,0,4.1,,
0023-06-02,21,23,McKinley,McKinley #6 - Low,SW Corner of Park,outdoor,0,ON,Remain,0,2.0,1,0,2.0,,
0023-07-01,21,23,McKinley,Outside Women's Room,,indoor,0,ON,Remain,0,2.0,1,0,2.0,,
0023-07-02,21,23,McKinley,McKinley #7 - Low,SW Corner - Big Dawg Park,outdoor,0,ON,Remain,0,2.0,1,0,2.0,,
0023-08-01,21,23,McKinley,Outside Gymnastics Center,,indoor,0,ON,Remain,0,2.0,1,0,2.0,,
0023-09-01,21,23,Mckinley,Outside Gym,,indoor,0,OFF,Fix/Replace LSL,0,2.0,1,0,10.5,,
0023-10-01,21,23,McKinley,Kitchen Sink,,indoor,0,ON,Fix/Replace LSL,0,2.0,1,0,3.0,,
0024-01-01,22,24,Grant,Grant #1,On path near 10-mile marker,outdoor,0,ON,Remain,0,,0,0,2.0,,
0024-02-01,22,24,Grant,Grant #2,Randolph comfort station,outdoor,0,REMOVED,Already Removed,0,,0,0,2.0,,
0024-04-01,22,24,Grant,Grant #4 - High,"East of LSD at Jackson, middle path",outdoor,0,ON,Remain,0,2.0,1,0,2.1,,
0024-04-02,22,24,Grant,Grant #4 - Low,"East of LSD at Jackson, middle path",outdoor,0,ON,Remain,0,2.0,1,0,2.1,,
0024-05-01,22,24,Grant,Grant #5 - Main Fountain,East side of Butler Field,outdoor,0,CONT,Fix/Replace LSL,0,2.0,1,0,2.0,,
0024-05-02,22,24,Grant,Grant #5 - Trough-5A,East side of Butler Field,outdoor,0,ON,,0,,0,0,,,
0024-05-03,22,24,Grant,Grant #5 - Trough-5B,East side of Butler Field,outdoor,0,ON,,0,,0,0,,,
0024-05-04,22,24,Grant,Grant #5 - Trough-5C,East side of Butler Field,outdoor,0,ON,,0,,0,0,,,
0024-05-05,22,24,Grant,Grant #5 - Trough-5D,East side of Butler Field,outdoor,0,ON,,0,,0,0,,,
0024-06-01,22,24,Grant,Grant #6,West side of Butler Field,outdoor,0,CONT,Fix/Replace LSL,0,2.0,1,0,13.7,,
0024-07-01,22,24,Grant,Grant #7,South side of Butler Field,outdoor,0,CONT,Fix/Replace LSL,0,5.5,1,0,5.5,,
0024-09-01,22,24,Grant,Grant #9 - High,Northwest rose garden,outdoor,0,CONT,Fix/Replace LSL,0,2.0,1,0,4.6,,
0024-09-02,22,24,Grant,Grant #9 - Low,Northwest rose garden,outdoor,0,CONT,Fix/Replace LSL,0,2.0,1,0,3.9,,
0024-10-01,22,24,Grant,Grant #10,North comfort men's room,outdoor,0,ON,Remain,0,,0,0,2.0,,
0024-11-01,22,24,Grant,Grant #11,North comfort women's room,outdoor,0,ON,Remain,0,2.0,1,0,2.0,,
0024-13-01,22,24,Grant,Grant #13 - High,North side - Queen's Landing,outdoor,0,ON,Remain,1,2.0,1,0,2.0,,
0024-13-02,22,24,Grant,Grant #13 - Low,North side - Queen's Landing,outdoor,0,ON,Remain,0,2.0,1,0,2.0,,
0024-13-BF,22,24,Grant,Grant #13 - BF,North side - Queen's Landing,outdoor,1,ON,Remain,0,2.0,1,0,2.0,,
0024-14-01,22,24,Grant,Grant #14 - High,South side - Queen's Landing,outdoor,0,ON,Remain,1,,0,1,33.0,,
0024-14-02,22,24,Grant,Grant #14 - Low,South side - Queen's Landing,outdoor,0,ON,Remain,0,,0,1,31.6,,
0024-15-01,22,24,Grant,Grant #15 - High,Northwest corner - Dove Girl,outdoor,0,ON,Remain,0,2.0,1,0,2.0,,
0024-15-02,22,24,Grant,Grant #15 - Low,Northwest corner - Dove Girl,outdoor,0,ON,Remain,0,2.0,1,0,2.0,,
0024-16-01,22,24,Grant,Grant #16,South comfort station - women's room,outdoor,0,ON,Remain,0,2.0,1,0,2.0,,
0024-17-01,22,24,Grant,Grant #17,South comfort station - men's room,outdoor,0,ON,Remain,0,2.0,1,0,2.0,,
0024-18-01,22,24,Grant,Grant #18 - High,Southwest Rose Garden,outdoor,0,ON,Remain,1,2.0,1,0,2.0,,
0024-18-02,22,24,Grant,Grant #18 - Low,Southwest Rose Garden,outdoor,0,ON,Remain,0,2.0,1,0,2.0,,
0024-19-01,22,24,Grant,Grant #19 - High,Southeast Rose Garden,outdoor,0,ON,Fix/Replace LSL,0,2.0,1,0,2.0,,
0024-19-02,22,24,Grant,Grant #19 - Low,Southeast Rose Garden,outdoor,0,ON,Fix/Replace LSL,0,2.0,1,0,2.0,,
0024-20-01,22,24,Grant,Grant #20 - High,Michigan & Harrison,outdoor,0,ON,Remain,0,2.0,1,0,2.0,,
0024-20-02,22,24,Grant,Grant #20 - Low,Michigan & Harrison,outdoor,0,ON,Remain,0,2.0,1,0,2.0,,
0024-21-01,22,24,Grant,Grant #21,Michigan & Balbo,outdoor,0,ON,Remain,1,2.0,1,0,2.0,,
0024-22-01,22,24,Grant,Grant #22,Upper Hutchinson - North by Balbo,outdoor,0,CONT,Fix/Replace LSL,0,2.0,1,0,2.5,,
0024-26-01,22,24,Grant,Grant #26,Northwest stair Hutchinson base,outdoor,0,OFF,Fix/Replace LSL,0,2.0,1,1,92.3,,
0024-27-01,22,24,Grant,Grant #27 - High,"East of LSD , south of Balbo - middle path",outdoor,0,ON,Remain,1,,0,0,,,
0024-27-02,22,24,Grant,Grant #27 - Low,"East of LSD , south of Balbo - middle path",outdoor,0,ON,Remain,0,,0,0,,,
0024-28-01,22,24,Grant,Grant #28 - High,Michigan & 8th,outdoor,0,OFF,Remove,0,24.5,1,1,24.5,,
0024-28-02,22,24,Grant,Grant #28 - Low,Michigan & 8th,outdoor,0,OFF,Remove,0,2.0,1,0,2.0,,
0024-29-01,22,24,Grant,Grant #29 - High,Upper Hutchinson - southwest - near tennis courts,outdoor,0,ON,Remain,0,2.0,1,0,2.0,,
0024-29-02,22,24,Grant,Grant #29 - Low,Upper Hutchinson - southwest - near tennis courts,outdoor,0,ON,Remain,0,2.0,1,0,2.0,,
0024-29-BF,22,24,Grant,Grant #29- BF,Upper Hutchinson - southwest - near tennis courts,outdoor,1,ON,Remain,0,2.0,1,0,2.0,,
0024-31-01,22,24,Grant,Grant #31,Lower Hutchinson - southwest stair base,outdoor,0,OFF,Remove,0,2.0,1,0,2.0,,
0024-32-01,22,24,Grant,Grant #32,Lower Hutchinson southeast stair base,outdoor,0,CONT,Fix/Replace LSL,0,2.0,1,1,18.3,,
0024-33-01,22,24,Grant,Grant #33 - High,Grand Park dog park,outdoor,0,ON,Remain,0,2.0,1,0,2.0,,
0024-33-02,22,24,Grant,Grant #33 - Low,Grand Park dog park,outdoor,0,ON,Remain,0,2.0,1,0,2.0,,
0024-34-01,22,24,Grant,Grant #34,"Columbus & 9th, west side, in front of service yard",outdoor,0,ON,Remain,0,2.0,1,0,2.0,,
0024-35-01,22,24,Grant,Grant #35,East of LSD by concession stand on ledge - South Monroe Harbor,outdoor,0,CONT,Fix/Replace LSL,0,4.9,1,1,17.7,,
0024-36-01,22,24,Grant,Grant #36 - High,Behind 11th Street comfort station,outdoor,0,ON,Remain,0,3.3,1,0,3.3,,
0024-36-02,22,24,Grant,Grant #36 - Low,Behind 11th Street comfort station,outdoor,0,ON,Remain,0,2.0,1,0,2.0,,
0024-37-01,22,24,Grant,Grant #37,Hanging on 11th Street comfort station,outdoor,0,ON,Remain,0,2.0,1,0,2.0,,
0024-38-01,22,24,Grant,Grant #38 - High,Rosenburg Fountain,outdoor,0,ON,Remain,1,2.0,1,0,3.1,,
0024-38-02,22,24,Grant,Grant #38 - Low,Rosenburg Fountain,outdoor,0,ON,Remain,0,4.4,1,0,4.4,,
0024-39-01,22,24,Grant,Grant #39 - High,Grant Park skate park,outdoor,0,ON,Remain,0,2.0,1,0,2.0,,
0024-39-02,22,24,Grant,Grant #39 - Low,Grant Park skate park,outdoor,0,ON,Remain,0,,0,0,2.0,,
0024-41-01,22,24,Grant,Grant #41 - High,Base of Shedd ramp in bushes,outdoor,0,ON,Remain,0,2.0,1,0,2.0,,
0024-41-02,22,24,Grant,Grant #41 - Low,Base of Shedd ramp in bushes,outdoor,0,ON,Remain,0,2.0,1,0,2.0,,
0024-42-01,22,24,Grant,Grant #42 - High,Front stair - base of field museum,outdoor,0,ON,Remain,0,2.0,1,0,2.0,,
0024-42-02,22,24,Grant,Grant #42 - Low,Front stair - base of field museum,outdoor,0,ON,Remain,0,2.0,1,0,2.0,,
0024-43-01,22,24,Grant,Grant #43 - High,Museum Comfort Station - Hanging,outdoor,0,ON,Remain,1,2.0,1,0,2.0,,
0024-43-BF,22,24,Grant,Grant #43 - Bottle Filler,Museum Comfort Station - Hanging,outdoor,1,ON,Remain,0,2.0,1,0,2.0,,
0024-44-01,22,24,Grant,Grant #44 - High,Museum Comfort Station,outdoor,0,ON,Remain,0,2.0,1,0,2.0,,
0024-44-02,22,24,Grant,Grant #44 - Middle,Museum Comfort Station,outdoor,0,ON,Remain,0,2.0,1,0,2.0,,
0024-44-03,22,24,Grant,Grant #44 - Low,Museum Comfort Station,outdoor,0,ON,Remain,0,2.0,1,0,2.0,,
0024-45-01,22,24,Grant,Maggie Daley - Lobby - High,,indoor,0,ON,Remain,0,2.0,1,0,2.0,,
0024-45-02,22,24,Grant,Maggie Daley - Lobby - Low,,indoor,0,ON,Remain,0,2.0,1,0,2.0,,
0024-45-03,22,24,Grant,Grant #45 - Low,Maggie Daley - Playground,outdoor,0,ON,Remain,0,,0,0,,,
0024-45-BF,22,24,Grant,Maggie Daley - Lobby - Bottle Filler,,indoor,1,ON,Remain,0,2.0,1,0,2.0,,
0024-46-01,22,24,Grant,Grant #46 - High,Maggie Daley - Ice Ribbon,outdoor,0,ON,Remain,0,,0,0,,,
0024-46-02,22,24,Grant,Grant #46 - Low,Maggie Daley - Ice Ribbon,outdoor,0,ON,Remain,0,,0,0,,,
0024-47-01,22,24,Grant,Grant #47 - High,Maggie Daley - South of Cancer Survivor's Garden,outdoor,0,ON,Remain,0,2.0,1,0,2.0,,
0024-47-02,22,24,Grant,Grant #47 - Middle,Maggie Daley - South of Cancer Survivor's Garden,outdoor,0,ON,Remain,0,2.0,1,0,2.0,,
0024-47-03,22,24,Grant,Grant #47 - Low,Maggie Daley - South of Cancer Survivor's Garden,outdoor,0,ON,Remain,0,2.0,1,0,2.0,,
0026-01-01,23,26,Foster,Foster #1 - High,BETWEEN PLAYGROUND AND SPRAYPOOL,outdoor,0,CONT,Remain,0,2.0,1,0,2.0,,
0026-01-02,23,26,Foster,Foster #1 - Low,BETWEEN PLAYGROUND AND SPRAYPOOL,outdoor,0,CONT,Remain,0,2.0,1,0,2.0,,
0026-02-01,23,26,Foster,Foster #2 - High,"EAST OF FIELDHOUSE, ON PATH, NEAR TRACK",outdoor,0,CONT,Fix/Replace LSL,0,2.0,1,0,2.4,,
0026-02-02,23,26,Foster,Foster #2 - Low,"EAST OF FIELDHOUSE, ON PATH, NEAR TRACK",outdoor,0,CONT,Fix/Replace LSL,0,2.0,1,0,2.5,,
0026-04-01,23,26,Foster,Foster #4 - High,"WEST SIDE OF PARK, BETWEEN TWO SOUTHWEST DIAMONDS, ON PATH",outdoor,0,ON,Remain,1,2.0,1,0,2.0,,
0026-04-02,23,26,Foster,Foster #4 - Low,"WEST SIDE OF PARK, BETWEEN TWO SOUTHWEST DIAMONDS, ON PATH",outdoor,0,ON,Remain,0,2.0,1,0,2.0,,
0026-06-01,23,26,Foster,Foster #6 - High,SPRAYPOOL,outdoor,0,ON,Remain,0,2.0,1,0,2.0,,
0026-06-02,23,26,Foster,Foster #6 - Low,SPRAYPOOL,outdoor,0,ON,Remain,0,2.0,1,0,2.0,,
0026-07-01,23,26,Foster,Lobby - High,,indoor,0,ON,Remain,0,2.0,1,0,2.0,,
0026-07-BF,23,26,Foster,Lobby - Bottle Filler,,indoor,1,ON,Remain,0,,0,0,2.0,,
0026-08-01,23,26,Foster,Men's Locker Room,,indoor,0,OFF,Fix/Replace LSL,0,,0,0,2.0,,
0026-09-01,23,26,Foster,Women's Locker Room,,indoor,0,ON,Fix/Replace LSL,0,4.0,1,0,4.0,,
0026-10-01,23,26,Foster,Basement Kitchen Sink - Left,,indoor,0,ON,Remain,0,2.9,1,0,2.9,,
0026-10-02,23,26,Foster,Basement Kitchen Sink - Right,,indoor,0,ON,Remain,0,2.0,1,0,2.0,,
0027-01-01,24,27,Burnham,Burnham #1 - High,"On McFetridge, near Soldier Memorial statue",outdoor,0,ON,Remain,1,2.0,1,0,2.0,,
0027-01-02,24,27,Burnham,Burnham #1 - Low,"On McFetridge, near Soldier Memorial statue",outdoor,0,ON,Remain,0,2.0,1,0,2.0,,
0027-02-01,24,27,Burnham,Burnham #2 - High,Children's garden entrance,outdoor,0,ON,Remain,0,2.0,1,0,2.0,,
0027-02-02,24,27,Burnham,Burnham #2 - Middle,Children's garden entrance,outdoor,0,ON,Remain,0,,0,0,2.0,,
0027-02-03,24,27,Burnham,Burnham #2 - Low,Children's garden entrance,outdoor,0,ON,Remain,0,2.0,1,0,2.0,,
0027-04-01,24,27,Burnham,Burnham #4 - High,"Burnham Harbor dock, gate E, on path",outdoor,0,ON,Remain,0,2.0,1,0,2.0,,
0027-04-02,24,27,Burnham,Burnham #4 - Low,"Burnham Harbor dock, gate E, on path",outdoor,0,ON,Remain,0,2.0,1,0,2.0,,
0027-05-01,24,27,Burnham,Burnham #5 - High,Soldier Field gate 14,outdoor,0,ON,Remain,0,2.0,1,0,2.0,,
0027-05-02,24,27,Burnham,Burnham #5 - Low,Soldier Field gate 15,outdoor,0,ON,Remain,0,2.0,1,0,2.0,,
0027-07-01,24,27,Burnham,Burnham #7 - High,"North side of Waldron, on path",outdoor,0,ON,Remain,0,2.0,1,0,2.0,,
0027-07-02,24,27,Burnham,Burnham #7 - Low,"North side of Waldron, on path",outdoor,0,ON,Remain,0,2.0,1,0,2.0,,
0027-08-01,24,27,Burnham,Burnham #8 - High,South side of sledding hill,outdoor,0,ON,Remain,0,2.0,1,0,2.0,,
0027-08-02,24,27,Burnham,Burnham #8 - Low,South side of sledding hill,outdoor,0,ON,Remain,0,2.0,1,0,2.0,,
0027-09-01,24,27,Burnham,Burnham #9,"North end of McCormick Place, by waterfall, on path",outdoor,0,CONT,Fix/Replace LSL,0,,0,0,13.1,,
0027-11-01,24,27,Burnham,Burnham #11,"Firefighter Memorial, south, on path",outdoor,0,CONT,Fix/Replace LSL,0,47.2,1,1,47.2,,
0027-12-01,24,27,Burnham,Burnham #12 - High,31st Street Beachhouse,outdoor,0,ON,Remain,0,2.0,1,0,2.0,,
0027-12-02,24,27,Burnham,Burnham #12 - Low,31st Street Beachhouse,outdoor,0,ON,Remain,0,,0,0,2.0,,
0027-13-01,24,27,Burnham,Burnham #13 - High,On 31st Harbor building,outdoor,0,ON,Remain,0,2.0,1,0,2.0,,
0027-13-02,24,27,Burnham,Burnham #13 - Low,On 31st Harbor building,outdoor,0,ON,Remain,0,2.0,1,0,2.0,,
0027-14-01,24,27,Burnham,Burnham #14 - High,31st Street skatepark,outdoor,0,ON,Remain,0,2.0,1,0,2.0,,
0027-14-02,24,27,Burnham,Burnham #14 - Low,32nd Street skatepark,outdoor,0,ON,Remain,0,2.0,1,0,2.0,,
0027-15-01,24,27,Burnham,Burnham #15 - High,South of 41st Street beach house,outdoor,0,ON,Remain,0,2.0,1,0,2.0,,
0027-15-02,24,27,Burnham,Burnham #15 - Low,South of 41st Street beach house,outdoor,0,ON,Remain,0,2.0,1,0,2.0,,
0027-16-01,24,27,Burnham,Burnham #16 - High,West of 41st Street beachhouse on path,outdoor,0,ON,Remain,0,2.0,1,0,2.0,,
0027-16-02,24,27,Burnham,Burnham #16 - Low,West of 41st Street beachhouse on path,outdoor,0,ON,Remain,0,2.0,1,0,2.0,,
0027-18-01,24,27,Burnham,Burnham #18,43rd Street comfort station,outdoor,0,ON,Fix/Replace LSL,0,2.0,1,0,2.0,,
0027-20-01,24,27,Burnham,Burnham #20,"Burnham playground, south of 47th, west of LSD",outdoor,0,CONT,Fix/Replace LSL,0,4.2,1,0,6.4,,
0027-21-01,24,27,Burnham,Burnham #21,"48th Street, east of LSD, on path",outdoor,0,ON,Remain,1,2.0,1,0,2.0,,
0027-22-01,24,27,Burnham,Burnham #22 - High,"West of LSD, south of 47th, on Cornell to ballfield",outdoor,0,ON,Remain,0,2.0,1,0,2.0,,
0027-22-02,24,27,Burnham,Burnham #22 - Low,"West of LSD, south of 47th, on Cornell to ballfield",outdoor,0,ON,Remain,0,2.0,1,0,2.0,,
0027-22-BF,24,27,Burnham,Burnham #22 - Bottle Filler,"West of LSD, south of 47th, on Cornell to ballfield",outdoor,1,ON,Remain,0,2.0,1,0,2.0,,
0027-23-01,24,27,Burnham,Burnham #23,"South of 49th Street comfort station, on path",outdoor,0,ON,Fix/Replace LSL,0,2.0,1,0,2.0,,
0027-24-01,24,27,Burnham,Burnham #24 - High,"51st Street bridge, east of LSD",outdoor,0,ON,Remain,1,2.0,1,0,2.0,,
0027-24-02,24,27,Burnham,Burnham #24 - Low,"51st Street bridge, east of LSD",outdoor,0,ON,Remain,0,2.0,1,0,2.0,,
0027-24-BF,24,27,Burnham,Burnham #24 - Bottle Filler,"51st Street bridge, east of LSD",outdoor,1,ON,Remain,0,2.0,1,0,2.0,,
0027-25-01,24,27,Burnham,Burnham #25,"Burnham Playground at 54th, west of LSD",outdoor,0,ON,Remain,0,2.0,1,0,2.0,,
0027-27-01,24,27,Burnham,Burnham #27 - North,"55th Street, Wallach Fountain",outdoor,0,ON,Remain,0,2.0,1,0,2.0,,
0027-27-02,24,27,Burnham,Burnham #27 - East,"56th Street, Wallach Fountain",outdoor,0,ON,Remain,0,2.0,1,0,2.0,,
0027-27-03,24,27,Burnham,Burnham #27 - South,"57th Street, Wallach Fountain",outdoor,0,ON,Remain,0,2.0,1,0,2.0,,
0027-28-01,24,27,Burnham,Burnham #28 - High,"South side, on Promontory Point",outdoor,0,CONT,Fix/Replace LSL,0,2.0,1,0,2.0,,
0027-28-02,24,27,Burnham,Burnham #28 - Low,"South side, on Promontory Point",outdoor,0,CONT,Fix/Replace LSL,0,2.0,1,0,2.0,,
0027-29-01,24,27,Burnham,Burnham #29 - High,"On path, south of Waldron, east of Museum Campus",outdoor,0,ON,Remain,0,2.0,1,0,2.0,,
0027-29-02,24,27,Burnham,Burnham #29 - Low,"On path, south of Waldron, east of Museum Campus",outdoor,0,ON,Remain,0,2.0,1,0,2.0,,
0027-30-01,24,27,Burnham,Burnham #30 - High,Southwest of Soldier Field Gate 1,outdoor,0,ON,Remain,0,2.0,1,0,2.0,,
0027-30-02,24,27,Burnham,Burnham #30 - Low,Southwest of Soldier Field Gate 1,outdoor,0,ON,Remain,0,2.0,1,0,2.0,,
0027-31-01,24,27,Burnham,Burnham #31 - High,Southeast of Soldier Field Gate 1,outdoor,0,ON,Remain,0,2.0,1,0,2.0,,
0027-31-02,24,27,Burnham,Burnham #31 - Low,Southeast of Soldier Field Gate 1,outdoor,0,ON,Remain,0,,0,0,2.0,,
0029-02-01,25,29,Avalon,Avalon #2 - High,"WEST OF WEST PATH, WITHIN PLAYGROUND",outdoor,0,ON,Remain,1,2.0,1,0,2.0,,
0029-02-02,25,29,Avalon,Avalon #2 - Low,"WEST OF WEST PATH, WITHIN PLAYGROUND",outdoor,0,ON,Remain,0,2.0,1,0,2.0,,
0029-03-01,25,29,Avalon,Avalon #3 - High,"SOUTHWEST CORNER, EAST OF PATH AND TENNIS COURTS",outdoor,0,ON,Remain,1,2.0,1,0,2.0,,
0029-03-02,25,29,Avalon,Avalon #3 - Low,"SOUTHWEST CORNER, EAST OF PATH AND TENNIS COURTS",outdoor,0,ON,Remain,0,2.0,1,0,2.0,,
0029-03-BF,25,29,Avalon,Avalon #3 - Bottle Filler,"SOUTHWEST CORNER, EAST OF PATH AND TENNIS COURTS",outdoor,1,ON,Remain,0,2.0,1,0,2.0,,
0029-05-01,25,29,Avalon,Avalon #5 - High,"EAST PATH NEAR PARKING LOT, NORTH OF POOL",outdoor,0,CONT,Fix/Replace LSL,0,3.7,1,1,25.9,,
0029-05-02,25,29,Avalon,Avalon #5 - Low,"EAST PATH NEAR PARKING LOT, NORTH OF POOL",outdoor,0,CONT,Fix/Replace LSL,0,12.8,1,1,27.0,,
0029-06-01,25,29,Avalon,Avalon #6 - High,POOL DECK NEAR SHOWER BUILDING,outdoor,0,ON,Remain,1,,0,0,5.8,,
0029-06-02,25,29,Avalon,Avalon #6 - Low,POOL DECK NEAR SHOWER BUILDING,outdoor,0,ON,Remain,0,,0,0,2.0,,
0029-07-01,25,29,Avalon,Main Lobby - High,,indoor,0,ON,Remain,1,2.0,1,0,4.9,,
0029-07-BF,25,29,Avalon,Main Lobby - Bottle Filler,,indoor,1,ON,Remain,0,2.0,1,0,2.0,,
0029-08-01,25,29,Avalon,Near Kitchen,,indoor,0,OFF,Fix/Replace LSL,0,,0,1,35.1,,
0029-09-01,25,29,Avalon,Women's Locker Room  -  High,,indoor,0,OFF,Fix/Replace LSL,0,,0,1,18.1,,
0029-09-02,25,29,Avalon,Women's Locker Room  -  Low,,indoor,0,OFF,Fix/Replace LSL,0,,0,0,13.5,,
0029-10-01,25,29,Avalon,Men's Locker Room  -  High,,indoor,0,ON,Fix/Replace LSL,0,6.3,1,0,11.2,,
0029-10-02,25,29,Avalon,Men's Locker Room  -  Low,,indoor,0,ON,Fix/Replace LSL,0,,0,0,13.6,,
0029-11-01,25,29,Avalon,Kitchen Sink,,indoor,0,ON,Remain,0,2.0,1,0,2.0,,
0033-01-01,26,33,Rainey,Rainey #1,"BEHIND NORTHWEST BASEBALL DIAMOND, ON PATH",outdoor,0,CONT,Fix/Replace LSL,0,2.4,1,0,5.1,,
0033-02-01,26,33,Rainey,Rainey #2,"BETWEEN WESTERN BALL FIELDS, ON PATH",outdoor,0,CONT,Fix/Replace LSL,0,2.0,1,0,2.0,,
0034-02-01,27,34,Northerly Island,Northerly Island #2 - High,South side of Planetarium,outdoor,0,ON,Remain,0,2.0,1,0,2.0,,
0034-02-02,27,34,Northerly Island,Northerly Island #2 - Low,South side of Planetarium,outdoor,0,ON,Remain,0,2.0,1,0,2.0,,
0034-03-01,27,34,Northerly Island,Northerly Island #3 - High,12th Street beach house,outdoor,0,ON,Remain,0,2.0,1,0,2.0,,
0034-03-02,27,34,Northerly Island,Northerly Island #3 - Low,12th Street beach house,outdoor,0,ON,Remain,0,2.0,1,0,2.0,,
0034-04-01,27,34,Northerly Island,Upstairs,,indoor,0,ON,Fix/Replace LSL,0,4.4,1,0,4.7,,
0034-04-BF,27,34,Northerly Island,Northerly Island #4 - BF,(Loc. Needed),outdoor,1,ON,Remain,1,2.0,1,0,2.0,,
0034-05-01,27,34,Northerly Island,Downstairs - High,,indoor,0,ON,Remain,0,2.0,1,0,2.2,,
0034-05-BF,27,34,Northerly Island,Downstairs - Bottle Filler,,indoor,1,ON,Remain,1,2.0,1,0,2.0,,
0034-06-01,27,34,Northerly Island,Firehouse - Kitchen Sink,,indoor,0,OFF,Fix/Replace LSL,0,,0,0,2.0,,
0034-07-01,27,34,Northerly Island,Firehouse - Fountain,,indoor,0,OFF,Fix/Replace LSL,0,,0,1,50.1,,
0040-01-01,28,40,Gompers,Gompers #1 - High,"Left field of junior diamond 2, near sport roller court",outdoor,0,ON,Remain,1,2.0,1,0,2.0,41.97665310536709,-87.73790596347017
0040-01-02,28,40,Gompers,Gompers #1 - Low,"Left field of junior diamond 2, near sport roller court",outdoor,0,ON,Remain,0,2.0,1,0,2.0,41.97665310536709,-87.73790596347017
0040-01-BF,28,40,Gompers,Gompers #1 - Bottle Filler,"Left field of junior diamond 2, near sport roller court",outdoor,1,ON,Remain,0,2.0,1,0,2.0,41.97665310536709,-87.73790596347017
0040-02-01,28,40,Gompers,Gompers #2 - North,North of Kildare entrance on foster,outdoor,0,OFF,Fix/Replace LSL,0,,0,1,33.9,,
0040-02-02,28,40,Gompers,Gompers #2 - South,North of Kildare entrance on foster,outdoor,0,OFF,Fix/Replace LSL,0,,0,0,3.9,,
0040-03-01,28,40,Gompers,Gompers #3 - High,West of playground,outdoor,0,ON,Remain,1,2.0,1,0,2.0,41.975652730595044,-87.73668927466261
0040-03-02,28,40,Gompers,Gompers #3 - Middle,West of playground,outdoor,0,ON,Remain,0,2.0,1,0,2.0,41.975652730595044,-87.73668927466261
0040-03-03,28,40,Gompers,Gompers #3 - Low,West of playground,outdoor,0,ON,Remain,0,2.0,1,0,2.0,41.975652730595044,-87.73668927466261
0040-04-01,28,40,Gompers,Gompers #4,Pool deck,outdoor,0,CONT,Fix/Replace LSL,0,2.0,1,0,5.8,,
0040-05-01,28,40,Gompers,Gompers #5 - High,"Gompers Monument, at Foster and Pulaski",outdoor,0,ON,Remain,0,,0,0,2.0,41.974295437039785,-87.7320054968099
0040-05-02,28,40,Gompers,Gompers #5 - Low,"Gompers Monument, at Foster and Pulaski",outdoor,0,ON,Remain,0,,0,0,2.0,41.974295437039785,-87.7320054968099
0040-06-01,28,40,Gompers,Gompers #6 - High,"North of Keeler parking lot, near tennis courts",outdoor,0,ON,Remain,1,,0,0,2.0,,
0040-06-02,28,40,Gompers,Gompers #6 - Low,"North of Keeler parking lot, near tennis courts",outdoor,0,ON,Remain,0,,0,0,,,
0040-06-BF,28,40,Gompers,Gompers #6 - Bottle Filler,"North of Keeler parking lot, near tennis courts",outdoor,1,ON,Remain,0,,0,0,,,
0040-07-01,28,40,Gompers,Gompers #7,"On path, north of basketball court, south of the lagoon",outdoor,0,ON,Remain,1,,0,0,2.0,,
0040-10-01,28,40,Gompers,Main Hallway - High,,indoor,0,ON,Remain,1,2.0,1,0,2.0,,
0040-10-02,28,40,Gompers,Main Hallway - Low,,indoor,0,ON,Remain,0,2.0,1,0,2.0,,
0040-10-BF,28,40,Gompers,Main Hallway - Bottle Filler,,indoor,1,ON,Remain,0,2.0,1,0,2.0,,
0040-11-01,28,40,Gompers,Women's Locker Room - High,,indoor,0,ON,Remain,1,2.0,1,0,5.6,,
0040-11-02,28,40,Gompers,Women's Locker Room - Low,,indoor,0,ON,Remain,0,2.0,1,0,2.0,,
0040-11-BF,28,40,Gompers,Women's Locker Room - Bottle Filler,,indoor,1,ON,Remain,0,2.0,1,0,2.0,,
0040-12-01,28,40,Gompers,Men's Locker Room - High,,indoor,0,ON,Remain,1,2.0,1,1,17.9,,
0040-12-02,28,40,Gompers,Men's Locker Room - Low,,indoor,0,ON,Remain,0,2.0,1,0,2.0,,
0040-12-BF,28,40,Gompers,Men's Locker Room - Bottle Filler,,indoor,1,ON,Remain,0,2.0,1,0,2.0,,
0040-13-01,28,40,Gompers,Basement Kitchen Sink,,indoor,0,ON,Remain,0,2.0,1,0,2.0,,
0040-14-01,28,40,Gompers,1st Floor Kitchen Sink,,indoor,0,ON,Remain,0,2.0,1,0,2.0,,
0041-02-01,29,41,Eugene Field,Eugene Field #2 - High,BASKETBALL COURT,outdoor,0,CONT,Fix/Replace LSL,0,2.0,1,0,2.0,,
0041-02-02,29,41,Eugene Field,Eugene Field #2 - Low,BASKETBALL COURT,outdoor,0,CONT,Fix/Replace LSL,0,2.0,1,0,2.0,,
0041-03-01,29,41,Eugene Field,Eugene Field #3 - High,NORTH OF RIVER BY BASEBALL DIAMOND,outdoor,0,CONT,Fix/Replace LSL,0,2.0,1,0,2.0,,
0041-03-02,29,41,Eugene Field,Eugene Field #3 - Low,NORTH OF RIVER BY BASEBALL DIAMOND,outdoor,0,CONT,Fix/Replace LSL,0,2.0,1,0,2.5,,
0041-05-01,29,41,Eugene Field,1st Floor Near Mens' Restroom,,indoor,0,ON,Fix/Replace LSL,0,2.0,1,0,3.1,,
0041-05-02,29,41,Eugene Field,Eugene Field #5- Low,"NORTH OF FOSTER, SOUTH OF RIVER",outdoor,0,ON,Remain,0,2.0,1,0,2.0,,
0041-06-01,29,41,Eugene Field,1st Floor Near Women's Restroom,,indoor,0,ON,Remain,0,2.0,1,0,2.0,,
0041-07-01,29,41,Eugene Field,Basement Hallway,,indoor,0,ON,Remain,0,2.0,1,0,2.0,,
0041-10-01,29,41,Eugene Field,2nd Floor Kitchen Sink,,indoor,0,OFF,Fix/Replace LSL,0,,0,1,20.3,,
0045-02-01,30,45,Ada,Ada #2,Near front door of fieldhouse,outdoor,0,CONT,Remain,0,2.0,1,0,2.0,,
0045-03-01,30,45,Ada,Ada #3,On pool deck (Removed),outdoor,0,REMOVED,Already Removed,0,,0,0,2.0,,
0045-04-01,30,45,Ada,Ada #4,On 112th Street east of Playground,outdoor,0,ON,Remain,1,,0,0,2.0,,
0045-05-01,30,45,Ada,Kitchen Sink,,indoor,0,ON,Remain,0,2.0,1,0,2.0,,
0045-06-01,30,45,Ada,Main Lobby - High,,indoor,0,ON,Remain,0,2.0,1,0,2.0,,
0045-06-BF,30,45,Ada,Main Lobby - Bottle Filler,,indoor,1,ON,Remain,0,2.0,1,0,2.0,,
0047-02-01,31,47,Crescent,Crescent #2 - High,(Loc. Needed),outdoor,0,CONT,Fix/Replace LSL,0,2.0,1,0,2.0,,
0047-02-02,31,47,Crescent,Crescent #2 - Middle,(Loc. Needed),outdoor,0,CONT,Fix/Replace LSL,0,2.0,1,0,2.0,,
0047-02-03,31,47,Crescent,Crescent #2 - Low,(Loc. Needed),outdoor,0,CONT,Fix/Replace LSL,0,2.0,1,0,2.0,,
0048-01-01,32,48,Kennedy,Kennedy #1,"NORTHEAST CORNER OF PARK, BY VET MEMORIAL",outdoor,0,CONT,Fix/Replace LSL,0,,0,0,2.3,,
0048-03-01,32,48,Kennedy,Kennedy #3 - High,PLAYGROUND,outdoor,0,ON,Remain,0,,0,0,2.0,,
0048-03-02,32,48,Kennedy,Kennedy #3 - Middle,PLAYGROUND,outdoor,0,ON,Remain,0,,0,0,2.0,,
0048-03-03,32,48,Kennedy,Kennedy #3 - Low,PLAYGROUND,outdoor,0,ON,Remain,0,,0,0,2.0,,
0048-04-01,32,48,Kennedy,Kennedy #4 - High,"BETWEEN TWO EAST DIAMONDS, ON PATH",outdoor,0,ON,Remain,1,2.0,1,0,2.0,,
0048-04-02,32,48,Kennedy,Kennedy #4 - Low,"BETWEEN TWO EAST DIAMONDS, ON PATH",outdoor,0,ON,Remain,0,2.0,1,0,2.0,,
0048-04-BF,32,48,Kennedy,Kennedy #4 - Bottle Filler,"BETWEEN TWO EAST DIAMONDS, ON PATH",outdoor,1,ON,Remain,0,2.0,1,0,2.0,,
0048-05-01,32,48,Kennedy,Kennedy #5 - High,"WEST SIDE OF PARK, BETWEEN BASEBALL DIAMONDS",outdoor,0,ON,Remain,1,2.0,1,1,25.2,,
0048-05-02,32,48,Kennedy,Kennedy #5 - Low,"WEST SIDE OF PARK, BETWEEN BASEBALL DIAMONDS",outdoor,0,ON,Remain,0,2.0,1,0,2.0,,
0048-05-BF,32,48,Kennedy,Kennedy #5 - Bottle Filler,"WEST SIDE OF PARK, BETWEEN BASEBALL DIAMONDS",outdoor,1,ON,Remain,0,2.0,1,0,2.0,,
0048-06-01,32,48,Kennedy,Kennedy #6,ON POOL DECK,outdoor,0,CONT,Fix/Replace LSL,0,,0,1,103.0,,
0048-09-01,32,48,Kennedy,Near Women's Locker Room - High,,indoor,0,ON,Remain,0,2.0,1,0,2.0,,
0048-09-BF,32,48,Kennedy,Near Women's Locker Room - Bottle Filler,,indoor,1,ON,Remain,0,2.0,1,0,2.0,,
0048-10-01,32,48,Kennedy,Kitchen Sink,,indoor,0,ON,Fix/Replace LSL,0,3.1,1,0,3.1,,
0059-02-01,33,59,Oriole,Oriole #2 - High,Diamond 4,outdoor,0,ON,Remain,1,2.0,1,0,2.0,,
0059-02-02,33,59,Oriole,Oriole #2 - Low,Diamond 4,outdoor,0,ON,Remain,0,2.0,1,0,2.0,,
0059-02-BF,33,59,Oriole,Oriole #2 - BF,Diamond 4,outdoor,1,ON,Remain,0,2.0,1,0,2.0,,
0059-05-01,33,59,Oriole,Oriole #5,"Behind fieldhouse, on path",outdoor,0,CONT,Fix/Replace LSL,0,2.0,1,0,2.0,,
0059-06-01,33,59,Oriole,Oriole #6 - High,Next to tennis court and playground,outdoor,0,CONT,Fix/Replace LSL,0,3.1,1,0,8.5,,
0059-06-02,33,59,Oriole,Oriole #6 - Low,Next to tennis court and playground,outdoor,0,CONT,Fix/Replace LSL,0,3.6,1,0,11.3,,
0059-07-01,33,59,Oriole,Inside Front Entrance,,indoor,0,ON,Fix/Replace LSL,0,2.0,1,0,4.2,,
0059-08-01,33,59,Oriole,Kitchen Sink,,indoor,0,ON,Remain,0,2.0,1,0,2.0,,
0060-02-01,34,60,Olympia,Olympia #2 - High,By basketball court,outdoor,0,ON,Remain,1,2.0,1,0,2.0,,
0060-02-02,34,60,Olympia,Olympia #2 - Low,By basketball court,outdoor,0,ON,Remain,0,2.0,1,0,2.0,,
0060-02-BF,34,60,Olympia,Olympia #2 - BF,By basketball court,outdoor,1,ON,Remain,0,2.0,1,0,2.0,,
0060-03-01,34,60,Olympia,Olympia #3 - High,By tennis court,outdoor,0,ON,Remain,1,2.0,1,0,2.0,,
0060-03-02,34,60,Olympia,Olympia #3 - Low,By tennis court,outdoor,0,ON,Remain,0,2.0,1,0,2.0,,
0060-03-BF,34,60,Olympia,Olympia #3 - BF,By tennis court,outdoor,0,ON,Remain,0,2.0,1,0,2.0,,
0060-04-01,34,60,Olympia,Olympia #4 - High,Near Playground,outdoor,0,ON,Remain,0,2.0,1,0,2.0,,
0060-04-02,34,60,Olympia,Olympia #4 - Low,Near Playground,outdoor,0,ON,Remain,0,2.0,1,0,2.0,,
0060-04-BF,34,60,Olympia,Olympia #4 - BF,Near Playground,outdoor,1,ON,Remain,1,2.0,1,0,2.0,,
0060-05-01,34,60,Olympia,Middle of Building,,indoor,0,ON,Fix/Replace LSL,0,9.2,1,0,9.8,,
0060-06-01,34,60,Olympia,Kitchen Sink,,indoor,0,OFF,Fix/Replace LSL,0,,0,0,6.5,,
0060-07-01,34,60,Olympia,Front Lobby,,indoor,0,ON,Fix/Replace LSL,0,4.3,1,0,12.0,,
0061-02-01,35,61,Brooks (Oscar),Brooks (Oscar) #2 - High,"West side of park, on path",outdoor,1,ON,Remain,1,2.0,1,0,2.0,,
0061-02-02,35,61,Brooks (Oscar),Brooks (Oscar) #2 - Low,"West side of park, on path",outdoor,0,ON,Remain,0,2.0,1,0,2.0,,
0061-02-BF,35,61,Brooks (Oscar),Brooks (Oscar) #2 - BF,"West side of park, on path",outdoor,0,ON,Remain,0,2.0,1,0,2.0,,
0061-03-01,35,61,Brooks (Oscar),North Foyer,,indoor,0,ON,Remain,0,2.0,1,0,2.0,,
0061-04-01,35,61,Brooks (Oscar),2nd Floor Club Room,,indoor,0,ON,Fix/Replace LSL,0,2.0,1,0,2.0,,
0061-05-01,35,61,Brooks (Oscar),Kitchen Sink,,indoor,0,ON,Remain,0,2.0,1,0,2.0,,
0062-01-01,36,62,Edison,Main Lobby,,indoor,0,ON,Fix/Replace LSL,0,,0,1,17.6,,
0062-02-01,36,62,Edison,Kitchen Sink,,indoor,0,OFF,Fix/Replace LSL,0,,0,1,22.5,,
0065-01-01,37,65,Fernwood,Fernwood #1,NORTH OF PLAYGROUND,outdoor,0,CONT,Fix/Replace LSL,0,2.0,1,0,2.0,,
0065-03-01,37,65,Fernwood,Lobby by Gym,,indoor,0,ON,Fix/Replace LSL,0,2.0,1,0,8.5,,
0065-04-01,37,65,Fernwood,Main Lobby,,indoor,0,ON,Remain,0,2.0,1,0,2.0,,
0065-05-01,37,65,Fernwood,Pool Deck,,indoor,0,ON,Remain,0,2.0,1,0,2.0,,
0065-06-01,37,65,Fernwood,Kitchen Sink,,indoor,0,ON,Remain,0,2.0,1,0,2.0,,
0066-02-01,38,66,Euclid,Euclid #2 - High,NORTH EAST CORNER OF BASKETBALL COURTS,outdoor,0,OFF,Fix/Replace LSL,0,,0,0,5.5,,
0066-02-02,38,66,Euclid,Euclid #2 - Low,NORTH EAST CORNER OF BASKETBALL COURTS,outdoor,0,OFF,Fix/Replace LSL,0,,0,1,196.0,,
0066-03-01,38,66,Euclid,Euclid #3 - High,WEST OF FIELDHOUSE,outdoor,0,ON,Remain,1,2.0,1,0,2.0,,
0066-03-02,38,66,Euclid,Euclid #3 - Low,WEST OF FIELDHOUSE,outdoor,0,ON,Remain,0,2.0,1,0,2.0,,
0066-04-01,38,66,Euclid,Main Lobby,,indoor,0,ON,Remain,0,2.0,1,0,2.0,,
0066-05-01,38,66,Euclid,Kitchen Sink,,indoor,0,ON,Remain,0,2.0,1,0,2.0,,
0070-01-01,39,70,Forest Glen,Forest Glen #1 - High,"At north entrance, on Berwyn",outdoor,0,CONT,Fix/Replace LSL,0,2.0,1,0,3.8,,
0070-01-02,39,70,Forest Glen,Forest Glen #1 - Low,"At north entrance, on Berwyn",outdoor,0,CONT,Fix/Replace LSL,0,2.0,1,0,4.1,,
0075-01-01,40,75,Hollywood,Hollywood #1,East of fieldhouse,outdoor,0,CONT,Fix/Replace LSL,0,2.0,1,0,2.0,,
0075-03-01,40,75,Hollywood,Kitchen Sink,,indoor,0,OFF,Fix/Replace LSL,0,,0,1,34.5,,
0080-02-01,41,80,Athletic Field,Athletic Field #2 - High,In playground,outdoor,0,ON,Remain,0,2.0,1,0,2.0,,
0080-02-02,41,80,Athletic Field,Athletic Field #2 - Middle,In playground,outdoor,0,ON,Remain,0,2.0,1,0,2.0,,
0080-02-03,41,80,Athletic Field,Athletic Field #2 - Low,In playground,outdoor,0,ON,Remain,0,2.0,1,0,2.0,,
0080-03-01,41,80,Athletic Field,Main Lobby,,indoor,0,ON,Remain,0,2.0,1,0,5.2,,
0081-01-01,42,81,Avondale,Avondale #1,Pool deck,outdoor,0,CONT,Fix/Replace LSL,0,,0,0,2.0,,
0081-02-01,42,81,Avondale,Avondale #2 - High,East of fieldhouse,outdoor,0,ON,Remain,1,2.0,1,0,2.0,,
0081-02-02,42,81,Avondale,Avondale #2 - Low,East of fieldhouse,outdoor,0,ON,Remain,0,2.0,1,0,2.0,,
0081-02-BF,42,81,Avondale,Avondale #2 - Bottle Filler,East of fieldhouse,outdoor,1,ON,Remain,0,2.0,1,0,2.0,,
0081-03-01,42,81,Avondale,Main Lobby,,indoor,0,ON,Fix/Replace LSL,0,2.0,1,0,2.1,,
0081-04-01,42,81,Avondale,Basement - Kitchen Sink,,indoor,0,ON,Fix/Replace LSL,0,6.3,1,0,15.0,,
0081-05-01,42,81,Avondale,2nd Floor - Kitchen Sink,,indoor,0,ON,Fix/Replace LSL,0,2.0,1,0,15.0,,
0082-01-01,43,82,Jensen,Jensen #1 - High,South of playground,outdoor,0,CONT,Remain,0,,0,0,2.0,,
0082-01-02,43,82,Jensen,Jensen #1 - Low,South of playground,outdoor,0,CONT,Remain,0,,0,0,2.0,,
0082-02-01,43,82,Jensen,Jensen #2 - High,Entrance at Lawldale and Eastwood,outdoor,0,ON,Remain,0,,0,0,2.0,,
0082-02-02,43,82,Jensen,Jensen #2 - Low,Entrance at Lawldale and Eastwood,outdoor,0,ON,Remain,0,2.0,1,0,2.0,,
0083-03-01,44,83,Independence,Independence #3 - High,"North of playground, south of Independence Park landscaping",outdoor,0,CONT,Fix/Replace LSL,0,2.0,1,0,2.2,41.95289397794031,-87.72347853192369
0083-03-02,44,83,Independence,Independence #3 - Middle,"North of playground, south of Independence Park landscaping",outdoor,0,CONT,Fix/Replace LSL,0,2.0,1,0,2.2,,
0083-03-03,44,83,Independence,Independence #3 - Low,"North of playground, south of Independence Park landscaping",outdoor,0,CONT,Fix/Replace LSL,0,2.0,1,0,2.0,,
0083-04-01,44,83,Independence,Special Rec - Kitchen,,indoor,0,ON,Remain,0,2.0,1,0,2.0,,
0083-05-01,44,83,Independence,Main Lobby - High,,indoor,0,ON,Remain,0,2.0,1,0,2.0,,
0083-05-02,44,83,Independence,Main Lobby - Low,,indoor,0,ON,Remain,0,2.0,1,0,2.0,,
0083-05-BF,44,83,Independence,Main Lobby Bottle Filler,,indoor,1,ON,Remain,0,2.0,1,0,2.0,,
0083-06-01,44,83,Independence,Pool Area,,indoor,0,ON,Remain,0,2.0,1,0,2.0,,
0083-07-01,44,83,Independence,Fitness Center,,indoor,0,ON,Remain,0,2.0,1,0,2.0,,
0083-08-01,44,83,Independence,Special Rec - High,,indoor,0,ON,Fix/Replace LSL,0,2.0,1,0,2.0,,
0083-08-02,44,83,Independence,Special Rec - Low,,indoor,0,OFF,Fix/Replace LSL,0,,0,0,2.0,,
0084-01-01,45,84,Kilbourn,Kilbourn #1 - High,"North end of park, next to concession",outdoor,0,ON,Remain,1,2.0,1,0,2.0,,
0084-01-02,45,84,Kilbourn,Kilbourn #1 - Low,"North end of park, next to concession",outdoor,0,ON,Remain,0,2.0,1,0,2.0,,
0084-01-BF,45,84,Kilbourn,Kilbourn #1 - Bottler Filler,"North end of park, next to concession",outdoor,1,ON,Remain,0,2.0,1,0,2.0,,
0084-03-01,45,84,Kilbourn,Kilbourn #3 - High,Next to playground,outdoor,0,ON,Remain,1,2.0,1,0,2.0,,
0084-03-02,45,84,Kilbourn,Kilbourn #3 - Low,Next to playground,outdoor,0,ON,Remain,0,2.0,1,0,2.0,,
0084-03-BF,45,84,Kilbourn,Kilbourn #3 - Bottle Filler,Next to playground,outdoor,1,ON,Remain,0,,0,0,2.0,,
0084-04-01,45,84,Kilbourn,Kilbourn #4,At Roscoe and Kenneth,outdoor,0,CONT,Fix/Replace LSL,0,2.0,1,0,2.0,,
0084-05-01,45,84,Kilbourn,Main Lobby,,indoor,0,ON,Remain,0,2.0,1,0,2.0,41.944148977307435,-87.7390770264137
0084-06-01,45,84,Kilbourn,Gym Hallway - West - High,,indoor,0,ON,Remain,0,2.0,1,0,2.0,,
0084-06-BF,45,84,Kilbourn,Gym Hallway - West - Bottle Filler,,indoor,1,ON,Remain,0,2.0,1,0,2.0,,
0084-07-01,45,84,Kilbourn,Gym Hallway - East,,indoor,0,ON,Remain,0,2.0,1,0,2.0,,
0084-08-01,45,84,Kilbourn,2nd Floor Kitchen Sink,,indoor,0,ON,Remain,0,5.7,1,0,5.7,,
0085-01-01,46,85,Kolmar,Kolmar #1,On Kolmar,outdoor,0,CONT,Fix/Replace LSL,0,2.0,1,1,24.4,41.95667272839891,-87.74175998335522
0086-01-01,47,86,Mayfair,Mayfair #1 - High,West of fieldhouse at spraypool,outdoor,0,ON,Remain,0,2.0,1,0,2.0,,
0086-01-02,47,86,Mayfair,Mayfair #1 - Middle,West of fieldhouse at spraypool,outdoor,0,ON,Remain,0,,0,0,2.0,,
0086-01-03,47,86,Mayfair,Mayfair #1 - Low,West of fieldhouse at spraypool,outdoor,0,ON,Remain,0,2.0,1,0,2.0,,
0086-02-01,47,86,Mayfair,Lobby - Bubbler,,indoor,0,ON,Remain,1,2.0,1,1,30.7,,
0086-02-BF,47,86,Mayfair,Lobby - Bottle Filler,,indoor,1,ON,Remain,0,2.0,1,0,2.0,,
0086-03-01,47,86,Mayfair,Kitchen Sink,,indoor,0,ON,Remain,1,2.0,1,1,253.0,,
0091-01-01,48,91,Rosedale,Rosedale #1 - High,Spray feature,outdoor,0,ON,Remain,0,2.0,1,0,2.0,,
0091-01-02,48,91,Rosedale,Rosedale #1 - Middle,Spray feature,outdoor,0,ON,Remain,0,,0,0,2.0,,
0091-01-03,48,91,Rosedale,Rosedale #1 - Low,Spray feature,outdoor,0,ON,Remain,0,2.0,1,0,2.0,,
0091-02-01,48,91,Rosedale,Rosedale #2,West side of fieldhouse,outdoor,0,ON,Remain,0,2.0,1,0,2.0,,
0091-03-01,48,91,Rosedale,Lobby,,indoor,0,ON,Fix/Replace LSL,0,2.0,1,0,2.9,,
0091-04-01,48,91,Rosedale,Kitchen Sink,,indoor,0,ON,Remain,0,2.0,1,0,2.0,,
0093-01-01,49,93,Gladstone,Gladstone #1 - High,"North of Fieldhouse, on Magnet",outdoor,0,CONT,Fix/Replace LSL,0,3.0,1,0,3.8,,
0093-01-02,49,93,Gladstone,Gladstone #1 - Middle,"North of Fieldhouse, on Magnet",outdoor,0,CONT,Fix/Replace LSL,0,4.1,1,0,7.7,,
0093-01-03,49,93,Gladstone,Gladstone #1 - Low,"North of Fieldhouse, on Magnet",outdoor,0,CONT,Fix/Replace LSL,0,6.5,1,0,6.5,,
0093-02-01,49,93,Gladstone,Kitchen Sink,,indoor,0,ON,Remain,0,2.0,1,0,2.0,,
0094-01-01,50,94,Thomas Jefferson Memorial,Thomas Jefferson Meml. #1,On path by service yard,outdoor,0,ON,Remain,0,2.0,1,0,2.0,,
0094-02-01,50,94,Thomas Jefferson Memorial,Thomas Jefferson Meml. #2,Pool deck,outdoor,0,ON,Remain,0,2.0,1,0,2.0,,
0094-03-01,50,94,Thomas Jefferson Memorial,Thomas Jefferson Meml. #3 - High,In playground,outdoor,0,ON,Remain,0,2.0,1,0,2.0,,
0094-03-02,50,94,Thomas Jefferson Memorial,Thomas Jefferson Meml. #3 - Middle,In playground,outdoor,0,ON,Remain,0,2.0,1,0,2.0,,
0094-03-03,50,94,Thomas Jefferson Memorial,Thomas Jefferson Meml. #3 - Low,In playground,outdoor,0,ON,Remain,0,2.0,1,0,5.8,,
0094-04-01,50,94,Thomas Jefferson Memorial,Main Lobby,,indoor,0,OFF,Fix/Replace LSL,0,105.0,1,1,105.0,,
0094-05-01,50,94,Thomas Jefferson Memorial,Downstairs,,indoor,0,OFF,Fix/Replace LSL,0,,0,1,20.2,,
0094-06-01,50,94,Thomas Jefferson Memorial,Upstairs,,indoor,0,ON,Fix/Replace LSL,0,2.2,1,0,5.7,,
0094-08-01,50,94,Thomas Jefferson Memorial,Kitchen Sink,,indoor,0,OFF,Fix/Replace LSL,0,145.0,1,1,145.0,,
0094-09-01,50,94,Thomas Jefferson Memorial,Service Yard,,indoor,0,ON,Fix/Replace LSL,0,5.7,1,0,6.4,,
0095-01-01,51,95,Roberts Square,Roberts Square #1,"Southwest corner of park, at Argyle and Lockwood",outdoor,0,CONT,Fix/Replace LSL,0,,0,0,,,
0100-01-01,52,100,Lincoln,Lincoln #1 - High,"WEST OF LSD, HOLLYWOOD AND LSD PLAYGROUND",outdoor,0,ON,Remain,0,2.0,1,0,2.0,,
0100-01-02,52,100,Lincoln,Lincoln #1 - Low,"WEST OF LSD, HOLLYWOOD AND LSD PLAYGROUND",outdoor,0,ON,Remain,0,2.0,1,0,2.0,,
0100-02-01,52,100,Lincoln,Lincoln #2,"WEST OF LSD, BRYN MAWR AND LSD - SOUTH OF PLAYGROUND",outdoor,0,CONT,Fix/Replace LSL,0,2.0,1,0,2.0,,
0100-05-01,52,100,Lincoln,Lincoln #5,"WEST OF LSD, PATH TRIANGLE, 100 YARDS NORTH OF MARGATE FIELDHOUSE",outdoor,0,ON,Remain,1,,0,0,2.0,,
0100-06-01,52,100,Lincoln,Lincoln #6 - High,"WEST OF LSD, PLAYGROUND AT MARGATE FIELDHOUSE, EAST SIDE OF BUILDING",outdoor,0,ON,Remain,0,2.0,1,0,2.0,,
0100-06-02,52,100,Lincoln,Lincoln #6 - Low,"WEST OF LSD, PLAYGROUND AT MARGATE FIELDHOUSE, EAST SIDE OF BUILDING",outdoor,0,ON,Remain,0,2.0,1,0,2.0,,
0100-07-01,52,100,Lincoln,Lincoln #7,"WEST OF LSD, MARGATE DOG PARK",outdoor,0,ON,Remain,0,2.0,1,0,2.0,,
0100-10-01,52,100,Lincoln,Lincoln #10 - High,"WEST OF LSD, NORTHEAST CORNER OF WILSON AND MARINE",outdoor,0,ON,Remain,1,,0,0,3.3,,
0100-10-02,52,100,Lincoln,Lincoln #10 - Low,"WEST OF LSD, NORTHEAST CORNER OF WILSON AND MARINE",outdoor,0,ON,Remain,0,,0,0,2.0,,
0100-11-02,52,100,Lincoln,Lincoln #11 - Middle,"WEST OF LSD, MONTROSE AND CLARENDON DOG PARK",outdoor,0,No Longer Exists,No Longer Exists,0,2.0,1,0,2.0,,
0100-12-01,52,100,Lincoln,Lincoln #12 - High,"WEST OF LSD, WEST ENTRANCE TO BUENA UNDERPASS, PEACE GARDEN",outdoor,0,CONT,Fix/Replace LSL,0,2.0,1,0,10.6,,
0100-12-02,52,100,Lincoln,Lincoln #12 - Low,"WEST OF LSD, WEST ENTRANCE TO BUENA UNDERPASS, PEACE GARDEN",outdoor,0,CONT,Fix/Replace LSL,0,2.0,1,0,9.0,,
0100-13-01,52,100,Lincoln,Lincoln #13,"WEST OF LSD, BELMONT LSD RAMP, TESCLER PLAYLOT",outdoor,0,ON,Remain,0,,0,0,2.0,,
0100-15-01,52,100,Lincoln,Lincoln #15 - North,"WEST OF LSD, PLAYGROUND AT NORTH POND",outdoor,0,CONT,Fix/Replace LSL,0,2.0,1,0,2.0,,
0100-15-02,52,100,Lincoln,Lincoln #15 - East,"WEST OF LSD, PLAYGROUND AT NORTH POND",outdoor,0,CONT,Fix/Replace LSL,0,,0,0,2.0,,
0100-15-03,52,100,Lincoln,Lincoln #15 - South,"WEST OF LSD, PLAYGROUND AT NORTH POND",outdoor,0,CONT,Fix/Replace LSL,0,,0,0,2.0,,
0100-15-04,52,100,Lincoln,Lincoln #15 - West,"WEST OF LSD, PLAYGROUND AT NORTH POND",outdoor,0,CONT,Fix/Replace LSL,0,,0,0,2.0,,
0100-16-01,52,100,Lincoln,Lincoln #16,"WEST OF LSD, BRIDGE PATH WEST SIDE OF DIVERSY HARBOR",outdoor,0,CONT,Remain ,0,2.0,1,0,2.0,,
0100-17-01,52,100,Lincoln,Lincoln #17 - High,"WEST OF LSD, STOCKTON ENTRANCE TO NORTH POND, NEAR GAZEBO",outdoor,0,CONT,Fix/Replace LSL,0,2.0,1,0,2.0,,
0100-17-02,52,100,Lincoln,Lincoln #17 - Low,"WEST OF LSD, STOCKTON ENTRANCE TO NORTH POND, NEAR GAZEBO",outdoor,0,CONT,Fix/Replace LSL,0,2.0,1,0,2.0,,
0100-17-BF,52,100,Lincoln,Lincoln #17 - Bottle Filler,"WEST OF LSD, STOCKTON ENTRANCE TO NORTH POND, NEAR GAZEBO",outdoor,1,CONT,Fix/Replace LSL,0,2.0,1,0,2.0,,
0100-18-01,52,100,Lincoln,Lincoln #18 - High,"WEST OF LSD, FULLERTON AND CANNON, WEST OF LIFT STATION",outdoor,0,ON,Remain,0,2.0,1,0,2.0,,
0100-18-02,52,100,Lincoln,Lincoln #18 - Low,"WEST OF LSD, FULLERTON AND CANNON, WEST OF LIFT STATION",outdoor,0,ON,Remain,0,2.0,1,0,2.0,,
0100-20-01,52,100,Lincoln,Lincoln #20 - High,"WEST OF LSD, FULLERTON AND STOCKTON, BETWEEN STOCKTON AND LAKEVIEW",outdoor,0,ON,Remain,0,2.0,1,0,2.0,,
0100-20-02,52,100,Lincoln,Lincoln #20 - Low,"WEST OF LSD, FULLERTON AND STOCKTON, BETWEEN STOCKTON AND LAKEVIEW",outdoor,0,ON,Remain,0,2.0,1,0,2.0,,
0100-20-BF,52,100,Lincoln,Lincoln #20 - BF,"WEST OF LSD, FULLERTON AND STOCKTON, BETWEEN STOCKTON AND LAKEVIEW",outdoor,1,ON,Remain,1,2.0,1,0,2.0,,
0100-23-01,52,100,Lincoln,Lincoln #23 - High,"WEST OF LSD, WEST OF SOUTH LAGOON, EAST OF ZOO POWER HOUSE",outdoor,0,ON,Remain,1,2.0,1,0,2.0,,
0100-23-02,52,100,Lincoln,Lincoln #23 - Low,"WEST OF LSD, WEST OF SOUTH LAGOON, EAST OF ZOO POWER HOUSE",outdoor,0,ON,Remain,0,2.0,1,0,2.0,,
0100-23-BF,52,100,Lincoln,Lincoln #23 - BF,"WEST OF LSD, WEST OF SOUTH LAGOON, EAST OF ZOO POWER HOUSE",outdoor,1,ON,Remain,0,2.0,1,0,2.0,,
0100-24-01,52,100,Lincoln,Lincoln #24,"WEST OF LSD, CUMMINS PLAYLOT",outdoor,0,ON,Remain,0,,0,0,,,
0100-26-01,52,100,Lincoln,Lincoln #26,"WEST OF LSD, CLARK STREET ENTRANCE TO CULTURAL CENTER",outdoor,0,CONT,Fix/Replace LSL,0,2.0,1,0,2.0,,
0100-30-01,52,100,Lincoln,Lincoln #30,"WEST OF LSD, SOUTH FIELD AT PASSERRELLE",outdoor,0,ON,Remain,0,2.0,1,0,2.0,,
0100-31-01,52,100,Lincoln,Lincoln #31 - High,"WEST OF LSD, SOUTH FIELD , NORTH OF FIELDHOUSE",outdoor,0,ON,Remain,0,2.0,1,0,2.0,,
0100-31-02,52,100,Lincoln,Lincoln #31 - Middle,"WEST OF LSD, SOUTH FIELD , NORTH OF FIELDHOUSE",outdoor,0,ON,Remain,0,,0,0,2.0,,
0100-31-03,52,100,Lincoln,Lincoln #31 - Low,"WEST OF LSD, SOUTH FIELD , NORTH OF FIELDHOUSE",outdoor,0,ON,Remain,0,2.0,1,0,2.0,,
0100-33-01,52,100,Lincoln,Lincoln #33,"WEST OF LSD, SOUTH FIELDHOUSE, SOUTH ENTRANCE AT BALL FIELD",outdoor,0,OFF,Fix/Replace LSL,0,,0,1,138.0,,
0100-34-01,52,100,Lincoln,Lincoln #34 - North,"EAST OF LSD, OAK STREET CONCESSION",outdoor,0,CONT,Fix/Replace LSL,0,,0,0,2.0,,
0100-34-02,52,100,Lincoln,Lincoln #34 - East,"EAST OF LSD, OAK STREET CONCESSION",outdoor,0,CONT,Fix/Replace LSL,0,,0,0,2.0,,
0100-34-03,52,100,Lincoln,Lincoln #34 - South,"EAST OF LSD, OAK STREET CONCESSION",outdoor,0,CONT,Fix/Replace LSL,0,,0,0,2.0,,
0100-34-04,52,100,Lincoln,Lincoln #34 - West,"EAST OF LSD, OAK STREET CONCESSION",outdoor,0,CONT,Fix/Replace LSL,0,,0,0,2.0,,
0100-35-01,52,100,Lincoln,Lincoln #35 - North,"EAST OF LSD, AT OAK STREET BEACH",outdoor,0,CONT,Fix/Replace LSL,0,,0,0,2.0,,
0100-35-02,52,100,Lincoln,Lincoln #35 - East,"EAST OF LSD, AT OAK STREET BEACH",outdoor,0,CONT,Fix/Replace LSL,0,,0,0,2.0,,
0100-35-03,52,100,Lincoln,Lincoln #35 - South,"EAST OF LSD, AT OAK STREET BEACH",outdoor,0,CONT,Fix/Replace LSL,0,,0,0,2.0,,
0100-35-04,52,100,Lincoln,Lincoln #35 - West,"EAST OF LSD, AT OAK, NEAR OAK STREET BEACH",outdoor,0,CONT,Fix/Replace LSL,0,,0,0,2.1,,
0100-36-01,52,100,Lincoln,Lincoln #36 - North,"EAST OF LSD, AT ELM, NEAR OAK STREET BEACH",outdoor,0,CONT,Fix/Replace LSL,0,2.3,1,0,7.9,,
0100-36-02,52,100,Lincoln,Lincoln #36 - East,"EAST OF LSD, AT ELM, NEAR OAK STREET BEACH",outdoor,0,CONT,Fix/Replace LSL,0,,0,0,8.6,,
0100-36-03,52,100,Lincoln,Lincoln #36 - South,"EAST OF LSD, AT ELM, NEAR OAK STREET BEACH",outdoor,0,CONT,Fix/Replace LSL,0,,0,0,9.4,,
0100-36-04,52,100,Lincoln,Lincoln #36 - West,"EAST OF LSD, AT ELM, NEAR OAK STREET BEACH",outdoor,0,CONT,Fix/Replace LSL,0,,0,0,8.7,,
0100-37-01,52,100,Lincoln,Lincoln #37,"EAST OF LSD, AT DIVISION, NEAR OAK STREET BEACH",outdoor,0,OFF,Fix/Replace LSL,0,12.1,1,1,421.0,,
0100-39-01,52,100,Lincoln,Lincoln #39 - North,"EAST OF LSD, AT NORTH AVE. LSD RAMP",outdoor,0,ON,Remain,0,,0,0,2.0,,
0100-39-02,52,100,Lincoln,Lincoln #39 - East,"EAST OF LSD, AT NORTH AVE. LSD RAMP",outdoor,0,ON,Remain,0,,0,0,2.0,,
0100-39-03,52,100,Lincoln,Lincoln #39 - South,"EAST OF LSD, AT NORTH AVE. LSD RAMP",outdoor,0,ON,Remain,0,,0,0,2.0,,
0100-39-04,52,100,Lincoln,Lincoln #39 - West,"EAST OF LSD, AT NORTH AVE. LSD RAMP",outdoor,0,ON,Remain,0,,0,0,2.0,,
0100-40-01,52,100,Lincoln,Lincoln #40,"EAST OF LSD, NAB BEACH HOUSE, NORTHWEST RESTROOM",outdoor,0,ON,Remain,1,,0,0,2.0,,
0100-41-01,52,100,Lincoln,Lincoln #41,"EAST OF LSD, NAB BEACH HOUSE, SW WOMEN'S RESTROOM",outdoor,0,ON,Remain,0,2.0,1,0,2.0,,
0100-42-01,52,100,Lincoln,Lincoln #42,"EAST OF LSD, NAB BEACH HOUSE, SW MEN'S RESTROOM",outdoor,0,ON,Remain,0,2.0,1,0,2.0,,
0100-43-01,52,100,Lincoln,Lincoln #43,"EAST OS LSD, NAB BEACH HOUSE, SE MEN'S RESTROOM",outdoor,0,ON,Remain,1,2.0,1,0,2.0,,
0100-44-01,52,100,Lincoln,Lincoln #44,"EAST OF LSD, NAB BEACH HOUSE, SE WOMEN'S RESTROOM",outdoor,0,ON,Remain,0,,0,0,2.0,,
0100-46-01,52,100,Lincoln,Lincoln #46,"EAST OF LSD, NAB BEACH HOUSE, EAST MEN'S RESTROOM",outdoor,0,ON,Remain,0,2.0,1,0,2.0,,
0100-47-01,52,100,Lincoln,Lincoln #47 - North,"EAST OF LSD, AT WISCONSIN, NEAR NORTH AVE BEACH",outdoor,0,ON,Remain,1,,0,0,,,
0100-47-02,52,100,Lincoln,Lincoln #47 - East,"EAST OF LSD, AT WISCONSIN, NEAR NORTH AVE BEACH",outdoor,0,ON,Remain,0,,0,0,,,
0100-47-03,52,100,Lincoln,Lincoln #47 - South,"EAST OF LSD, AT WISCONSIN, NEAR NORTH AVE BEACH",outdoor,0,ON,Remain,0,,0,0,,,
0100-47-04,52,100,Lincoln,Lincoln #47 - West,"EAST OF LSD, AT WISCONSIN, NEAR NORTH AVE BEACH",outdoor,0,ON,Remain,0,,0,0,,,
0100-49-01,52,100,Lincoln,Lincoln #49 - High,"EAST OF LSD, AT WEBSTER COMFORT STATION",outdoor,0,ON,Remain,0,2.0,1,0,2.0,,
0100-49-03,52,100,Lincoln,Lincoln #49 - South,"EAST OF LSD, AT WEBSTER COMFORT STATION",outdoor,0,REMOVED,Already Removed,0,,0,0,2.0,,
0100-49-04,52,100,Lincoln,Lincoln #49 - West,"EAST OF LSD, AT WEBSTER COMFORT STATION",outdoor,0,REMOVED,Already Removed,0,,0,0,2.0,,
0100-49-BF,52,100,Lincoln,Lincoln #49 - Bottle Filler,"EAST OF LSD, AT WEBSTER COMFORT STATION",outdoor,1,ON,Remain,0,2.0,1,0,2.0,,
0100-50-01,52,100,Lincoln,Lincoln #50 - North,"EAST OF LSD, AT FULLERTON",outdoor,0,ON,Remain,1,2.0,1,0,2.0,,
0100-50-02,52,100,Lincoln,Lincoln #50 - East,"EAST OF LSD, AT FULLERTON",outdoor,0,ON,Remain,0,,0,0,2.0,,
0100-50-03,52,100,Lincoln,Lincoln #50 - South,"EAST OF LSD, AT FULLERTON",outdoor,0,ON,Remain,0,,0,0,2.0,,
0100-50-04,52,100,Lincoln,Lincoln #50 - West,"EAST OF LSD, AT FULLERTON",outdoor,0,ON,Remain,0,,0,0,2.0,,
0100-52-01,52,100,Lincoln,Lincoln #52 - High,"EAST OF LSD, AT DIVERSEY",outdoor,0,ON,Remain,1,,0,0,2.0,,
0100-52-02,52,100,Lincoln,Lincoln #52 - Low,"EAST OF LSD, AT DIVERSEY",outdoor,0,ON,Remain,0,,0,0,2.0,,
0100-52-BF,52,100,Lincoln,Lincoln #52 - BF,"EAST OF LSD, AT DIVERSEY",outdoor,1,ON,Remain,0,,0,0,2.0,,
0100-53-01,52,100,Lincoln,Lincoln #53,"EAST OF LSD, AT BELMONT HARBOR CONCESSION, SOUTH",outdoor,0,ON,Fix/Replace LSL,0,2.0,1,0,2.0,,
0100-54-01,52,100,Lincoln,Lincoln #54 - High,"EAST OF LSD, AT BELMOND HARBOR COMFORT STATION, WEST",outdoor,0,ON,Remain,0,2.0,1,0,2.0,,
0100-54-02,52,100,Lincoln,Lincoln #54 - Middle,"EAST OF LSD, AT BELMOND HARBOR COMFORT STATION, WEST",outdoor,0,ON,Remain,0,2.0,1,0,2.0,,
0100-54-03,52,100,Lincoln,Lincoln #54 - Low,"EAST OF LSD, AT BELMOND HARBOR COMFORT STATION, WEST",outdoor,0,ON,Remain,0,2.0,1,0,2.0,,
0100-56-01,52,100,Lincoln,Lincoln #56 - High,"EAST OF LSD, BELMONT HARBOR AT BROMPTON, TOTEM POLE",outdoor,0,ON,Remain,1,2.0,1,0,2.0,,
0100-56-02,52,100,Lincoln,Lincoln #56 - Middle,"EAST OF LSD, BELMONT HARBOR AT BROMPTON, TOTEM POLE",outdoor,0,REMOVED,Already Removed,0,,0,0,2.0,,
0100-56-03,52,100,Lincoln,Lincoln #56 - Low,"EAST OF LSD, BELMONT HARBOR AT BROMPTON, TOTEM POLE",outdoor,0,ON,Remain,0,2.0,1,0,2.0,,
0100-59-01,52,100,Lincoln,Lincoln #59,"EAST OF LSD, AT WAVELAND BASEBALL FIELDS",outdoor,0,CONT,Fix/Replace LSL,0,2.0,1,1,74.7,,
0100-60-01,52,100,Lincoln,Lincoln #60,"EAST OF LSD, AT WAVELAND NORTH TENNIS COURTS",outdoor,0,CONT,Fix/Replace LSL,0,2.0,1,0,2.0,,
0100-62-01,52,100,Lincoln,Lincoln #62 - High,"EAST OF LSD, AT MONTROSE, ON BIKE PATH",outdoor,0,ON,Remain,1,2.0,1,0,2.0,,
0100-62-02,52,100,Lincoln,Lincoln #62 - Low,"EAST OF LSD, AT MONTROSE, ON BIKE PATH",outdoor,0,ON,Remain,0,2.0,1,0,2.0,,
0100-62-BF,52,100,Lincoln,Lincoln #62 - Bottle Filler,"EAST OF LSD, AT MONTROSE, ON BIKE PATH",outdoor,1,ON,Remain,0,2.0,1,0,2.0,,
0100-63-01,52,100,Lincoln,Lincoln #63,"EAST OF LSD, AT WILSON COMFORT STATION",outdoor,0,CONT,Fix/Replace LSL,0,2.0,1,0,2.0,,
0100-64-01,52,100,Lincoln,Lincoln #64,"EAST OF LSD, SW SIDE OF CRICKET HILL",outdoor,0,CONT,Fix/Replace LSL,0,,0,0,2.0,,
0100-65-01,52,100,Lincoln,Lincoln #65 - High,"EAST OF LSD, MONTROSE HARBOR NORTH",outdoor,0,ON,Fix/Replace LSL,0,2.0,1,0,2.0,,
0100-65-02,52,100,Lincoln,Lincoln #65 - Low,"EAST OF LSD, MONTROSE HARBOR NORTH",outdoor,0,ON,Fix/Replace LSL,0,2.0,1,0,2.0,,
0100-66-01,52,100,Lincoln,Lincoln #66 - North,"EAST OF LSD, MONTROSE HARBOR, NEAR BAIT SHOP",outdoor,0,ON,Remain,1,2.0,1,0,2.0,,
0100-66-02,52,100,Lincoln,Lincoln #66 - East,"EAST OF LSD, MONTROSE HARBOR, NEAR BAIT SHOP",outdoor,0,ON,Remain,0,,0,0,2.0,,
0100-66-03,52,100,Lincoln,Lincoln #66 - South,"EAST OF LSD, MONTROSE HARBOR, NEAR BAIT SHOP",outdoor,0,ON,Remain,0,,0,0,2.0,,
0100-66-04,52,100,Lincoln,Lincoln #66 - West,"EAST OF LSD, MONTROSE HARBOR, NEAR BAIT SHOP",outdoor,0,ON,Remain,0,,0,0,2.0,,
0100-67-01,52,100,Lincoln,Lincoln #67,"EAST OF LSD, MONTROSE BEACH CONCESSION",outdoor,0,CONT,Fix/Replace LSL,0,2.0,1,1,19.7,,
0100-69-01,52,100,Lincoln,Lincoln #69 - High,"EAST OF LSD, MONTROSE BEACH HOUSE",outdoor,0,ON,Remain,0,2.0,1,0,2.0,,
0100-69-02,52,100,Lincoln,Lincoln #69 - Middle,"EAST OF LSD, MONTROSE BEACH HOUSE",outdoor,0,ON,Remain,0,2.0,1,0,2.0,,
0100-69-03,52,100,Lincoln,Lincoln #69 - Low,"EAST OF LSD, MONTROSE BEACH HOUSE",outdoor,0,ON,Remain,0,2.0,1,0,2.0,,
0100-70-01,52,100,Lincoln,Lincoln #70,"EAST OF LSD, AT WILSON",outdoor,0,CONT,Fix/Replace LSL,0,2.0,1,0,2.0,,
0100-71-01,52,100,Lincoln,Lincoln #71,"EAST OF LSD, AT LELAND",outdoor,0,CONT,Fix/Replace LSL,0,2.0,1,0,2.0,,
0100-72-01,52,100,Lincoln,Lincoln #72,"EAST OF LSD, AT LAWRENCE",outdoor,0,ON,Remain,1,,0,0,,,
0100-73-01,52,100,Lincoln,Lincoln #73 - High,"EAST OF LSD, AT CASTLEWOOD",outdoor,0,ON,Fix/Replace LSL,0,2.0,1,0,2.0,,
0100-73-02,52,100,Lincoln,Lincoln #73 - Low,"EAST OF LSD, AT CASTLEWOOD",outdoor,0,ON,Fix/Replace LSL,0,2.0,1,0,2.0,,
0100-73-BF,52,100,Lincoln,Lincoln #73 - Bottle Filler,"EAST OF LSD, AT CASTLEWOOD",outdoor,1,ON,Fix/Replace LSL,0,2.0,1,0,2.0,,
0100-74-01,52,100,Lincoln,Lincoln #74 - High,"EAST OF LSD, AT ARGYLE",outdoor,0,ON,Fix/Replace LSL,0,2.0,1,0,2.0,,
0100-74-02,52,100,Lincoln,Lincoln #74 - Low,"EAST OF LSD, AT ARGYLE",outdoor,0,ON,Fix/Replace LSL,0,2.0,1,0,2.0,,
0100-75-01,52,100,Lincoln,Lincoln #75 - High,"EAST OF LSD, AT CARMEN",outdoor,0,ON,Fix/Replace LSL,0,,0,0,2.0,,
0100-75-02,52,100,Lincoln,Lincoln #75 - Middle,"EAST OF LSD, AT CARMEN",outdoor,0,ON,Fix/Replace LSL,0,2.0,1,0,2.0,,
0100-75-03,52,100,Lincoln,Lincoln #75 - Low,"EAST OF LSD, AT CARMEN",outdoor,0,ON,Fix/Replace LSL,0,2.0,1,0,2.0,,
0100-76-01,52,100,Lincoln,Lincoln #76 - High,"EAST OF LSD, AT FOSTER BEACH HOUSE",outdoor,0,ON,Remain,1,,0,0,,,
0100-76-02,52,100,Lincoln,Lincoln #76 - Low,"EAST OF LSD, AT FOSTER BEACH HOUSE",outdoor,0,ON,Remain,0,2.0,1,0,2.0,,
0100-79-01,52,100,Lincoln,Lincoln #79 - High,"EAST OF LSD, AT SOUTHEAST OF OSTERMAN BEACH HOUSE",outdoor,0,ON,Remain,0,2.0,1,0,2.0,,
0100-79-02,52,100,Lincoln,Lincoln #79 - Low,"EAST OF LSD, AT SOUTHEAST OF OSTERMAN BEACH HOUSE",outdoor,0,ON,Remain,0,2.0,1,0,2.0,,
0100-80-01,52,100,Lincoln,Lincoln #80 - High,Ardmore,outdoor,0,CONT,Fix/Replace LSL,0,2.0,1,0,2.0,,
0100-80-02,52,100,Lincoln,Lincoln #80 - Low,Ardmore,outdoor,0,CONT,Fix/Replace LSL,0,2.0,1,0,2.0,,
0100-80-BF,52,100,Lincoln,Lincoln #80 - Bottle Filler,Ardmore,outdoor,1,CONT,Fix/Replace LSL,0,2.0,1,0,2.0,,
0100-81-01,52,100,Lincoln,Cultural Center - Main Lobby - High,,indoor,0,ON,Fix/Replace LSL,0,2.0,1,0,12.0,,
0100-81-02,52,100,Lincoln,Cultural Center - Main Lobby - Low,,indoor,0,ON,Fix/Replace LSL,0,2.0,1,0,2.0,,
0100-82-01,52,100,Lincoln,Cultural Center - Basement by Rec Room - High,,indoor,0,ON,Remain,0,,0,0,2.0,,
0100-82-02,52,100,Lincoln,Cultural Center - Basement by Rec Room - Low,,indoor,0,ON,Remain,0,,0,0,2.0,,
0100-83-01,52,100,Lincoln,Margate Fieldhouse - South Hallway,,indoor,0,ON,Remain,0,2.0,1,0,2.0,,
0100-84-01,52,100,Lincoln,Lincoln-South Athletic Fieldhouse-Near Bathrooms-High,,indoor,0,OFF,Fix/Replace LSL,0,43.5,1,1,43.5,,
0100-84-02,52,100,Lincoln,Lincoln-South Athletic Fieldhouse-Near Bathrooms-Low,,indoor,0,OFF,Fix/Replace LSL,0,342.0,1,1,342.0,,
0100-86-01,52,100,Lincoln Conservatory,Foreman Office  -  Sink,,indoor,0,ON,Remain,0,2.0,1,0,2.0,,
0100-87-01,52,100,Lincoln Conservatory,Range  -  Water Cooler,,indoor,0,ON,Remain,0,2.0,1,0,2.0,,
0100-88-01,52,100,Lincoln Conservatory,Orchid Basement  -  Sink,,indoor,0,OFF,Fix/Replace LSL,0,,0,1,16.2,,
0100-89-01,52,100,Lincoln Conservatory,Palmhouse Basement  -  Sink,,indoor,0,ON,Remain,0,2.0,1,0,2.0,,
0100-90-01,52,100,Lincoln Conservatory,Kitchen  -  Sink,,indoor,0,OFF,Fix/Replace LSL,0,,0,0,2.0,,
0100-91-01,52,100,Lincoln Conservatory,East End,,indoor,0,OFF,Fix/Replace LSL,0,,0,0,3.8,,
0100-92-01,52,100,Lincoln Conservatory,Outside Kitchen  -  Sink,,indoor,0,ON,Remain,0,,0,0,2.0,,
0100-93-01,52,100,Lincoln Conservatory,Kitchen Fountain,,indoor,0,ON,Remain,0,2.0,1,0,2.0,,
0100-94-01,52,100,Lincoln Conservatory,Foreman's Office Fountain,,indoor,0,ON,Remain,0,2.0,1,0,2.0,,
0100-95-01,52,100,Lincoln Conservatory,Basement Fountain,,indoor,0,ON,Fix/Replace LSL,0,5.6,1,0,5.6,,
0100-96-01,52,100,Lincoln,South Athletic Fieldhouse - Kitchen Sink,,indoor,0,ON,Remain,0,2.0,1,0,2.0,,
0100-97-01,52,100,Lincoln,Margate Fieldhouse - Kitchen Sink,,indoor,0,ON,Remain,0,2.0,1,0,2.0,,
0103-01-01,53,103,Chase,Chase #1 - High,On wall of filter room on pool deck,outdoor,0,ON,Remain,0,,0,0,2.0,,
0103-01-02,53,103,Chase,Chase #1 - Low,On wall of filter room on pool deck,outdoor,0,ON,Remain,0,,0,0,2.0,,
0103-04-01,53,103,Chase,Chase #4 - High,Playground,outdoor,0,ON,Remain,0,2.0,1,0,2.0,,
0103-04-02,53,103,Chase,Chase #4 - Middle,Playground,outdoor,0,ON,Remain,0,,0,0,2.0,,
0103-04-03,53,103,Chase,Chase #4 - Low,Playground,outdoor,0,ON,Remain,0,2.0,1,0,2.0,,
0103-05-01,53,103,Chase,Chase #5 - High,At Clark and Leland,outdoor,0,ON,Remain,0,2.0,1,0,2.0,,
0103-05-02,53,103,Chase,Chase #5 - Low,At Clark and Leland,outdoor,0,ON,Remain,0,2.0,1,0,2.0,,
0103-05-BF,53,103,Chase,Chase #5 - Bottle Filler,At Clark and Leland,outdoor,1,ON,Remain,0,2.0,1,0,2.0,,
0103-06-01,53,103,Chase,1st Floor Lobby,,indoor,0,ON,Remain,0,2.0,1,0,2.0,,
0103-06-BF,53,103,Chase,1st Floor Lobby - Bottle Filler,,indoor,1,ON,Remain,0,2.0,1,0,2.0,,
0103-07-01,53,103,Chase,2nd Floor Near Bathrooms,,indoor,0,ON,Fix/Replace LSL,0,2.0,1,0,5.2,,
0103-08-01,53,103,Chase,2nd Floor Kitchen Sink,,indoor,0,OFF,Fix/Replace LSL,0,,0,0,2.0,,
0104-01-01,54,104,Emmerson,Emmerson #1,Northeast corner of basketball court,outdoor,0,ON,Remain,1,,1,0,8.5,,
0104-02-01,54,104,Emmerson,Main Lobby,,indoor,0,OFF,Fix/Replace LSL,0,6.4,1,0,6.4,,
0104-03-01,54,104,Emmerson,Kitchen Sink,,indoor,0,ON,Remain,0,2.0,1,0,2.0,,
0105-01-01,55,105,Goudy Square,Goudy Square #1 - High,Center of playground,outdoor,0,ON,Remain,0,2.0,1,0,2.0,,
0105-01-02,55,105,Goudy Square,Goudy Square #1 - Middle,Center of playground,outdoor,0,ON,Remain,0,2.0,1,0,2.0,,
0105-01-03,55,105,Goudy Square,Goudy Square #1 - Low,Center of playground,outdoor,0,ON,Remain,0,2.0,1,0,2.0,,
0106-01-01,56,106,Hamlin,Hamlin #1,PLAYGROUND,outdoor,0,ON,Remain,1,,0,0,,,
0106-02-01,56,106,Hamlin,Hamlin #2,POOL DECK,outdoor,0,CONT,Fix/Replace LSL,0,2.0,1,0,2.0,,
0106-03-01,56,106,Hamlin,Hamlin #3,BASKETBALL COURT,outdoor,0,ON,Remain,1,,0,0,12.6,,
0106-04-01,56,106,Hamlin,Hamlin #4 - High,AT DAMEN AND NELSON,outdoor,0,ON,Remain,1,2.0,1,0,4.7,,
0106-04-02,56,106,Hamlin,Hamlin #4 - Low,AT DAMEN AND NELSON,outdoor,0,ON,Remain,0,2.0,1,0,2.0,,
0106-04-BF,56,106,Hamlin,Hamlin #4 - Bottle Filler,AT DAMEN AND NELSON,outdoor,1,ON,Remain,0,2.0,1,0,2.0,,
0106-05-01,56,106,Hamlin,Main Lobby,,indoor,0,ON,Fix/Replace LSL,0,2.0,1,0,6.3,,
0106-06-01,56,106,Hamlin,Women's Locker Room,,indoor,0,OFF,Fix/Replace LSL,0,,0,0,2.0,,
0106-07-01,56,106,Hamlin,Kitchen Sink,,indoor,0,ON,Remain,0,2.0,1,0,2.0,,
0107-02-01,57,107,Lake Shore,Lake Shore #2 - High,"Southeast corner, inside track",outdoor,0,ON,Remain,0,,0,0,2.0,,
0107-02-02,57,107,Lake Shore,Lake Shore #2 - Middle,"Southeast corner, inside track",outdoor,0,ON,Remain,0,2.0,1,0,2.0,,
0107-02-03,57,107,Lake Shore,Lake Shore #2 - Low,"Southeast corner, inside track",outdoor,0,ON,Remain,0,2.0,1,0,2.0,,
0107-03-01,57,107,Lake Shore,Main Hallway Fountain,,indoor,0,ON,Remain,0,2.0,1,0,2.0,,
0107-03-BF,57,107,Lake Shore,Main Hallway Bottle Filler,,indoor,1,ON,Remain,0,2.0,1,0,2.0,,
0107-04-01,57,107,Lake Shore,Kitchen Sink,,indoor,0,ON,Fix/Replace LSL,0,2.0,1,1,19.5,,
0108-01-01,58,108,Seward,Seward #1 - High,West of entrance at Division and Sedgewick,outdoor,0,ON,Remain,0,,0,0,,,
0108-01-02,58,108,Seward,Seward #1 - Low,West of entrance at Division and Sedgewick,outdoor,0,ON,Remain,0,,0,0,,,
0108-03-01,58,108,Seward,Seward #3,"South side of fieldhouse, next to basketball courts",outdoor,0,ON,Remain,0,2.0,1,0,2.0,,
0108-04-01,58,108,Seward,Main Lobby - High,,indoor,0,ON,Remain,0,2.0,1,0,2.0,,
0108-04-02,58,108,Seward,Main Lobby - Low,,indoor,0,ON,Remain,0,2.0,1,0,2.0,,
0108-04-BF,58,108,Seward,Main Lobby - Bottle Filler,,indoor,1,ON,Remain,0,2.0,1,0,2.0,,
0108-05-01,58,108,Seward,Kitchen Sink,,indoor,0,ON,Remain,0,2.0,1,0,2.0,,
0109-01-01,59,109,Stanton,Stanton #1 - High,Between playground and ball fields,outdoor,0,ON,Remain,1,2.0,1,0,2.0,,
0109-01-02,59,109,Stanton,Stanton #1 - Low,Between playground and ball fields,outdoor,0,ON,Remain,0,2.0,1,0,2.0,,
0109-02-01,59,109,Stanton,Stanton #2,North of basketball courts closest to the school,outdoor,0,ON,Remain,1,2.0,1,0,2.0,,
0109-03-01,59,109,Stanton,Pool Area,,indoor,0,ON,Remain,0,2.0,1,0,2.0,,
0109-04-01,59,109,Stanton,Gym Entrance  -  High,,indoor,0,ON,Remain,0,2.0,1,0,2.0,,
0109-04-BF,59,109,Stanton,Gym Entrance  -  Bottle Filler,,indoor,1,ON,Remain,0,2.0,1,0,2.0,,
0109-05-01,59,109,Stanton,Kitchen Sink,,indoor,0,ON,Remain,0,2.0,1,0,2.0,,
0110-01-01,60,110,Welles,Welles #1 - High,Playlot,outdoor,0,ON,Remain,0,2.0,1,0,2.0,,
0110-01-02,60,110,Welles,Welles #1 - Middle,Playlot,outdoor,0,ON,Remain,0,2.0,1,0,2.0,,
0110-01-03,60,110,Welles,Welles #1 - Low,Playlot,outdoor,0,ON,Remain,0,2.0,1,0,2.0,,
0110-03-01,60,110,Welles,Welles #3 - High,By gazebo,outdoor,0,CONT,Fix/Replace LSL,0,,0,0,2.0,,
0110-03-02,60,110,Welles,Welles #3 - Middle,By gazebo,outdoor,0,CONT,Fix/Replace LSL,0,,0,0,6.8,,
0110-03-03,60,110,Welles,Welles #3 - Low,By gazebo,outdoor,0,CONT,Fix/Replace LSL,0,2.0,1,0,2.0,,
0110-04-01,60,110,Welles,Welles #4 - High,North of tennis courts in driveway,outdoor,0,ON,Remain,1,2.0,1,0,2.0,,
0110-04-02,60,110,Welles,Welles #4 - Low,North of tennis courts in driveway,outdoor,0,ON,Remain,0,2.0,1,0,2.0,,
0110-04-BF,60,110,Welles,Welles #4 - BF,North of tennis courts in driveway,outdoor,1,ON,Remain,0,2.0,1,0,2.0,,
0110-05-01,60,110,Welles,Main Hallway - High,,indoor,0,ON,Remain,0,3.4,1,0,3.4,,
0110-05-02,60,110,Welles,Main Hallway - Low,,indoor,0,ON,Remain,0,2.0,1,0,2.0,,
0110-07-01,60,110,Welles,Women's Locker Room,,indoor,0,OFF,Fix/Replace LSL,0,,0,1,32.0,,
0110-08-01,60,110,Welles,Pool Deck - High,,indoor,0,ON,Remain,0,2.0,1,0,2.0,,
0110-08-02,60,110,Welles,Pool Deck - Low,,indoor,0,ON,Remain,0,2.0,1,0,2.0,,
0110-09-01,60,110,Welles,Basement - High,,indoor,0,ON,Remain,0,2.0,1,0,2.0,,
0110-09-02,60,110,Welles,Basement - Low,,indoor,0,ON,Remain,0,2.0,1,0,2.0,,
0110-10-01,60,110,Welles,West Gym,,indoor,0,ON,Remain,0,2.0,1,0,2.0,,
0110-11-01,60,110,Welles,East Gym - High,,indoor,0,ON,Remain,0,2.0,1,0,2.0,,
0110-11-02,60,110,Welles,East Gym - Low,,indoor,0,ON,Remain,0,2.5,1,0,2.5,,
0110-12-01,60,110,Welles,Kitchen Sink,,indoor,0,ON,Remain,0,2.3,1,0,2.3,,
0115-02-01,61,115,Loyola,Loyola #2 - High,NORTHWEST CORNER OF BASKETBALL COURT,outdoor,0,ON,Remain,0,2.0,1,0,2.0,,
0115-02-BF,61,115,Loyola,Loyola #2 - Bottle Filler,NORTHWEST CORNER OF BASKETBALL COURT,outdoor,1,ON,Remain,0,2.0,1,0,2.0,,
0115-03-01,61,115,Loyola,Loyola #3,PLAYGROUND,outdoor,0,ON,Remain,0,,0,0,2.0,,
0115-04-01,61,115,Loyola,Loyola #4,COMFORT STATION,outdoor,0,ON,Remain,0,2.0,1,0,2.0,,
0115-07-01,61,115,Loyola,Loyola #7,SOUTHEAST CORNER OF TENNIS COURT,outdoor,0,CONT,Fix/Replace LSL,0,2.0,1,0,2.3,,
0115-08-01,61,115,Loyola,1st Floor - Near Office,,indoor,0,ON,Fix/Replace LSL,0,2.0,1,0,4.9,,
0115-09-01,61,115,Loyola,2nd Floor - Main Hallway,,indoor,0,ON,Fix/Replace LSL,0,2.0,1,0,3.0,,
0115-10-01,61,115,Loyola,Men's Locker Room,,indoor,0,OFF,Fix/Replace LSL,0,,0,1,109.0,,
0115-11-01,61,115,Loyola,Women's Locker Room,,indoor,0,OFF,Fix/Replace LSL,0,,0,1,68.0,,
0115-12-01,61,115,Loyola,1st Floor  -  Kitchen Sink,,indoor,0,ON,Fix/Replace LSL,0,2.0,1,0,4.7,,
0115-13-01,61,115,Loyola,2nd Floor  -  Kitchen Sink,,indoor,0,ON,Remain,0,2.0,1,0,2.0,,
0120-02-01,62,120,Kosciuszko,Kosciuszko #2 - High,West side of park,outdoor,0,OFF,Fix/Replace LSL,0,19.4,1,1,19.4,,
0120-02-02,62,120,Kosciuszko,Kosciuszko #2 - Low,West side of park,outdoor,0,OFF,Fix/Replace LSL,0,2.0,1,0,2.0,,
0120-03-01,62,120,Kosciuszko,Kosciuszko #3 - High,Near playground,outdoor,0,ON,Remain,0,2.0,1,0,2.0,,
0120-03-02,62,120,Kosciuszko,Kosciuszko #3 - Middle,Near playground,outdoor,0,ON,Remain,0,2.0,1,0,2.0,,
0120-03-03,62,120,Kosciuszko,Kosciuszko #3 - Low,Near playground,outdoor,0,ON,Remain,0,2.0,1,0,2.0,,
0120-04-01,62,120,Kosciuszko,Lobby - South Wall - High,,indoor,0,ON,Remain,0,2.0,1,0,2.0,,
0120-04-02,62,120,Kosciuszko,Lobby - South Wall - Low,,indoor,0,ON,Remain,0,2.0,1,0,2.0,,
0120-04-BF,62,120,Kosciuszko,Kosciuszko #4 - Bottle Filler,(Loc. Needed),outdoor,1,ON,Remain,0,2.0,1,0,2.0,,
0120-06-01,62,120,Kosciuszko,Kitchen Sink,,indoor,0,ON,Fix/Replace LSL,0,2.0,1,0,3.5,,
0120-07-01,62,120,Kosciuszko,Pool Deck,,indoor,0,ON,Remain,1,2.0,1,0,5.5,,
0121-01-01,63,121,Bell,Bell #1,Between basketball court and playground,outdoor,0,CONT,Fix/Replace LSL,0,2.0,1,0,6.4,,
0121-02-01,63,121,Bell,Game Room,,indoor,0,ON,Fix/Replace LSL,0,3.0,1,0,3.1,,
0122-01-01,64,122,Blackhawk,Blackhawk #1 - High,Southeast corner of playground,outdoor,1,ON,Remain,1,2.0,1,0,2.0,,
0122-01-02,64,122,Blackhawk,Blackhawk #1 - Low,Southeast corner of playground,outdoor,0,ON,Remain,0,2.0,1,0,2.0,,
0122-01-BF,64,122,Blackhawk,Blackhawk #1 - BF,Southeast corner of playground,outdoor,0,ON,Remain,0,2.0,1,0,2.0,,
0122-03-01,64,122,Blackhawk,Women's Restroom - High,,indoor,0,ON,Remain,0,2.0,1,0,2.0,,
0122-03-02,64,122,Blackhawk,Women's Restroom - Low,,indoor,0,ON,Remain,0,2.0,1,0,2.0,,
0122-03-BF,64,122,Blackhawk,Women's Restroom - Bottle Filler,,indoor,1,ON,Remain,0,2.0,1,0,2.0,,
0122-04-01,64,122,Blackhawk,Outside Preschool Room - High,,indoor,0,ON,Remain,0,3.6,1,0,3.6,,
0122-04-BF,64,122,Blackhawk,Outside Preschool Room - Bottle Filler,,indoor,1,ON,Remain,0,4.5,1,0,4.5,,
0122-05-01,64,122,Blackhawk,Kitchen Sink,,indoor,0,ON,Remain,0,2.0,1,0,2.0,,
0123-03-01,65,123,Riis,Riis #3 - High,On Wrightwood at Melvina,outdoor,0,ON,Remain,1,,0,0,2.0,,
0123-03-02,65,123,Riis,Riis #3 - Low,On Wrightwood at Melvina,outdoor,0,ON,Remain,0,,0,0,2.0,,
0123-05-01,65,123,Riis,Riis #5 - High,"South of tennis court, northwest of track",outdoor,0,ON,Remain,1,2.0,1,0,9.5,,
0123-05-02,65,123,Riis,Riis #5 - Low,"South of tennis court, northwest of track",outdoor,0,ON,Remain,0,2.0,1,0,2.0,,
0123-05-BF,65,123,Riis,Riis #5 - Bottle Filler,"South of tennis court, northwest of track",outdoor,1,ON,Remain,0,2.0,1,0,2.0,,
0123-09-01,65,123,Riis,Riis #9,North of landscape building,outdoor,0,ON,Remain,1,2.0,1,0,2.0,,
0123-11-01,65,123,Riis,Riis #11 - High,Spray pool,outdoor,0,ON,Remain,0,,0,0,,,
0123-11-02,65,123,Riis,Riis #11 - Low,Spray pool,outdoor,0,ON,Remain,0,,0,0,,,
0123-13-01,65,123,Riis,Riis #13,South of spray pool,outdoor,0,ON,Remain,0,,0,0,2.0,,
0123-14-01,65,123,Riis,Riis #14,On pool building-high,outdoor,0,ON,Remain,0,,0,0,2.0,,
0123-15-01,65,123,Riis,Riis #15,On pool building-low,outdoor,0,ON,Remain,0,,0,0,2.0,,
0123-17-01,65,123,Riis,Entrance - High,,indoor,0,ON,Remain,0,2.0,1,0,2.0,,
0123-17-BF,65,123,Riis,Entrance - High - Bottle Filler,,indoor,1,ON,Remain,0,2.0,1,0,2.0,,
0123-18-01,65,123,Riis,Entrance - Low,,indoor,0,ON,Remain,0,2.0,1,0,2.0,,
0123-18-BF,65,123,Riis,Entrance - Low - Bottle Filler,,indoor,1,ON,Remain,0,2.0,1,0,2.0,,
0124-01-01,66,124,Simons,Simons #1 - High,West of playground,outdoor,0,ON,Remain,1,2.0,1,0,2.0,,
0124-01-02,66,124,Simons,Simons #1 - Low,West of playground,outdoor,0,ON,Remain,0,2.0,1,0,2.0,,
0124-01-BF,66,124,Simons,Simons #1 - Bottle Filler,West of playground,outdoor,1,ON,Remain,0,2.0,1,0,2.0,,
0124-02-01,66,124,Simons,Lobby,,indoor,0,ON,Fix/Replace LSL,0,2.0,1,0,6.4,,
0124-03-01,66,124,Simons,Kitchen Sink,,indoor,0,ON,Remain,0,2.0,1,0,2.0,,
0125-01-01,67,125,Hermosa,Hermosa #1 - High,Spray pool,outdoor,0,ON,Remain,0,2.0,1,0,2.0,,
0125-01-02,67,125,Hermosa,Hermosa #1 - Low,Spray pool,outdoor,0,ON,Remain,0,2.0,1,0,2.0,,
0125-03-01,67,125,Hermosa,Lobby - High,,indoor,0,ON,Fix/Replace LSL,0,,0,0,2.7,,
0125-03-02,67,125,Hermosa,Lobby - Low,,indoor,0,ON,Fix/Replace LSL,0,,0,0,3.1,,
0126-01-01,68,126,Kelvyn,Kelvyn #1 - High,South of junior soccer field,outdoor,0,ON,Remain,0,2.0,1,0,2.0,,
0126-01-02,68,126,Kelvyn,Kelvyn #1 - Low,South of junior soccer field,outdoor,0,ON,Remain,0,2.0,1,0,2.0,,
0126-01-BF,68,126,Kelvyn,Kelvyn #1 - BF,South of junior soccer field,outdoor,1,ON,Remain,1,,0,0,2.0,,
0126-02-01,68,126,Kelvyn,Kelvyn #2,"Near spraypool, on path",outdoor,0,ON,Remain,1,2.0,1,0,2.0,,
0126-05-01,68,126,Kelvyn,Gym Hallway,,indoor,0,ON,Fix/Replace LSL,0,,0,0,2.0,,
0126-06-01,68,126,Kelvyn,Front Lobby,,indoor,0,ON,Fix/Replace LSL,0,,0,0,2.0,,
0126-07-01,68,126,Kelvyn,Auditorium,,indoor,0,ON,Remain,0,,0,0,2.0,,
0127-01-01,69,127,Rutherford Sayre,Rutherford Sayre #1 - High,East of field house,outdoor,0,ON,Remain,0,2.0,1,0,2.0,,
0127-01-02,69,127,Rutherford Sayre,Rutherford Sayre #1 - Low,East of field house,outdoor,0,ON,Remain,0,2.0,1,0,2.0,,
0127-02-01,69,127,Rutherford Sayre,Rutherford Sayre #2 - High,In playground,outdoor,0,ON,Remain,0,2.0,1,0,2.0,,
0127-02-02,69,127,Rutherford Sayre,Rutherford Sayre #2 - Middle,In playground,outdoor,0,ON,Remain,0,2.0,1,0,2.0,,
0127-02-03,69,127,Rutherford Sayre,Rutherford Sayre #2 - Low,In playground,outdoor,0,ON,Remain,0,2.0,1,0,2.0,,
0127-04-01,69,127,Rutherford Sayre,Outside Gym - High,,indoor,0,ON,Fix/Replace LSL,0,5.9,1,1,24.8,,
0127-04-02,69,127,Rutherford Sayre,Outside Gym - Low,,indoor,0,ON,Fix/Replace LSL,0,7.2,1,0,14.3,,
0127-05-01,69,127,Rutherford Sayre,Basement,,indoor,0,ON,Fix/Replace LSL,0,2.0,1,1,52.9,,
0127-06-01,69,127,Rutherford Sayre,Kitchen Sink,,indoor,0,ON,Fix/Replace LSL,0,5.0,1,0,11.8,,
0128-02-01,70,128,Mozart,Lobby,,indoor,0,ON,Fix/Replace LSL,0,2.0,1,0,2.2,,
0128-03-01,70,128,Mozart,Hallway Near Restrooms,,indoor,0,ON,Remain,0,2.0,1,0,2.0,,
0128-04-01,70,128,Mozart,Kitchen Sink,,indoor,0,ON,Remain,0,2.0,1,0,2.0,,
0129-02-01,71,129,Amundsen,Amundsen #2 - High,"North of fieldhouse, on path",outdoor,0,CONT,Remain,0,2.0,1,0,2.0,,
0129-02-02,71,129,Amundsen,Amundsen #2 - Middle,"North of fieldhouse, on path",outdoor,0,CONT,Remain,0,2.0,1,0,2.0,,
0129-02-03,71,129,Amundsen,Amundsen #2 - Low,"North of fieldhouse, on path",outdoor,0,CONT,Remain,0,2.0,1,0,2.0,,
0129-03-01,71,129,Amundsen,Club Room,,indoor,0,OFF,Fix/Replace LSL,0,,0,0,3.8,,
0129-04-01,71,129,Amundsen,Men's Locker Room,,indoor,0,OFF,Fix/Replace LSL,0,,0,0,2.0,,
0129-05-01,71,129,Amundsen,Women's Locker Room,,indoor,0,ON,Remain,1,2.0,1,0,2.0,,
0129-06-01,71,129,Amundsen,Kitchen Sink,,indoor,0,ON,Fix/Replace LSL,0,2.0,1,0,5.5,,
0129-07-01,71,129,Amundsen,Lobby Hall - Bubbler,,indoor,0,ON,Remain,0,2.0,1,0,2.0,,
0129-07-BF,71,129,Amundsen,Lobby Hall - Bottle Filler,,indoor,1,ON,Remain,0,2.0,1,0,2.0,,
0130-01-01,72,130,Galewood,Galewood #1,Southwest corner of fieldhouse,outdoor,0,ON,Remain/Retest,0,2.0,1,0,2.0,,
0131-01-01,73,131,Cragin,Cragin #1 - High,West side of park behind fieldhouse,outdoor,0,ON,Remain,1,,0,0,2.0,,
0131-01-02,73,131,Cragin,Cragin #1 - Middle,West side of park behind fieldhouse,outdoor,0,ON,Remain,0,,0,0,2.0,,
0131-01-03,73,131,Cragin,Cragin # 1 - Low,West side of park behind fieldhouse,outdoor,0,ON,Remain,0,,0,0,2.0,,
0131-03-01,73,131,Cragin,Hallway,,indoor,0,ON,Fix/Replace LSL,0,,0,0,4.1,,
0131-04-01,73,131,Cragin,Kitchen Sink,,indoor,0,ON,Remain,0,,0,0,2.0,,
0132-01-01,74,132,Greenebaum,Greenebaum #1 - High,Northeast corner of parking lot,outdoor,0,ON,Remain,0,2.0,1,0,2.0,,
0132-01-02,74,132,Greenebaum,Greenebaum #1 - Low,Northeast corner of parking lot,outdoor,0,ON,Remain,0,2.0,1,0,2.0,,
0132-02-01,74,132,Greenebaum,Greenebaum #2 - High,"In playlot, north of Wabansia",outdoor,0,ON,Remain,0,2.0,1,0,2.0,,
0132-02-02,74,132,Greenebaum,Greenebaum #2 - Middle,"In playlot, north of Wabansia",outdoor,0,ON,Remain,0,2.0,1,0,2.0,,
0132-02-03,74,132,Greenebaum,Greenebaum #2 - Low,"In playlot, north of Wabansia",outdoor,0,ON,Remain,0,2.0,1,0,2.0,,
0140-01-01,75,140,Pleasant Point,Pleasant Point #1 - High,"South of basketball court, on Newcastle entrance",outdoor,0,ON,Remain,0,2.0,1,0,2.6,,
0140-01-02,75,140,Pleasant Point,Pleasant Point #1 - Middle,"South of basketball court, on Newcastle entrance",outdoor,0,ON,Remain,0,2.0,1,0,2.2,,
0140-01-03,75,140,Pleasant Point,Pleasant Point #1 - Low,"South of basketball court, on Newcastle entrance",outdoor,0,ON,Remain,0,2.0,1,0,2.0,,
0141-01-01,76,141,Norwood,Norwood #1 - High,In dog area,outdoor,0,ON,Remain,0,2.0,1,0,2.0,,
0141-01-02,76,141,Norwood,Norwood #1 - Low,In dog area,outdoor,0,ON,Remain,0,2.0,1,0,2.0,,
0141-02-01,76,141,Norwood,Norwood #2 ,Pool deck,outdoor,0,ON,Remain,1,,0,0,2.0,,
0141-03-01,76,141,Norwood,Norwood #3 - High,"On running track, near service yard",outdoor,0,ON,Remain,1,2.0,1,0,2.0,,
0141-03-02,76,141,Norwood,Norwood #3 - Low,"On running track, near service yard",outdoor,0,ON,Remain,0,2.0,1,0,2.0,,
0141-03-BF,76,141,Norwood,Norwood #3 - Bottle Filler,"On running track, near service yard",outdoor,1,ON,Remain,0,2.0,1,0,2.0,,
0141-04-01,76,141,Norwood,Norwood #4,In front of fieldhouse,outdoor,0,ON,Remain,0,2.0,1,0,2.0,,
0141-06-01,76,141,Norwood,Norwood #6,Between tennis and basketball courts,outdoor,0,ON,Remain,1,2.0,1,1,53.2,,
0141-07-01,76,141,Norwood,Norwood #7 - High,On sidewalk on Natoma,outdoor,0,ON,Remain,1,2.0,1,0,2.5,,
0141-07-02,76,141,Norwood,Norwood #7 - Low,On sidewalk on Natoma,outdoor,0,ON,Remain,0,2.0,1,0,2.5,,
0141-08-01,76,141,Norwood,Lobby - High,,indoor,0,ON,Fix/Replace LSL,0,2.0,1,0,9.8,,
0141-08-02,76,141,Norwood,Lobby - Low,,indoor,0,ON,Fix/Replace LSL,0,2.0,1,0,9.6,,
0141-08-BF,76,141,Norwood,Lobby - Bottle Filler,,indoor,1,ON,Fix/Replace LSL,0,2.0,1,0,6.8,,
0141-09-01,76,141,Norwood,Fitness Center,,indoor,0,ON,Fix/Replace LSL,0,2.0,1,0,2.0,,
0141-10-01,76,141,Norwood,Senior - High,,indoor,0,ON,Fix/Replace LSL,0,2.0,1,0,2.2,,
0141-10-02,76,141,Norwood,Senior - Low,,indoor,0,ON,Fix/Replace LSL,0,2.0,1,0,2.3,,
0141-11-01,76,141,Norwood,Kitchen Sink,,indoor,0,ON,Fix/Replace LSL,0,2.0,1,0,4.5,,
0141-12-01,76,141,Norwood,Senior - Kitchen Sink,,indoor,0,ON,Remain,0,2.0,1,0,2.0,,
0145-02-01,77,145,Wilson (Frank),Wilson (Frank) #2 - High,Playground,outdoor,0,ON,Remain,1,2.0,1,0,2.0,,
0145-02-02,77,145,Wilson (Frank),Wilson (Frank) #2 - Middle,Playground,outdoor,0,ON,Remain,0,2.0,1,0,2.0,,
0145-02-03,77,145,Wilson (Frank),Wilson (Frank) #2 - Low,Playground,outdoor,0,ON,Remain,0,2.0,1,0,2.0,,
0145-03-01,77,145,Wilson (Frank),Wilson (Frank) #3 - High,"North of basketball court, on path",outdoor,0,ON,Remain,0,2.0,1,0,2.0,,
0145-03-02,77,145,Wilson (Frank),Wilson (Frank) #3 - Low,"North of basketball court, on path",outdoor,0,ON,Remain,0,2.0,1,0,2.0,,
0145-03-BF,77,145,Wilson (Frank),Wilson (Frank) #3 - BF,"North of basketball court, on path",outdoor,1,ON,Remain,1,,0,0,2.0,,
0145-04-01,77,145,Wilson (Frank),Lobby,,indoor,0,ON,Fix/Replace LSL,0,5.7,1,1,15.9,,
0145-05-01,77,145,Wilson (Frank),Kitchen Sink,,indoor,0,ON,Remain,0,3.7,1,0,3.7,,
0146-01-01,78,146,Chopin,Chopin #1 - High,"Northeast entrance of park, on path",outdoor,0,ON,Remain,0,2.0,1,0,2.0,,
0146-01-02,78,146,Chopin,Chopin #1 - Middle,"Northeast entrance of park, on path",outdoor,0,ON,Remain,0,2.0,1,0,2.0,,
0146-01-03,78,146,Chopin,Chopin #1 - Low,"Northeast entrance of park, on path",outdoor,0,ON,Remain,0,2.0,1,0,2.0,,
0146-02-01,78,146,Chopin,Chopin #2,"Middle of park, on path, at Linder",outdoor,0,ON,Remain,1,,0,0,,,
0146-03-01,78,146,Chopin,Chopin #3,Playground,outdoor,0,CONT,Fix/Replace LSL,0,2.0,1,0,3.8,,
0146-04-01,78,146,Chopin,Chopin #4 - High,On Roscoe,outdoor,0,CONT,Fix/Replace LSL,0,,0,0,2.0,,
0146-04-02,78,146,Chopin,Chopin #4 - Low,On Roscoe,outdoor,0,CONT,Fix/Replace LSL,0,2.0,1,0,2.0,,
0146-05-01,78,146,Chopin,Main Lobby,,indoor,0,ON,Remain,0,4.1,1,0,4.1,,
0147-02-01,79,147,Portage,Portage #2 - High,Dog area,outdoor,0,ON,Remain,0,2.0,1,0,2.0,,
0147-02-02,79,147,Portage,Portage #2 - Low,Dog area,outdoor,0,ON,Remain,0,2.0,1,0,2.0,,
0147-03-01,79,147,Portage,Portage #3,Tennis court,outdoor,0,ON,Remain,1,,0,0,,,
0147-05-01,79,147,Portage,Portage #5 - High,"Pool deck, north",outdoor,0,CONT,Fix/Replace LSL,0,2.0,1,0,3.7,,
0147-05-02,79,147,Portage,Portage #5 - Low,"Pool deck, north",outdoor,0,CONT,Fix/Replace LSL,0,2.0,1,0,2.4,,
0147-06-01,79,147,Portage,Portage #6 - High,"Southwest of fieldhouse, on path",outdoor,0,ON,Remain,1,2.0,1,0,2.0,,
0147-06-02,79,147,Portage,Portage #6 - Low,"Southwest of fieldhouse, on path",outdoor,0,ON,Remain,0,2.0,1,0,2.0,,
0147-06-BF,79,147,Portage,Portage #6 - BF,"Southwest of fieldhouse, on path",outdoor,1,ON,Remain,0,2.0,1,0,2.0,,
0147-07-01,79,147,Portage,Portage #7 - High,"Pool deck, south",outdoor,0,CONT,Fix/Replace LSL,0,2.0,1,0,2.0,,
0147-07-02,79,147,Portage,Portage #7 - Low,"Pool deck, south",outdoor,0,CONT,Fix/Replace LSL,0,2.0,1,0,2.0,,
0147-08-01,79,147,Portage,Portage #8 - High,Playground,outdoor,0,ON,Remain,0,2.0,1,0,2.0,,
0147-08-02,79,147,Portage,Portage #8 - Middle,Playground,outdoor,0,ON,Remain,0,2.0,1,0,2.0,,
0147-08-03,79,147,Portage,Portage #8 - Low,Playground,outdoor,0,ON,Remain,0,2.0,1,0,2.0,,
0147-09-01,79,147,Portage,Portage #9,"East side of park, south of pool, on path",outdoor,0,CONT,Fix/Replace LSL,0,2.0,1,0,2.0,,
0147-11-01,79,147,Portage,Portage #11,"South of ballfields, north of nature garden",outdoor,0,ON,Remain,1,2.0,1,0,2.0,,
0147-15-01,79,147,Portage,Senior Center - Lobby - High,,indoor,0,ON,Fix/Replace LSL,0,2.0,1,0,2.0,,
0147-15-02,79,147,Portage,Senior Center - Lobby - Low,,indoor,0,ON,Fix/Replace LSL,0,2.0,1,0,3.7,,
0147-16-01,79,147,Portage,Senior Center - Triple Basin - Kitchen Sink,,indoor,0,ON,Remain,0,2.0,1,0,2.0,,
0147-17-01,79,147,Portage,Senior Center - Single Basin - Kitchen Sink,,indoor,0,ON,Remain,0,2.0,1,0,2.0,,
0147-18-01,79,147,Portage,Service Yard,,indoor,0,ON,Fix/Replace LSL,0,2.2,1,0,7.4,,
0147-19-01,79,147,Portage,Fieldhouse - East Hallway,,indoor,0,ON,Remain,0,2.0,1,0,2.0,,
0147-20-01,79,147,Portage,Fieldhouse - West Hallway,,indoor,0,ON,Remain,0,2.0,1,0,2.0,,
0147-21-01,79,147,Portage,Fieldhouse - Indoor Pool Deck,,indoor,0,ON,Remain,0,2.0,1,0,2.0,,
0147-22-01,79,147,Portage,Cultural Center - Lobby,,indoor,0,ON,Remain,0,3.9,1,0,3.9,,
0147-23-01,79,147,Portage,Cultural Center - Kitchen Sink,,indoor,0,ON,Remain,0,2.0,1,0,2.0,,
0148-01-01,80,148,Shabbona,Shabbona #1 - High,Playground,outdoor,0,ON,Remain,0,2.0,1,0,2.0,,
0148-01-02,80,148,Shabbona,Shabbona #1 - Middle,Playground,outdoor,0,ON,Remain,0,2.0,1,0,2.0,,
0148-01-03,80,148,Shabbona,Shabbona #1 - Low,Playground,outdoor,0,ON,Remain,0,2.0,1,0,2.0,,
0148-02-01,80,148,Shabbona,Shabbona #2 - High,"Southeast of tennis court, on path",outdoor,0,ON,Remain,1,,0,1,146.0,,
0148-02-02,80,148,Shabbona,Shabbona #2 - Low,"Southeast of tennis court, on path",outdoor,0,ON,Remain,0,,0,1,127.0,,
0148-04-01,80,148,Shabbona,Shabbona #4 - High,"South end of park, north of School",outdoor,0,CONT,Fix/Replace LSL,0,2.0,1,0,2.0,,
0148-04-02,80,148,Shabbona,Shabbona #4 - Low,"South end of park, north of School",outdoor,0,CONT,Fix/Replace LSL,0,2.0,1,0,2.0,,
0148-04-BF,80,148,Shabbona,Shabbona #4 - Bottle Filler,"South end of park, north of School",outdoor,1,CONT,Fix/Replace LSL,0,2.0,1,0,2.0,,
0148-05-01,80,148,Shabbona,Lobby - Bubbler,,indoor,0,ON,Remain,0,2.0,1,0,2.0,,
0148-05-BF,80,148,Shabbona,Lobby - Bottler Filler,,indoor,0,ON,Remain,1,2.0,1,0,2.0,,
0148-06-01,80,148,Shabbona,Basement by TR Room - High,,indoor,0,ON,Remain,0,2.0,1,0,2.0,,
0148-06-02,80,148,Shabbona,Basement by TR Room - Low,,indoor,0,ON,Remain,0,,0,0,2.0,,
0148-07-01,80,148,Shabbona,Women's Locker Room,,indoor,0,ON,Fix/Replace LSL,0,5.4,1,0,13.3,,
0148-08-01,80,148,Shabbona,Men's Locker Room,,indoor,0,ON,Remain,0,2.0,1,0,2.0,,
0148-09-01,80,148,Shabbona,Kitchen Sink,,indoor,0,ON,Remain,0,7.4,1,0,7.4,,
0148-10-01,80,148,Shabbona,Pool - High,,indoor,0,OFF,Fix/Replace LSL,0,9.0,1,0,9.0,,
0148-10-02,80,148,Shabbona,Pool - Low,,indoor,0,OFF,Fix/Replace LSL,0,13.7,1,0,13.7,,
0148-11-01,80,148,Shabbona,Outside Gym,,indoor,0,ON,Fix/Replace LSL,0,4.6,1,0,4.6,,
0156-01-01,81,156,Jacob,Jacob #1 - High,South of entrance,outdoor,0,CONT,Fix/Replace LSL,0,2.0,1,0,2.0,,
0156-01-02,81,156,Jacob,Jacob #1 - Low,South of entrance,outdoor,0,CONT,Fix/Replace LSL,0,2.0,1,0,2.0,,
0159-01-01,82,159,Ravenswood Manor,Ravenswood Manor #1,North side of playground,outdoor,0,ON,Remain,0,2.0,1,0,2.0,,
0165-01-01,83,165,Indian Boundary,Indian Boundary #1 - High,North of spraypool,outdoor,0,ON,Remain,0,2.0,1,0,2.0,,
0165-01-02,83,165,Indian Boundary,Indian Boundary #1 - Low,North of spraypool,outdoor,0,ON,Remain,0,2.0,1,0,2.0,,
0165-01-BF,83,165,Indian Boundary,Indian Boundary #1 - Bottle Filler,North of spraypool,outdoor,1,ON,Remain,0,2.0,1,0,2.0,,
0165-02-01,83,165,Indian Boundary,Indian Boundary #2 - High,East of tennis courts,outdoor,0,ON,Remain,1,2.0,1,0,2.9,,
0165-02-02,83,165,Indian Boundary,Indian Boundary #2 - Low,East of tennis courts,outdoor,0,ON,Remain,0,2.0,1,0,2.0,,
0165-04-01,83,165,Indian Boundary,Main Lobby,,indoor,0,ON,Remain,1,2.0,1,1,48.4,,
0165-05-01,83,165,Indian Boundary,Basement Fountain,,indoor,0,OFF,Fix/Replace LSL,1,46.5,1,1,56.6,,
0165-06-01,83,165,Indian Boundary,Basement - Kitchen Sink,,indoor,0,OFF,Fix/Replace LSL,0,2.0,1,1,63.2,,
0165-07-01,83,165,Indian Boundary,Nature Center,,indoor,0,ON,Remain,0,,0,0,2.0,,
0165-08-01,83,165,Indian Boundary,Zoo Fountain - Inside House,,indoor,0,ON,Fix/Replace LSL,0,,0,0,2.0,,
0166-01-01,84,166,Pottawattomie,Pottawattomie #1 - High,DOG AREA,outdoor,0,CONT,Fix/Replace LSL,0,2.0,1,0,2.0,,
0166-01-02,84,166,Pottawattomie,Pottawattomie #1 - Low,DOG AREA,outdoor,0,CONT,Fix/Replace LSL,0,2.0,1,0,2.0,,
0166-03-01,84,166,Pottawattomie,Pottawattomie #3,NORTH EAST CORNER OF PARKING LOT NEAR EQUIPMENT SHED,outdoor,0,OFF,Fix/Replace LSL,0,,0,1,63.1,,
0166-05-01,84,166,Pottawattomie,Pottawattomie #5 - High,IN PLAYGROUND,outdoor,0,ON,Remain,0,,0,0,2.0,,
0166-05-02,84,166,Pottawattomie,Pottawattomie #5 - Low,IN PLAYGROUND,outdoor,0,ON,Remain,0,2.0,1,0,2.0,,
0166-06-01,84,166,Pottawattomie,Hallway by Bathroom - High,,indoor,0,ON,Remain,0,2.0,1,0,2.0,,
0166-06-02,84,166,Pottawattomie,Hallway by Bathroom - Low,,indoor,0,ON,Remain,0,2.0,1,0,2.0,,
0166-07-01,84,166,Pottawattomie,Kitchen Sink,,indoor,0,ON,Remain,0,2.0,1,0,2.0,,
0166-08-01,84,166,Pottawattomie,Men's Locker Room,,indoor,0,OFF,Fix/Replace LSL,0,,0,0,2.0,,
0166-09-01,84,166,Pottawattomie,Women's Locker Room,,indoor,0,OFF,Fix/Replace LSL,0,,0,0,2.0,,
0167-01-01,85,167,Chippewa,Chippewa #1 - High,Southwest of fieldhouse on path,outdoor,0,ON,Remain,1,2.0,1,0,2.0,,
0167-01-02,85,167,Chippewa,Chippewa #1 - Low,Southwest of fieldhouse on path,outdoor,0,ON,Remain,0,2.0,1,0,2.0,,
0167-01-BF,85,167,Chippewa,Chippewa #1 - BF,Southwest of fieldhouse on path,outdoor,1,ON,Remain,0,2.0,1,0,2.0,,
0167-02-01,85,167,Chippewa,Front Hallway,,indoor,0,ON,Fix/Replace LSL,0,2.8,1,0,7.1,,
0167-03-01,85,167,Chippewa,Kitchen Sink,,indoor,0,ON,Remain,0,2.0,1,0,2.0,,
0175-01-01,86,175,Ridge,Ridge #1 - High,TENNIS COURTS,outdoor,0,CONT,Fix/Replace LSL,0,87.6,1,1,87.6,,
0175-01-02,86,175,Ridge,Ridge #1 - Low,TENNIS COURTS,outdoor,0,CONT,Fix/Replace LSL,0,74.9,1,1,74.9,,
0175-02-01,86,175,Ridge,Ridge #2 - High,SOUTH OF PARKING LOT ON PATH,outdoor,0,ON,Remain,1,2.0,1,1,18.7,,
0175-02-02,86,175,Ridge,Ridge #2 - Low,SOUTH OF PARKING LOT ON PATH,outdoor,0,ON,Remain,0,2.0,1,0,2.0,,
0175-02-BF,86,175,Ridge,Ridge #2 - Bottle Filler,SOUTH OF PARKING LOT ON PATH,outdoor,1,ON,Remain,0,2.0,1,0,2.0,,
0175-03-01,86,175,Ridge,Ridge #3 - High,EAST OF SOUTHEAST BASEBALL DIAMOND,outdoor,0,ON,Remain,1,2.0,1,0,2.0,,
0175-03-02,86,175,Ridge,Ridge #3 - Low,EAST OF SOUTHEAST BASEBALL DIAMOND,outdoor,0,ON,Remain,0,2.0,1,0,2.0,,
0175-04-01,86,175,Ridge,Main Entrance - Bubbler,,indoor,0,ON,Remain,0,2.0,1,0,2.0,,
0175-04-BF,86,175,Ridge,Main Entrance - Bottle Filler,,indoor,1,ON,Remain,0,2.0,1,0,2.0,,
0175-05-01,86,175,Ridge,2nd Floor - Outside Gym - High,,indoor,0,ON,Remain,0,2.0,1,0,2.0,,
0175-05-02,86,175,Ridge,2nd Floor - Outside Gym - Low,,indoor,0,ON,Remain,0,2.0,1,0,2.0,,
0175-05-BF,86,175,Ridge,2nd Floor - Outside Gym - Bottle Filler,,indoor,1,ON,Remain,0,2.0,1,0,2.0,,
0175-06-01,86,175,Ridge,Pool Area - High,,indoor,0,OFF,Fix/Replace LSL,0,,0,0,2.2,,
0175-06-02,86,175,Ridge,Pool Area - Low,,indoor,0,OFF,Fix/Replace LSL,0,,0,0,2.0,,
0175-07-01,86,175,Ridge,Kitchen Sink - North Faucet,,indoor,0,OFF,Fix/Replace LSL,0,25.9,1,1,25.9,,
0175-07-02,86,175,Ridge,Kitchen Sink - South Faucet,,indoor,0,ON,Fix/Replace LSL,0,,0,0,2.0,,
0175-08-01,86,175,Ridge,Kitchen by Fitness Center - Sink,,indoor,0,OFF,Fix/Replace LSL,0,,0,1,24.9,,
0175-09-01,86,175,Ridge,2nd Floor - Kitchen by Art Gallery - Sink,,indoor,0,ON,Remain,0,2.0,1,0,2.0,,
0176-01-01,87,176,Cosme,Cosme #1 - High,BY BALL DIAMOND,outdoor,0,ON,Remain,0,2.0,1,0,2.0,,
0176-01-02,87,176,Cosme,Cosme #1 - Low,BY BALL DIAMOND,outdoor,0,ON,Remain,0,,0,0,2.0,,
0177-01-01,88,177,Brainerd,Brainerd #1 - High,SPRAYPOOL,outdoor,0,CONT,Fix/Replace LSL,0,,0,0,2.0,,
0177-01-02,88,177,Brainerd,Brainerd #1 - Middle,SPRAYPOOL,outdoor,0,CONT,Fix/Replace LSL,0,,0,0,2.0,,
0177-01-03,88,177,Brainerd,Brainerd #1 - Low,SPRAYPOOL,outdoor,0,CONT,Fix/Replace LSL,0,,0,0,2.0,,
0177-02-01,88,177,Brainerd,Brainerd #2,SOUTHEAST OF TENNIS COURTS,outdoor,0,ON,Remain,1,,0,0,2.0,,
0177-04-01,88,177,Brainerd,Brainerd #4 - High,EAST OF FIELDHOUSE ON WALKING PATH,outdoor,0,CONT,Fix/Replace LSL,0,,0,0,2.1,,
0177-04-02,88,177,Brainerd,Brainerd #4 - Low,EAST OF FIELDHOUSE ON WALKING PATH,outdoor,0,CONT,Fix/Replace LSL,0,,0,0,2.0,,
0177-04-BF,88,177,Brainerd,Brainerd #4 - Bottle Filler,EAST OF FIELDHOUSE ON WALKING PATH,outdoor,1,CONT,Fix/Replace LSL,0,,0,0,2.6,,
0177-05-01,88,177,Brainerd,Main Lobby,,indoor,0,ON,Fix/Replace LSL,0,2.0,1,0,3.5,,
0177-06-01,88,177,Brainerd,Women's Locker Room,,indoor,0,OFF,Fix/Replace LSL,0,,0,1,20.8,,
0177-07-01,88,177,Brainerd,Men's Locker Room,,indoor,0,ON,Fix/Replace LSL,0,,0,0,9.8,,
0177-08-01,88,177,Brainerd,Kitchen Sink,,indoor,0,ON,Fix/Replace LSL,0,2.0,1,0,3.5,,
0178-01-01,89,178,Hurley,Hurley #1 - High,NORTH OF PLAYGROUND,outdoor,0,ON,Remain,1,2.0,1,0,2.0,,
0178-01-02,89,178,Hurley,Hurley #1 - Middle,NORTH OF PLAYGROUND,outdoor,0,ON,Remain,0,2.0,1,0,2.0,,
0178-01-03,89,178,Hurley,Hurley #1 - Low,NORTH OF PLAYGROUND,outdoor,0,ON,Remain,0,2.0,1,0,2.0,,
0179-02-01,90,179,Graver,Graver #2,NORTH SIDE OF FIELDHOUSE,outdoor,0,ON,Remain,0,2.0,1,0,2.0,,
0179-03-01,90,179,Graver,Main Lobby,,indoor,0,ON,Remain,0,2.0,1,0,2.0,,
0179-04-01,90,179,Graver,Kitchen Sink,,indoor,0,ON,Remain,0,2.0,1,0,2.0,,
0185-01-01,91,185,Revere,Revere #1,Corner of Irving and Campbell,outdoor,0,ON,Remain,0,2.0,1,0,2.0,,
0185-02-01,91,185,Revere,Revere #2 - High,"On path, behind home plate of northwest diamond",outdoor,0,ON,Remain,1,2.0,1,0,2.0,,
0185-02-BF,91,185,Revere,Revere #2 - Bottle Filler,"On path, behind home plate of northwest diamond",outdoor,1,ON,Remain,0,2.0,1,0,2.0,,
0185-03-01,91,185,Revere,Revere #3 - High,West of tennis courts,outdoor,0,ON,Remain,1,2.0,1,0,2.0,,
0185-03-02,91,185,Revere,Revere #3 - Bottle Filler,West of tennis courts,outdoor,1,ON,Remain,0,2.0,1,0,2.0,,
0185-03-03,91,185,Revere,Revere #3 - Low,West of tennis courts,outdoor,0,ON,Remain,0,2.0,1,0,2.0,,
0185-04-01,91,185,Revere,Revere #4 - High,"On path, on first base line of southwest diamond",outdoor,0,ON,Remain,1,2.0,1,0,2.0,,
0185-04-02,91,185,Revere,Revere #4 - Low,"On path, on first base line of southwest diamond",outdoor,0,ON,Remain,0,2.0,1,0,2.0,,
0185-04-BF,91,185,Revere,Revere #4 - Bottle Filler,"On path, on first base line of southwest diamond",outdoor,1,ON,Remain,0,2.0,1,0,2.0,,
0185-05-01,91,185,Revere,Fieldhouse - Main Lobby MDF - East - High,,indoor,0,ON,Remain,1,2.0,1,0,2.0,,
0185-05-BF,91,185,Revere,Fieldhouse - Main Lobby MDF - East - Bottle Filler,,indoor,1,ON,Remain,0,2.0,1,0,2.0,,
0185-06-01,91,185,Revere,Fieldhouse - Basement,,indoor,0,ON,Fix/Replace LSL,0,2.6,1,0,2.6,,
0185-07-01,91,185,Revere,Boys and Girls Club - Game Room,,indoor,0,ON,Remain,0,,0,0,2.0,,
0185-07-BF,91,185,Revere,Boys and Girls Club - Game Room Bottle Filler,,indoor,1,ON,Remain,0,,0,0,2.0,,
0185-08-01,91,185,Revere,Boys and Girls Club - Kitchen Sink,,indoor,0,ON,Remain,0,,0,0,2.0,,
0185-09-01,91,185,Revere,Fieldhouse - Main Lobby Elkay - West - High,,indoor,0,ON,Remain,1,2.0,1,0,2.0,,
0185-09-BF,91,185,Revere,Fieldhouse - Main Lobby Elkay - West - Bottle Filler,,indoor,1,ON,Remain,0,2.0,1,0,2.0,,
0186-01-01,92,186,River,River #1,Northwest of tennis courts,outdoor,0,ON,Remain,0,2.0,1,0,2.0,41.97551909,-87.7021661
0186-02-01,92,186,River,River #2 - High,Deck of spraypool,outdoor,0,ON,Remain,0,,0,0,2.0,,
0186-02-02,92,186,River,River #2 - Low,Deck of spraypool,outdoor,0,ON,Remain,0,2.0,1,0,2.0,,
0186-03-01,92,186,River,River #3,Deck of swimming pool,outdoor,0,ON,Remain,0,2.0,1,0,2.0,,
0186-04-01,92,186,River,River #4 - High,In playlot,outdoor,0,ON,Remain,0,2.0,1,0,2.0,,
0186-04-02,92,186,River,River #4 - Middle,In playlot,outdoor,0,ON,Remain,0,2.0,1,0,2.0,,
0186-04-03,92,186,River,River #4 - Low,In playlot,outdoor,0,ON,Remain,0,2.0,1,0,2.0,,
0186-05-01,92,186,River,River #5 - High,In dog area,outdoor,0,ON,Remain,0,2.0,1,0,2.0,,
0186-05-02,92,186,River,River #5 - Low,In dog area,outdoor,0,ON,Remain,0,2.0,1,0,2.0,,
0186-08-01,92,186,River,River #8 - High,Boathouse at West River park,outdoor,0,ON,Remain,0,2.0,1,0,2.0,,
0186-08-02,92,186,River,River #8 - Low,Boathouse at West River park,outdoor,0,ON,Remain,0,2.0,1,0,2.0,,
0186-09-01,92,186,River,Outside Bathrooms,,indoor,0,ON,Fix/Replace LSL,0,,0,0,2.0,41.97398418,-87.70181797
0186-10-01,92,186,River,Main Lobby,,indoor,0,ON,Remain,0,2.0,1,0,2.0,41.97383862,-87.70199275
0187-02-01,93,187,Brands,Brands #2 - High,Northwestof playground,outdoor,0,CONT,Fix/Replace LSL,0,2.0,1,0,2.0,,
0187-02-02,93,187,Brands,Brands #2 - Middle,Northwestof playground,outdoor,0,CONT,Fix/Replace LSL,0,2.0,1,0,2.0,,
0187-02-03,93,187,Brands,Brands #2 - Low,Northwestof playground,outdoor,0,CONT,Fix/Replace LSL,0,2.0,1,0,2.0,,
0187-03-01,93,187,Brands,Brands #3 - High,At southern entrance to park on Elston,outdoor,0,ON,Remain,1,2.0,1,0,3.2,,
0187-03-02,93,187,Brands,Brands #3 - Low,At southern entrance to park on Elston,outdoor,0,ON,Remain,0,2.0,1,0,2.0,,
0187-03-BF,93,187,Brands,Brands #3 - Bottle Filler,At southern entrance to park on Elston,outdoor,1,ON,Remain,0,2.0,1,0,2.0,,
0187-04-01,93,187,Brands,Main Lobby,,indoor,0,ON,Fix/Replace LSL,0,2.0,1,1,15.6,,
0187-05-01,93,187,Brands,Men's Locker Room,,indoor,0,OFF,Fix/Replace LSL,0,11.7,1,0,11.7,,
0187-06-01,93,187,Brands,Women's Locker Room,,indoor,0,ON,Fix/Replace LSL,0,2.0,1,0,5.8,,
0187-07-01,93,187,Brands,Kitchen Sink,,indoor,0,ON,Remain,0,2.9,1,0,2.9,,
0188-02-01,94,188,Green Briar,Green Briar #2 - High,"On Talman, left field of north diamond",outdoor,0,CONT,Fix/Replace LSL,1,2.0,1,1,16.2,,
0188-02-02,94,188,Green Briar,Green Briar #2 - Low,"On Talman, left field of north diamond",outdoor,0,CONT,Fix/Replace LSL,0,2.0,1,1,15.3,,
0188-02-BF,94,188,Green Briar,Green Briar #2 - Bottle Filler,"On Talman, left field of north diamond",outdoor,1,CONT,Fix/Replace LSL,0,2.0,1,0,14.9,,
0188-03-01,94,188,Green Briar,Green Briar #3,By spraypool,outdoor,0,ON,Remain,0,2.0,1,0,2.0,,
0188-04-01,94,188,Green Briar,Lobby - High,,indoor,0,ON,Remain,0,2.0,1,0,2.0,,
0188-04-BF,94,188,Green Briar,Lobby - Bottle Filler,,indoor,1,ON,Remain,0,2.0,1,0,2.0,,
0188-06-01,94,188,Green Briar,Kitchen Sink,,indoor,0,ON,Remain,0,5.6,1,0,5.6,,
0189-01-01,95,189,California,California #1 - High,Behind home plate of wheelchair diamond,outdoor,0,ON,Remain,0,2.0,1,0,2.0,,
0189-01-02,95,189,California,California #1 - Middle,Behind home plate of wheelchair diamond,outdoor,0,ON,Remain,0,2.0,1,0,2.0,,
0189-01-03,95,189,California,California #1 - Low,Behind home plate of wheelchair diamond,outdoor,0,ON,Remain,0,2.0,1,0,2.0,,
0189-02-01,95,189,California,California #2 - High,On pool deck,outdoor,0,ON,Remain,0,2.0,1,0,2.0,,
0189-02-02,95,189,California,California #2 - Low,On pool deck,outdoor,0,ON,Remain,0,2.0,1,0,2.0,,
0189-05-01,95,189,California,California #5,(Loc. Needed),outdoor,0,ON,Remain,1,2.0,1,0,2.0,,
0189-06-01,95,189,California,McFetridge SC - Lobby - High,,indoor,0,ON,Remain,1,2.0,1,0,3.2,,
0189-06-BF,95,189,California,McFetridge SC - Lobby - Bottle Filler,,indoor,1,ON,Remain,0,2.0,1,0,2.0,,
0189-07-01,95,189,California,McFetridge SC - By Tennis Courts - High,,indoor,0,ON,Remain,1,2.0,1,0,2.0,,
0189-07-BF,95,189,California,McFetridge SC - By Tennis Courts - Bottle Filler,,indoor,1,ON,Remain,0,2.0,1,0,2.0,,
0195-01-01,96,195,Sauganash,Sauganash #1 - High,"Northwest corner of park, on path",outdoor,0,ON,Remain,1,2.0,1,0,2.0,,
0195-01-02,96,195,Sauganash,Sauganash #1 - Low,"Northwest corner of park, on path",outdoor,0,ON,Remain,0,2.0,1,0,2.0,,
0195-01-BF,96,195,Sauganash,Sauganash #1 - Bottle Filler,"Northwest corner of park, on path",outdoor,1,ON,Remain,0,2.0,1,0,2.0,,
0195-02-01,96,195,Sauganash,Sauganash #2 - High,At playground,outdoor,0,ON,Remain,0,2.0,1,0,2.0,,
0195-02-02,96,195,Sauganash,Sauganash #2 - Low,At playground,outdoor,0,ON,Remain,0,2.0,1,0,2.0,,
0195-04-01,96,195,Sauganash,Hallway,,indoor,0,ON,Remain,0,2.0,1,0,2.0,,
0195-05-01,96,195,Sauganash,Kitchen Sink,,indoor,0,ON,Remain,0,2.0,1,0,2.0,,
0201-01-01,97,201,LaFollette,La Follette #1 - High,"Playlot south of Hirsch, east of Laramie",outdoor,0,ON,Remain,0,2.0,1,0,2.0,,
0201-01-02,97,201,LaFollette,La Follette #1 - Middle,"Playlot south of Hirsch, east of Laramie",outdoor,0,ON,Remain,0,,0,0,2.0,,
0201-01-03,97,201,LaFollette,La Follette #1 - Low,"Playlot south of Hirsch, east of Laramie",outdoor,0,ON,Remain,0,2.0,1,0,2.0,,
0201-02-01,97,201,LaFollette,La Follette #2 - High,"North of comfort station, west of Lavergne",outdoor,0,ON,Remain (Removed?),0,,0,0,2.0,,
0201-02-02,97,201,LaFollette,La Follette #2 - Low,"North of comfort station, west of Lavergne",outdoor,0,ON,Remain (Removed?),0,,0,0,2.0,,
0201-04-01,97,201,LaFollette,La Follette #4 - High,"North of Patomac, south of football field on path",outdoor,0,ON,Remain,1,2.0,1,0,2.0,,
0201-04-02,97,201,LaFollette,La Follette #4 - Low,"North of Patomac, south of football field on path",outdoor,0,ON,Remain,0,2.0,1,0,2.0,,
0201-04-BF,97,201,LaFollette,La Follette #4 - BF,"North of Patomac, south of football field on path",outdoor,1,ON,Remain,0,2.0,1,0,2.0,,
0201-05-01,97,201,LaFollette,La Follette #5 - High,Pool deck,outdoor,0,ON,Fix/Replace LSL,0,,0,0,,,
0201-05-02,97,201,LaFollette,La Follette #5 - Low,Pool deck,outdoor,0,ON,Fix/Replace LSL,0,,0,0,,,
0201-06-01,97,201,LaFollette,Main Lobby - DF,,indoor,0,ON,Remain,0,,0,0,3.4,,
0201-06-02,97,201,LaFollette,Main Lobby - Bottle Filler,,indoor,1,ON,Remain,0,,0,0,2.0,,
0201-07-01,97,201,LaFollette,Pool Area,,indoor,0,ON,Fix/Replace LSL,0,4.2,1,0,4.2,,
0201-08-01,97,201,LaFollette,Kitchen Sink,,indoor,0,OFF,Fix/Replace LSL,0,,0,1,22.2,,
0202-01-01,98,202,Franklin,Franklin #1,On pool deck,outdoor,0,ON,Remain,1,,0,0,2.0,,
0202-02-01,98,202,Franklin,Franklin #2,Near spray pool,outdoor,0,CONT,Remain,0,,0,0,2.0,,
0202-03-01,98,202,Franklin,Franklin #3 - High,Near baseball diamond #1,outdoor,0,ON,Remain,1,2.0,1,0,3.7,,
0202-03-02,98,202,Franklin,Franklin #3 - Low,Near baseball diamond #1,outdoor,0,ON,Remain,0,2.0,1,0,2.0,,
0202-03-BF,98,202,Franklin,Franklin #3 - Bottle Filler,Near baseball diamond #1,outdoor,1,ON,Remain,0,2.0,1,0,2.0,,
0202-05-01,98,202,Franklin,Main Lobby - High,,indoor,0,ON,Remain,0,7.1,1,0,7.1,,
0202-05-02,98,202,Franklin,Main Lobby - Low,,indoor,0,ON,Remain,0,5.0,1,0,5.0,,
0202-05-BF,98,202,Franklin,Main Lobby - Bottle Filler,,indoor,1,ON,Remain,0,6.4,1,0,6.4,,
0202-06-01,98,202,Franklin,Women's Locker Room,,indoor,0,ON,Fix/Replace LSL,0,,0,0,2.6,,
0202-07-01,98,202,Franklin,Men's Locker Room,,indoor,0,ON,Remain,0,2.0,1,0,2.0,,
0202-08-01,98,202,Franklin,Kitchen Sink,,indoor,0,OFF,Fix/Replace LSL,0,,0,0,4.5,,
0203-01-01,99,203,Holstein,Holstein #1 - High,PLAYGROUND,outdoor,0,ON,Remain,0,2.0,1,0,2.0,,
0203-01-02,99,203,Holstein,Holstein #1 - Low,PLAYGROUND,outdoor,0,ON,Remain,0,,0,0,2.0,,
0203-03-01,99,203,Holstein,Main Lobby - High,,indoor,0,ON,Remain,1,2.0,1,0,2.0,,
0203-03-02,99,203,Holstein,Main Lobby - Low,,indoor,0,ON,Remain,0,2.0,1,0,2.0,,
0203-03-BF,99,203,Holstein,Main Lobby - Bottle Filler,,indoor,1,ON,Remain,0,2.0,1,0,2.0,,
0203-04-01,99,203,Holstein,Kitchen Sink,,indoor,0,ON,Remain,0,,0,0,4.6,,
0204-01-01,100,204,Garfield,Garfield #1,Across Central Park from Conservatory,outdoor,0,ON,Remain,1,2.0,1,0,2.0,,
0204-02-01,100,204,Garfield,Garfield #2,"380' east of Hamlin, 160' south of Lake",outdoor,0,ON,Remain,1,,0,0,,,
0204-03-01,100,204,Garfield,Garfield #3 - High,"At playground, 230' south of Lake, 121' west of Homan",outdoor,0,ON,Remain,0,2.0,1,0,2.0,,
0204-03-02,100,204,Garfield,Garfield #3 - Middle,"At playground, 230' south of Lake, 121' west of Homan",outdoor,0,ON,Remain,0,2.0,1,0,2.0,,
0204-03-03,100,204,Garfield,Garfield #3 - Low,"At playground, 230' south of Lake, 121' west of Homan",outdoor,0,ON,Remain,0,2.0,1,0,2.0,,
0204-04-01,100,204,Garfield,Garfield #4 - High,"At basketball court, south of Schraeder, west of Central Park",outdoor,0,ON,Remain,1,2.0,1,0,2.0,,
0204-04-02,100,204,Garfield,Garfield #4 - Low,"At basketball court, south of Schraeder, west of Central Park",outdoor,0,ON,Remain,0,2.0,1,0,2.0,,
0204-05-01,100,204,Garfield,Garfield #5,On pool deck,outdoor,0,ON,Remain,0,2.0,1,0,2.0,,
0204-06-01,100,204,Garfield,Garfield #6 - High,"At playground, 190' west of Homan, 70' south of Warren",outdoor,0,ON,Remain,1,2.0,1,0,2.0,,
0204-06-02,100,204,Garfield,Garfield #6 - Low,"At playground, 190' west of Homan, 70' south of Warren",outdoor,0,ON,Remain,0,2.0,1,0,2.0,,
0204-06-BF,100,204,Garfield,Garfield #6 - BF,"At playground, 190' west of Homan, 70' south of Warren",outdoor,1,ON,Remain,0,2.0,1,0,2.0,,
0204-07-01,100,204,Garfield,Garfield #7,"East of band stand, 297' south of Madison, 185' west of Central Park",outdoor,0,ON,Remain,1,2.0,1,0,2.0,,
0204-09-01,100,204,Garfield,Garfield #9 - High,"In field south of music court, 450' along the path ",outdoor,0,ON,Remain,1,2.0,1,0,2.0,,
0204-09-02,100,204,Garfield,Garfield #9 - Low,"In field south of music court, 450' along the path ",outdoor,0,ON,Remain,0,2.0,1,0,2.0,,
0204-09-BF,100,204,Garfield,Garfield #9 - BF,"In field south of music court, 450' along the path ",outdoor,1,ON,Remain,0,2.0,1,0,2.0,,
0204-10-01,100,204,Garfield,Garfield #10,"60' south of Jackson, 28' east of Hamlin",outdoor,0,ON,Remain,1,2.0,1,0,2.0,,
0204-12-01,100,204,Garfield,Main Floor North - Near Offices,,indoor,0,ON,Fix/Replace LSL,0,2.0,1,0,2.0,,
0204-13-01,100,204,Garfield,Main Floor South - Near Fitness  -  High,,indoor,0,ON,Fix/Replace LSL,0,2.0,1,0,2.0,,
0204-13-BF,100,204,Garfield,Main Floor South - Near Fitness  -  BF,,indoor,0,ON,Fix/Replace LSL,0,2.0,1,0,2.0,,
0204-15-01,100,204,Garfield,Basement - Boys Locker Room,,indoor,0,ON,Remain,0,2.0,1,0,2.0,,
0204-16-01,100,204,Garfield,Basement - Girls Locker Room,,indoor,0,OFF,Fix/Replace LSL,0,,0,1,16.2,,
0204-17-01,100,204,Garfield,Basement Near Gym,,indoor,0,ON,Fix/Replace LSL,0,3.2,1,0,3.2,,
0204-18-01,100,204,Garfield,Kitchen Sink,,indoor,0,ON,Fix/Replace LSL,0,2.0,1,0,8.0,,
0204-19-01,100,204,Garfield Conservatory,Lobby  -  Mens,,indoor,0,ON,Remain,0,2.0,1,0,2.0,,
0204-20-01,100,204,Garfield Conservatory,Lobby  -  Womens,,indoor,0,ON,Remain,0,2.0,1,0,2.0,,
0204-21-01,100,204,Garfield Conservatory,Palm House,,indoor,0,ON,Remain,1,2.0,1,0,2.0,,
0204-21-BF,100,204,Garfield Conservatory,Palm House - Bottle Filler,,indoor,1,ON,Remain,0,2.0,1,0,2.0,,
0204-22-01,100,204,Garfield Conservatory,Employee Bathroom,,indoor,0,ON,Remain,0,,0,0,2.0,,
0204-23-01,100,204,Garfield Conservatory,Engineer's Office  -  Water Cooler,,indoor,0,ON,Remain,0,2.0,1,0,2.0,,
0204-24-01,100,204,Garfield Conservatory,Kitchen Sink,,indoor,0,ON,Remain,0,2.0,1,0,2.0,,
0204-26-01,100,204,Garfield Conservatory,Admin Office  -  Sink,,indoor,0,ON,Fix/Replace LSL,0,,0,0,4.9,,
0204-27-01,100,204,Garfield Conservatory,Program's Office  -  Sink,,indoor,0,ON,Remain,0,2.0,1,0,2.0,,
0204-28-01,100,204,Garfield Conservatory,Kitchen  -  Water Cooler,,indoor,0,ON,Remain,0,2.0,1,0,2.0,,
0204-29-01,100,204,Garfield Conservatory,Admin Office  -  Water Cooler,,indoor,0,ON,Remain,0,2.0,1,0,2.0,,
0204-30-01,100,204,Garfield Conservatory,Community Room  -  Sink,,indoor,0,ON,Remain,0,2.0,1,0,2.0,,
0204-31-01,100,204,Garfield Conservatory,Classroom  -  Sink,,indoor,0,ON,Remain,0,2.0,1,0,2.0,,
0205-02-01,101,205,Sheridan,Sheridan #2 - High,"North side of fieldhouse, east side of bocce court",outdoor,0,ON,Remain,1,2.0,1,0,2.0,,
0205-02-02,101,205,Sheridan,Sheridan #2 - Low,"North side of fieldhouse, east side of bocce court",outdoor,0,ON,Remain,0,2.0,1,0,2.0,,
0205-02-BF,101,205,Sheridan,Sheridan #2 - BF,"North side of fieldhouse, east side of bocce court",outdoor,1,ON,Remain,0,2.0,1,0,2.0,,
0205-03-01,101,205,Sheridan,1st Floor - Lobby,,indoor,0,ON,Remain,0,2.0,1,0,2.0,,
0205-04-01,101,205,Sheridan,2nd Floor - North Gym Entrance,,indoor,0,ON,Fix/Replace LSL,0,2.0,1,1,63.1,,
0205-05-01,101,205,Sheridan,2nd Floor - South Gym Entrance,,indoor,0,ON,Remain,0,2.0,1,0,2.0,,
0205-06-01,101,205,Sheridan,Men's Locker Room,,indoor,0,ON,Remain,0,2.0,1,0,2.0,,
0205-07-01,101,205,Sheridan,Pool Area - High,,indoor,0,ON,Remain,0,2.0,1,0,2.0,,
0205-07-02,101,205,Sheridan,Pool Area - Low,,indoor,0,ON,Remain,0,2.0,1,0,2.0,,
0205-08-01,101,205,Sheridan,Kitchen Sink,,indoor,0,OFF,Fix/Replace LSL,0,,0,1,30.2,,
0206-01-01,102,206,Altgeld,Altgeld #1,North side of Field House,outdoor,0,ON,Remain,0,2.0,1,0,2.0,,
0206-02-01,102,206,Altgeld,Altgeld #2,On pool deck near lifeguard room,outdoor,0,ON,Fix/Replace LSL if Lead,0,2.0,1,0,2.0,,
0206-03-01,102,206,Altgeld,Altgeld #3 - High,Southwest area of football field,outdoor,0,ON,Fix/Replace LSL if Lead,1,,0,0,2.0,,
0206-03-02,102,206,Altgeld,Altgeld #3 - Low,Southwest area of football field,outdoor,0,ON,Fix/Replace LSL if Lead,0,2.0,1,0,2.0,,
0206-04-01,102,206,Altgeld,Main Lobby - South - Bubbler,,indoor,0,ON,Remain,0,2.0,1,0,2.0,,
0206-04-02,102,206,Altgeld,Main Lobby - South - Bottle Filler,,indoor,1,ON,Remain,1,2.0,1,1,15.1,,
0206-05-01,102,206,Altgeld,Main Lobby - North - Bubbler,,indoor,0,ON,Remain,0,2.0,1,0,6.9,,
0206-05-02,102,206,Altgeld,Main Lobby - North - Bottle Filler,,indoor,1,ON,Remain,1,2.0,1,1,88.3,,
0206-06-01,102,206,Altgeld,Basement Fitness Center,,indoor,0,ON,Remain,1,2.0,1,1,100.0,,
0206-06-BF,102,206,Altgeld,Basement Fitness Center - Bottle Filler,,indoor,1,ON,Remain,0,2.0,1,0,2.0,,
0206-07-01,102,206,Altgeld,Kitchen Sink,,indoor,0,ON,Remain,0,2.1,1,0,2.1,,
0207-01-01,103,207,Austin Town Hall,Austin Town Hall #1,On street at Lake entrance,outdoor,0,CONT,Fix/Replace LSL,0,2.0,1,0,2.0,,
0207-02-01,103,207,Austin Town Hall,Main Lobby,,indoor,0,OFF,Fix/Replace LSL,0,,0,1,17.6,,
0207-03-01,103,207,Austin Town Hall,2nd Floor - Outside Gym - Bubbler,,indoor,0,ON,Remain,0,2.0,1,0,2.0,,
0207-03-BF,103,207,Austin Town Hall,2nd Floor - Outside Gym - Bottle Filler,,indoor,1,ON,Remain,0,2.0,1,0,2.0,,
0207-04-01,103,207,Austin Town Hall,2nd Floor - Inside Gym,,indoor,0,ON,Fix/Replace LSL,0,5.2,1,0,5.2,,
0207-05-01,103,207,Austin Town Hall,Pool Area - High,,indoor,0,ON,Fix/Replace LSL,0,2.0,1,0,3.7,,
0207-05-02,103,207,Austin Town Hall,Pool Area - Low,,indoor,0,ON,Fix/Replace LSL,0,2.0,1,0,3.8,,
0207-06-01,103,207,Austin Town Hall,Basement - Girl's Locker Room - High,,indoor,0,ON,Fix/Replace LSL,0,2.0,1,0,2.0,,
0207-06-02,103,207,Austin Town Hall,Basement - Girl's Locker Room - Low,,indoor,0,ON,Fix/Replace LSL,0,,0,0,2.0,,
0207-07-01,103,207,Austin Town Hall,Basement - Boy's Locker Room - High,,indoor,0,ON,Remain,0,2.0,1,0,2.0,,
0207-07-02,103,207,Austin Town Hall,Basement - Boy's Locker Room - Low,,indoor,0,ON,Remain,0,2.0,1,0,2.0,,
0207-08-01,103,207,Austin Town Hall,Preschool,,indoor,0,ON,Fix/Replace LSL,0,2.4,1,0,3.7,,
0207-09-01,103,207,Austin Town Hall,Preschool Sink,,indoor,0,ON,Fix/Replace LSL,0,2.5,1,0,3.7,,
0207-10-01,103,207,Austin Town Hall,2nd Floor - Kitchen Sink,,indoor,0,ON,Remain,0,2.0,1,0,2.0,,
0207-11-01,103,207,Austin Town Hall,Kitchen - Triple Basin Sink,,indoor,0,ON,Remain,0,4.3,1,0,4.3,,
0207-12-01,103,207,Austin Town Hall,Kitchen - Single Basin Sink,,indoor,0,ON,Remain,0,2.0,1,0,2.0,,
0207-13-01,103,207,Austin Town Hall,Hallway near Auditorium,,indoor,0,ON,Fix/Replace LSL,0,9.4,1,0,9.4,,
0208-01-01,104,208,Eckhart,Eckhart #1 - High,Corner of Noble and Chestnut,outdoor,0,CONT,Fix/Replace LSL,0,2.0,1,0,2.4,,
0208-01-02,104,208,Eckhart,Eckhart #1 - Low,Corner of Noble and Chestnut,outdoor,0,CONT,Fix/Replace LSL,0,2.0,1,0,2.7,,
0208-02-01,104,208,Eckhart,Eckhart #2 - High,"North of Chicago, west of Elizabeth",outdoor,0,ON,Remain,1,2.0,1,0,2.0,,
0208-02-02,104,208,Eckhart,Eckhart #2 - Low,"North of Chicago, west of Elizabeth",outdoor,0,ON,Remain,0,2.0,1,0,2.0,,
0208-02-BF,104,208,Eckhart,Eckhart #2 - Bottle Filler,"North of Chicago, west of Elizabeth",outdoor,1,ON,Remain,0,2.0,1,0,2.0,,
0208-03-01,104,208,Eckhart,Lobby - High,,indoor,0,ON,Remain,0,2.0,1,0,2.8,,
0208-03-BF,104,208,Eckhart,Lobby - Bottle Filler,,indoor,1,ON,Remain,1,2.0,1,0,2.0,,
0208-04-01,104,208,Eckhart,Pool Deck - High,,indoor,0,ON,Remain,0,2.0,1,0,2.0,,
0208-04-02,104,208,Eckhart,Pool Deck - Low,,indoor,0,ON,Remain,0,2.0,1,0,2.0,,
0208-05-01,104,208,Eckhart,Men's Locker Room,,indoor,0,ON,Fix/Replace LSL,0,3.7,1,0,3.7,,
0208-06-01,104,208,Eckhart,Kitchen Sink,,indoor,0,ON,Remain,0,2.0,1,0,2.0,,
0209-01-01,105,209,Columbus,Columbus #1 - High,"At tennis courts, 210' east of Austin, 50' south of Adams",outdoor,0,CONT,Remain,0,27.3,1,1,27.3,,
0209-01-02,105,209,Columbus,Columbus #1 - Low,"At tennis courts, 210' east of Austin, 50' south of Adams",outdoor,0,CONT,Remain,0,23.8,1,1,23.8,,
0209-01-BF,105,209,Columbus,Columbus #1 - Bottle Filler,"At tennis courts, 210' east of Austin, 50' south of Adams",outdoor,1,CONT,Remain,0,25.3,1,1,25.3,,
0209-02-01,105,209,Columbus,Columbus #2 - High,"At basketball courts, 73' west of Central, 73' south of Quincy",outdoor,0,CONT,Fix/Replace LSL,0,2.0,1,0,3.2,,
0209-03-01,105,209,Columbus,Columbus #3,"50' south of Jackson, 190' west of Refectory Drive",outdoor,0,ON,Remain,1,,0,0,,,
0209-04-01,105,209,Columbus,Columbus #4,20' west of the golf starters shack on golf course,outdoor,0,CONT,Fix/Replace LSL,0,2.0,1,0,2.5,,
0209-06-01,105,209,Columbus,Columbus #6,"At comfort station, south of golf course parking lot",outdoor,0,ON,Remain,1,,0,0,,,
0209-07-01,105,209,Columbus,Columbus #7 - High,"At Van Buren playground, 200' west of Central, 80' north of parking low",outdoor,0,CONT,Fix/Replace LSL,0,2.0,1,0,2.0,,
0209-07-02,105,209,Columbus,Columbus #7 - Low,"At Van Buren playground, 200' west of Central, 80' north of parking low",outdoor,0,CONT,Fix/Replace LSL,0,2.0,1,0,2.0,,
0209-09-01,105,209,Columbus,Columbus #9,"On swimming pool deck, 15' northeast of pool fence, 100' from pool building",outdoor,0,ON,Remain,1,,0,1,22.7,,
0209-10-01,105,209,Columbus,Columbus #10 - High,"Between synthetic baseball and football fields, 35' northwest of 1st base line",outdoor,0,ON,Remain,1,2.0,1,0,5.5,,
0209-10-02,105,209,Columbus,Columbus #10 - Low,"Between synthetic baseball and football fields, 35' northwest of 1st base line",outdoor,0,ON,Remain,0,2.0,1,0,2.0,,
0209-11-01,105,209,Columbus,Columbus #11 - High,"at Harrison CTA stop, 190' west of Central",outdoor,0,ON,Remain,1,2.0,1,0,2.0,,
0209-11-02,105,209,Columbus,Columbus #11 - Low,"at Harrison CTA stop, 190' west of Central",outdoor,0,ON,Remain,0,2.0,1,0,2.0,,
0209-12-01,105,209,Columbus,Front Lobby of Field House,,indoor,0,ON,Remain,0,2.0,1,0,2.0,,
0209-13-01,105,209,Columbus,Refractory East Foyer,,indoor,0,ON,Remain,0,2.4,1,0,2.4,,
0209-14-01,105,209,Columbus,Athletic Building - Near Large Gym - Bubbler,,indoor,0,OFF,Fix/Replace LSL,0,15.0,1,0,15.0,,
0209-14-BF,105,209,Columbus,Athletic Building - Near Large Gym - Bottle Filler,,indoor,1,OFF,Fix/Replace LSL,0,9.3,1,0,9.3,,
0209-15-01,105,209,Columbus,Refractory Kitchen Sink,,indoor,0,ON,Remain,0,2.1,1,0,2.1,,
0210-01-01,106,210,Union,Union #1,North side of pool deck,outdoor,0,OFF,Fix/Replace LSL,0,,0,1,21.8,,
0210-02-01,106,210,Union,Union #2 - High,"Inside playground, southern area",outdoor,0,ON,Remain,1,2.0,1,0,2.0,,
0210-02-02,106,210,Union,Union #2 - Middle,"Inside playground, southern area",outdoor,0,ON,Remain,0,2.0,1,0,2.0,,
0210-02-03,106,210,Union,Union #2 - Low,"Inside playground, southern area",outdoor,0,ON,Remain,0,2.0,1,0,2.0,,
0210-03-01,106,210,Union,Union #3 - High,Southwest corner of fieldhouse,outdoor,0,CONT,Fix/Replace LSL,1,2.0,1,0,4.4,,
0210-03-02,106,210,Union,Union #3 - Low,Southwest corner of fieldhouse,outdoor,0,CONT,Fix/Replace LSL,0,2.0,1,0,2.0,,
0210-03-BF,106,210,Union,Union #3 - BF,Southwest corner of fieldhouse,outdoor,1,CONT,Fix/Replace LSL,0,2.0,1,0,2.0,,
0210-04-01,106,210,Union,Union #4 - High,"South of diamond #1, north of path",outdoor,0,ON,Remain,1,2.0,1,0,2.0,,
0210-04-BF,106,210,Union,Union #4 - Bottle Filler,"South of diamond #1, north of path",outdoor,1,ON,Remain,0,2.0,1,0,2.0,,
0210-05-01,106,210,Union,2nd Floor - Lobby,,indoor,0,ON,Remain,1,21.6,1,1,21.6,,
0210-06-01,106,210,Union,Near Game Room,,indoor,0,ON,Remain,1,,0,1,52.3,,
0210-07-01,106,210,Union,1st Floor - Lobby,,indoor,0,ON,Remain,1,11.9,1,0,11.9,,
0210-09-01,106,210,Union,Gym Building - Near Entrance,,indoor,0,ON,Remain,0,2.0,1,0,2.0,,
0211-01-01,107,211,Skinner,Skinner #1 - High,Southwest corner of field house,outdoor,0,ON,Remain,0,2.0,1,0,2.0,,
0211-01-02,107,211,Skinner,Skinner #1 - Low,Southwest corner of field house,outdoor,0,ON,Remain,0,2.0,1,0,2.0,,
0211-01-03,107,211,Skinner,Skinner #1 - Dog,Southwest corner of field house,outdoor,0,ON,Remain,0,,0,0,2.0,,
0211-02-01,107,211,Skinner,Skinner #2 - High,"In playlot, south of northwest gate",outdoor,0,ON,Remain,0,2.0,1,0,2.0,,
0211-02-02,107,211,Skinner,Skinner #2 - Middle,"In playlot, south of northwest gate",outdoor,0,ON,Remain,0,2.0,1,0,2.0,,
0211-02-03,107,211,Skinner,Skinner #2 - Low,"In playlot, south of northwest gate",outdoor,0,ON,Remain,0,2.0,1,0,2.0,,
0211-03-01,107,211,Skinner,Skinner #3 - High,Outside southwest playlot gate,outdoor,0,ON,Remain,0,,0,0,2.0,,
0211-03-02,107,211,Skinner,Skinner #3 - Low,Outside southwest playlot gate,outdoor,0,ON,Remain,0,,0,0,2.0,,
0211-03-03,107,211,Skinner,Skinner #3 - Dog,Outside southwest playlot gate,outdoor,0,ON,Remain,0,,0,0,2.0,,
0211-04-01,107,211,Skinner,Lobby,,indoor,0,ON,Remain,0,2.0,1,0,2.0,,
0212-01-01,108,212,Shedd,Shedd #1,East side of Fieldhouse,outdoor,0,CONT,Fix/Replace LSL,0,,0,0,2.0,,
0212-02-01,108,212,Shedd,Gym - High,,indoor,0,ON,Remain,0,2.0,1,0,2.0,,
0212-02-BF,108,212,Shedd,Gym - Bottle Filler,,indoor,1,ON,Remain,0,2.0,1,0,2.0,,
0212-03-01,108,212,Shedd,Lobby,,indoor,0,OFF,Fix/Replace LSL,0,,0,1,26.1,,
0212-04-01,108,212,Shedd,Kitchen Sink,,indoor,0,ON,Fix/Replace LSL,0,6.7,1,0,6.7,,
0212-05-01,108,212,Shedd,2nd Floor - Kitchen Sink,,indoor,0,OFF,Fix/Replace LSL,0,5.2,1,0,5.2,,
0213-01-01,109,213,Harrison,Harrison #1 - High,Northwest of comfort station at Wolcott,outdoor,0,ON,Remain,0,2.0,1,0,2.0,,
0213-01-02,109,213,Harrison,Harrison #1 - Low,Northwest of comfort station at Wolcott,outdoor,0,ON,Remain,0,2.0,1,0,2.0,,
0213-02-01,109,213,Harrison,Harrison #2 - High,Entrance to playlot,outdoor,0,ON,Remain,0,2.0,1,0,2.0,,
0213-02-02,109,213,Harrison,Harrison #2 - Low,Entrance to playlot,outdoor,0,ON,Remain,0,2.0,1,0,2.0,,
0213-03-01,109,213,Harrison,Harrison #3,60' east of Damen on 19th,outdoor,0,ON,Remain,0,2.0,1,0,2.0,,
0213-04-01,109,213,Harrison,Fitness Center,,indoor,0,ON,Remain,0,2.0,1,0,2.0,,
0213-05-01,109,213,Harrison,Pool Deck,,indoor,0,OFF,Fix/Replace LSL,0,4.5,1,0,5.2,,
0213-06-01,109,213,Harrison,North Gym Entrance - Bubbler,,indoor,0,ON,Remain,0,2.0,1,0,2.0,,
0213-06-BF,109,213,Harrison,North Gym Entrance - BF,,indoor,0,ON,Remain,0,2.0,1,0,2.0,,
0213-07-01,109,213,Harrison,South Gym Entrance,,indoor,0,ON,Remain,0,2.0,1,0,2.0,,
0213-08-01,109,213,Harrison,Kitchen Sink,,indoor,0,ON,Remain,0,2.0,1,0,2.0,,
0214-01-01,110,214,Wicker,Wicker #1 - High,In playground,outdoor,0,CONT,Fix/Replace LSL,0,2.0,1,0,2.0,,
0214-01-02,110,214,Wicker,Wicker #1 - Low,In playground,outdoor,0,CONT,Fix/Replace LSL,0,2.0,1,0,2.0,,
0214-01-BF,110,214,Wicker,Wicker #1 - Bottle Filler,In playground,outdoor,1,CONT,Fix/Replace LSL,0,2.0,1,0,2.0,,
0214-03-01,110,214,Wicker,Wicker #3 - High,At decorative fountain,outdoor,0,ON,Remain,0,2.0,1,0,2.0,,
0214-03-02,110,214,Wicker,Wicker #3 - Low,At decorative fountain,outdoor,0,ON,Remain,0,2.0,1,0,2.0,,
0214-04-01,110,214,Wicker,Wicker #4 - Dog,In dog area,outdoor,0,ON,Remain,1,,0,0,2.0,,
0214-05-01,110,214,Wicker,Wicker #5,"On sidewalk north of Schiller, next to DFA",outdoor,0,ON,Remain,1,,0,0,,,
0214-06-01,110,214,Wicker,Lobby,,indoor,0,ON,Remain,0,2.0,1,0,2.0,,
0214-07-01,110,214,Wicker,Kitchen Sink,,indoor,0,ON,Fix/Replace LSL,0,2.0,1,0,9.4,,
0215-01-01,111,215,Arrigo,Arrigo #1 - High,"Southeast corner of park, near Lytle and Cabrini",outdoor,0,CONT,Fix/Replace LSL,0,2.0,1,0,3.8,,
0215-01-02,111,215,Arrigo,Arrigo #1 - Low,"Southeast corner of park, near Lytle and Cabrini",outdoor,0,CONT,Fix/Replace LSL,0,2.0,1,0,3.7,,
0216-02-01,112,216,Dvorak,Dvorak #2 - High,Southeast corner of main fieldhouse,outdoor,0,ON,Remain,1,,0,0,2.5,,
0216-02-02,112,216,Dvorak,Dvorak #2 - Middle,Southeast corner of main fieldhouse,outdoor,0,ON,Remain,0,2.0,1,0,2.3,,
0216-02-03,112,216,Dvorak,Dvorak #2 - Low,Southeast corner of main fieldhouse,outdoor,0,ON,Remain,0,,0,0,2.5,,
0216-03-01,112,216,Dvorak,Dvorak #3 - High,On pool deck,outdoor,0,CONT,Fix/Replace LSL,0,,0,1,97.9,,
0216-03-02,112,216,Dvorak,Dvorak #3 - Low,On pool deck,outdoor,0,CONT,Fix/Replace LSL,0,2.0,1,1,310.0,,
0216-04-01,112,216,Dvorak,Dvorak #4 - High,"Interactive spray pool area, next to pool filter room, north side of building",outdoor,0,CONT,Remain,0,2.0,1,1,25.7,,
0216-04-02,112,216,Dvorak,Dvorak #4 - Low,"Interactive spray pool area, next to pool filter room, north side of building",outdoor,0,CONT,Remain,0,2.0,1,0,2.4,,
0216-05-01,112,216,Dvorak,Dvorak #5 - High,"Newer south end of park, just east of canopy area, south of walking track",outdoor,0,ON,Remain,0,2.0,1,0,2.0,,
0216-05-02,112,216,Dvorak,Dvorak #5 - Low,"Newer south end of park, just east of canopy area, south of walking track",outdoor,0,ON,Remain,0,2.0,1,0,2.0,,
0216-06-01,112,216,Dvorak,Main Lobby - High,,indoor,0,ON,Fix/Replace LSL,0,2.0,1,0,5.4,,
0216-06-02,112,216,Dvorak,Main Lobby - Low,,indoor,0,ON,Fix/Replace LSL,0,3.3,1,0,6.0,,
0216-07-01,112,216,Dvorak,Kitchen Sink,,indoor,0,ON,Remain,0,2.0,1,0,2.0,,
0217-01-01,113,217,Pulaski,Pulaski #1,On fieldhouse terrace west,outdoor,0,ON,Remain,0,,0,0,2.0,,
0217-03-01,113,217,Pulaski,Pulaski #3 - High,"On path, north of spray feature",outdoor,0,ON,Remain,1,2.0,1,0,2.0,,
0217-03-02,113,217,Pulaski,Pulaski #3 - Low,(Loc. Needed),outdoor,0,ON,Remain,0,2.0,1,0,2.0,,
0217-05-01,113,217,Pulaski,Pulaski #5 - High,On pool deck,outdoor,0,ON,Remain,0,,0,0,2.0,,
0217-05-02,113,217,Pulaski,Pulaski #5 - Low,On pool deck,outdoor,0,ON,Remain,0,,0,0,2.0,,
0217-07-01,113,217,Pulaski,West Corridor,,indoor,0,OFF,Fix/Replace LSL,0,,0,0,2.0,,
0217-10-01,113,217,Pulaski,Kitchen Sink,,indoor,0,OFF,Fix/Replace LSL,0,35.6,1,1,35.6,,
0217-11-01,113,217,Pulaski,Lobby - DF,,indoor,0,ON,Remain,0,2.0,1,0,2.0,,
0217-11-BF,113,217,Pulaski,Lobby - BF,,indoor,0,ON,Remain,0,2.0,1,0,2.0,,
0218-03-01,114,218,Douglass,Douglass #3,"Swimming pool deck, 60' west of east pool fence",outdoor,0,ON,Fix/Replace LSL,0,2.0,1,0,2.0,,
0218-04-01,114,218,Douglass,Douglass #4 - High,"14th Street playground, 172' west of California, 162' south of walking path",outdoor,0,ON,Fix/Replace LSL,0,2.0,1,0,2.0,,
0218-04-02,114,218,Douglass,Douglass #4 - Low,"14th Street playground, 172' west of California, 162' south of walking path",outdoor,0,ON,Fix/Replace LSL,0,2.0,1,0,2.0,,
0218-06-01,114,218,Douglass,Douglass #6,"West of lilly pond, 180' south of Ogden, east of Pergola",outdoor,0,ON,Remain,1,2.0,1,0,2.6,,
0218-08-01,114,218,Douglass,Douglass #8,"104' west of California, 16' north of 18th Street",outdoor,0,ON,Remain,1,,0,0,,,
0218-09-01,114,218,Douglass,Douglass #9 - High,"36' east of Sacremento, east of turf football field",outdoor,0,ON,Remain,1,2.0,1,0,5.0,,
0218-09-02,114,218,Douglass,Douglass #9 - Low,"36' east of Sacremento, east of turf football field",outdoor,0,ON,Remain,0,2.0,1,0,7.2,,
0218-09-BF,114,218,Douglass,Douglass #9 - BF,"36' east of Sacremento, east of turf football field",outdoor,1,ON,Remain,0,2.0,1,0,8.1,,
0218-10-01,114,218,Douglass,Douglass #10 - High,South of football field comfort station,outdoor,0,CONT,Fix/Replace LSL,0,2.0,1,0,3.7,,
0218-10-02,114,218,Douglass,Douglass #10 - Middle,South of football field comfort station,outdoor,0,CONT,Fix/Replace LSL,0,2.0,1,0,4.2,,
0218-10-03,114,218,Douglass,Douglass #10 - Low,South of football field comfort station,outdoor,0,CONT,Fix/Replace LSL,0,2.0,1,0,3.4,,
0218-11-01,114,218,Douglass,Main Lobby - High,,indoor,0,ON,Remain,0,2.0,1,0,2.0,,
0218-11-BF,114,218,Douglass,Main Lobby - BF,,indoor,0,ON,Remain,0,2.0,1,0,2.0,,
0219-01-01,115,219,Humboldt,Humboldt #1,"On path at North & California, north of the inner drive",outdoor,0,ON,Remain,1,,0,0,,,
0219-03-01,115,219,Humboldt,Humboldt #3,On path at the inner drive across from the armory,outdoor,0,ON,Remain,1,,0,0,,,
0219-04-01,115,219,Humboldt,Humboldt #4,By concession at Marin and Sacramento - will be removed Summer 2016,outdoor,0,ON,Remain,1,,0,0,,,
0219-05-01,115,219,Humboldt,Humboldt #5,In playground (north),outdoor,0,ON,Fix/Replace LSL,0,2.0,1,0,2.0,,
0219-06-01,115,219,Humboldt,Humboldt #6 - High,In front of fieldhouse parking lot,outdoor,0,ON,Remain,1,2.0,1,0,2.0,,
0219-06-02,115,219,Humboldt,Humboldt #6 - Low,In front of fieldhouse parking lot,outdoor,0,ON,Remain,0,2.0,1,0,2.0,,
0219-06-BF,115,219,Humboldt,Humboldt #6 - BF,In front of fieldhouse parking lot,outdoor,1,ON,Remain,0,2.0,1,0,2.0,,
0219-07-01,115,219,Humboldt,Humboldt #7,On path by casting pier,outdoor,0,ON,Fix/Replace LSL,0,2.0,1,0,2.0,,
0219-08-01,115,219,Humboldt,Humboldt #8 - High,In front of comfort station at Little Cubs Field,outdoor,0,ON,Remain,0,2.0,1,0,2.0,,
0219-08-02,115,219,Humboldt,Humboldt #8 - Low,In front of comfort station at Little Cubs Field,outdoor,0,ON,Remain,0,2.0,1,0,2.0,,
0219-09-01,115,219,Humboldt,Humboldt #9,West side of boathouse,outdoor,0,ON,Fix/Replace LSL,0,2.0,1,0,2.8,,
0219-10-01,115,219,Humboldt,Humboldt #10,On California side of tennis courts,outdoor,0,ON,Remain,0,2.0,1,0,2.0,,
0219-11-01,115,219,Humboldt,Humboldt #11 - High,In east playground,outdoor,0,ON,Remain,0,,0,0,2.0,,
0219-11-02,115,219,Humboldt,Humboldt #11 - Middle,In east playground,outdoor,0,ON,Remain,0,,0,0,2.0,,
0219-11-03,115,219,Humboldt,Humboldt #11 - Low,In east playground,outdoor,0,ON,Remain,0,,0,0,2.0,,
0219-13-01,115,219,Humboldt,Humboldt #13 - High,East of Inner Drive in between Little Cubs Field and mini soccer field,outdoor,0,ON,Remain,0,2.0,1,0,2.0,,
0219-13-02,115,219,Humboldt,Humboldt #13 - Low,East of Inner Drive in between Little Cubs Field and mini soccer field,outdoor,0,ON,Remain,0,,0,0,2.0,,
0219-13-03,115,219,Humboldt,Humboldt #13 - Middle,East of Inner Drive in between Little Cubs Field and mini soccer field,outdoor,0,ON,Remain,0,2.0,1,0,2.0,,
0219-14-01,115,219,Humboldt,Humboldt #14 - High,On path between Inner Drive and softball diamonds,outdoor,0,ON,Remain,1,2.0,1,0,2.0,,
0219-14-02,115,219,Humboldt,Humboldt #14 - Low,On path between Inner Drive and softball diamonds,outdoor,0,ON,Remain,0,2.0,1,0,2.0,,
0219-15-01,115,219,Humboldt,Humboldt #15,Formal garden Northwest,outdoor,0,OFF,Fix/Replace LSL,0,,0,0,2.0,,
0219-16-01,115,219,Humboldt,Humboldt #16,Formal garden southwest,outdoor,0,ON,Remain,0,,0,0,2.0,,
0219-17-01,115,219,Humboldt,Humboldt #17 - High,Inner Drive near California and Crystal,outdoor,0,ON,Remain,1,2.0,1,0,2.0,,
0219-17-02,115,219,Humboldt,Humboldt #17 - Middle,Inner Drive near California and Crystal,outdoor,0,ON,Remain,0,2.0,1,0,2.0,,
0219-17-03,115,219,Humboldt,Humboldt #17 - Low,Inner Drive near California and Crystal,outdoor,0,ON,Remain,0,2.0,1,0,2.0,,
0219-18-01,115,219,Humboldt,Humboldt #18 - High,In playground near Division and Kedzie,outdoor,0,ON,Remain,0,2.0,1,0,2.0,,
0219-18-02,115,219,Humboldt,Humboldt #18 - Middle,In playground near Division and Kedzie,outdoor,0,ON,Remain,0,2.0,1,0,2.0,,
0219-18-03,115,219,Humboldt,Humboldt #18 - Low,In playground near Division and Kedzie,outdoor,0,ON,Remain,0,2.0,1,0,2.0,,
0219-20-01,115,219,Humboldt,Humboldt #20,On Inner Drive west of Diamond 14,outdoor,0,ON,Remain,1,,0,0,,,
0219-21-01,115,219,Humboldt,Humboldt #21 - High,On Humboldt east of turf field,outdoor,0,ON,Remain,1,2.0,1,0,3.9,,
0219-21-02,115,219,Humboldt,Humboldt #21 - Low,On Humboldt east of turf field,outdoor,0,ON,Remain,0,2.0,1,0,2.0,,
0219-21-BF,115,219,Humboldt,Humboldt #21 - Bottle Filler,On Humboldt east of turf field,outdoor,1,ON,Remain,0,2.0,1,0,2.0,,
0219-22-01,115,219,Humboldt,Humboldt #22,On pool deck,outdoor,0,CONT,Fix/Replace LSL,0,,0,0,2.0,,
0219-25-01,115,219,Humboldt,Main Floor - East Side,,indoor,0,ON,Remain,0,3.7,1,0,3.7,,
0219-26-01,115,219,Humboldt,Main Floor - West Side,,indoor,0,ON,Fix/Replace LSL,0,2.0,1,0,2.0,,
0219-29-01,115,219,Humboldt,Kitchen Sink,,indoor,0,ON,Remain,0,2.0,1,0,2.0,,
0225-01-01,116,225,West Pullman,West Pullman #1,IN FRONT OF FIELDHOUSE,outdoor,0,CONT,Fix/Replace LSL,0,,0,0,3.8,,
0225-04-01,116,225,West Pullman,West Pullman #4 - High,"SOUTH SIDE OF PARK, ON PATH",outdoor,0,ON,Remain,0,2.0,1,0,2.0,,
0225-04-02,116,225,West Pullman,West Pullman #4 - Middle,"SOUTH SIDE OF PARK, ON PATH",outdoor,0,ON,Remain,0,2.0,1,0,2.0,,
0225-04-03,116,225,West Pullman,West Pullman #4 - Low,"SOUTH SIDE OF PARK, ON PATH",outdoor,0,ON,Remain,0,2.0,1,0,2.0,,
0225-05-01,116,225,West Pullman,"Pool Deck Area, Indoor",,indoor,0,ON,Fix/Replace LSL,0,2.0,1,0,2.8,,
0225-06-01,116,225,West Pullman,Main Lobby - High,,indoor,0,ON,Remain,0,2.0,1,0,2.0,,
0225-06-BF,116,225,West Pullman,Main Lobby - Bottle Filler,,indoor,1,ON,Remain,0,2.0,1,0,2.0,,
0225-07-01,116,225,West Pullman,Main Level Near Gym - Left,,indoor,0,ON,Remain,0,2.0,1,0,2.0,,
0225-07-02,116,225,West Pullman,Main Level near Gym - Right,,indoor,0,ON,Remain,0,2.0,1,0,2.0,,
0225-08-01,116,225,West Pullman,Lower Level Club Room,,indoor,0,ON,Fix/Replace LSL,0,,0,0,3.5,,
0225-09-01,116,225,West Pullman,Art Room - Kitchen Sink,,indoor,0,ON,Fix/Replace LSL,0,2.0,1,0,2.0,,
0227-01-01,117,227,Senn,Senn #1 - High,"AT WALKWAY BETWEEN SENN SOUTH AND SENN NORTH, ON THORNDALE",outdoor,0,ON,Remain,0,2.0,1,0,2.0,,
0227-01-02,117,227,Senn,Senn #1 - Low,"AT WALKWAY BETWEEN SENN SOUTH AND SENN NORTH, ON THORNDALE",outdoor,0,ON,Remain,0,2.0,1,0,2.0,,
0227-03-01,117,227,Senn,Senn #3 - High,SOUTH CORNER OF TENNIS COURT,outdoor,0,OFF,Fix/Replace LSL,0,,0,1,36.4,,
0227-03-02,117,227,Senn,Senn #3 - Low,SOUTH CORNER OF TENNIS COURT,outdoor,0,OFF,Fix/Replace LSL,0,,0,1,34.4,,
0227-05-01,117,227,Senn,Senn #5 - High,PLAYGROUND,outdoor,0,ON,Remain,0,2.0,1,0,2.0,,
0227-05-02,117,227,Senn,Senn #5 - Low,PLAYGROUND,outdoor,0,ON,Remain,0,2.0,1,0,2.0,,
0228-02-01,118,228,Horner,Horner #2 - High,South of tennis courts,outdoor,0,ON,Remain,1,2.0,1,0,2.0,,
0228-02-02,118,228,Horner,Horner #2 - Low,South of tennis courts,outdoor,0,ON,Remain,0,2.0,1,0,2.0,,
0228-03-01,118,228,Horner,Horner #3 - High,South of basketball court,outdoor,0,CONT,Fix/Replace LSL,0,2.0,1,0,2.0,,
0228-03-02,118,228,Horner,Horner #3 - Low,South of basketball court,outdoor,0,CONT,Fix/Replace LSL,0,2.0,1,0,2.0,,
0228-04-01,118,228,Horner,Horner #4 - High,South of playlot,outdoor,0,CONT,Fix/Replace LSL,0,2.0,1,0,2.0,,
0228-04-02,118,228,Horner,Horner #4 - Middle,South of playlot,outdoor,0,CONT,Fix/Replace LSL,0,2.0,1,0,2.0,,
0228-04-03,118,228,Horner,Horner #4 - Low,South of playlot,outdoor,0,CONT,Fix/Replace LSL,0,2.0,1,0,2.0,,
0228-05-01,118,228,Horner,Horner #5 - High,"East of Cullom tennis courts, on path",outdoor,0,CONT,Fix/Replace LSL,0,2.0,1,0,2.0,,
0228-05-02,118,228,Horner,Horner #5 - Low,"East of Cullom tennis courts, on path",outdoor,0,CONT,Fix/Replace LSL,0,2.0,1,0,2.0,,
0228-05-BF,118,228,Horner,Horner #5 - Bottle Filler,"East of Cullom tennis courts, on path",outdoor,1,CONT,Fix/Replace LSL,0,2.0,1,0,2.0,,
0228-06-01,118,228,Horner,Horner #6 - High,"East of junior diamond #3, on path",outdoor,0,ON,Remain,1,2.0,1,0,2.0,,
0228-06-02,118,228,Horner,Horner #6 - Low,"East of junior diamond #3, on path",outdoor,0,ON,Remain,0,2.0,1,0,2.0,,
0228-06-BF,118,228,Horner,Horner #6 - Bottle Filler,"East of junior diamond #3, on path",outdoor,1,ON,Remain,0,2.0,1,0,2.0,,
0228-08-01,118,228,Horner,Horner #8 - High,Southeast of junior diamond #6,outdoor,0,CONT,Fix/Replace LSL,0,2.0,1,0,2.0,,
0228-08-02,118,228,Horner,Horner #8 - Low,Southeast of junior diamond #6,outdoor,0,CONT,Fix/Replace LSL,0,2.0,1,0,2.0,,
0228-09-01,118,228,Horner,Horner #9 - High,"West side of park, at Belle Plaine, on path",outdoor,0,ON,Fix/Replace LSL,0,2.0,1,0,2.0,,
0228-09-02,118,228,Horner,Horner #9 - Low,"West side of park, at Belle Plaine, on path",outdoor,0,ON,Fix/Replace LSL,0,2.0,1,0,2.0,,
0228-11-01,118,228,Horner,Horner #11 - High,Corner of Irving and California,outdoor,0,ON,Remain,0,2.0,1,0,2.0,,
0228-11-02,118,228,Horner,Horner #11 - Low,Corner of Irving and California,outdoor,0,ON,Remain,0,2.0,1,0,2.0,,
0228-11-BF,118,228,Horner,Horner #11 - Bottle Filler,Corner of Irving and California,outdoor,1,ON,Remain,0,2.0,1,0,2.0,,
0228-12-01,118,228,Horner,Lobby Outside Gym - High,,indoor,0,ON,Remain,1,2.0,1,0,3.8,,
0228-12-BF,118,228,Horner,Lobby Outside Gym - Bottle Filler,,indoor,1,ON,Remain,0,2.0,1,0,4.4,,
0228-13-01,118,228,Horner,Inside Main Gym,,indoor,0,OFF,Fix/Replace LSL,0,,0,0,6.6,,
0228-14-01,118,228,Horner,Inside Small Gym,,indoor,0,OFF,Fix/Replace LSL,0,,0,0,2.7,,
0228-15-01,118,228,Horner,2nd Floor Kitchen Sink,,indoor,0,ON,Fix/Replace LSL,0,2.0,1,0,2.0,,
0228-17-01,118,228,Horner,2nd Floor Hallway - High,,indoor,0,ON,Fix/Replace LSL,0,2.8,1,0,2.8,,
0228-17-02,118,228,Horner,2nd Floor Hallway - Low,,indoor,0,ON,Fix/Replace LSL,0,2.3,1,0,2.5,,
0228-18-01,118,228,Horner,Basement - High,,indoor,0,ON,Fix/Replace LSL,0,2.2,1,0,3.6,,
0228-18-02,118,228,Horner,Basement - Low,,indoor,0,ON,Fix/Replace LSL,0,2.0,1,0,6.0,,
0228-19-01,118,228,Horner,Basement Kitchen - Right Side,,indoor,0,ON,Fix/Replace LSL,0,4.5,1,0,4.5,,
0228-19-02,118,228,Horner,Basement Kitchen - Left Side,,indoor,0,ON,Fix/Replace LSL,0,,0,0,6.0,,
0229-01-01,119,229,Hiawatha,Hiawatha #1,Near tennis court,outdoor,0,CONT,Fix/Replace LSL,0,5.0,1,0,7.5,,
0229-03-01,119,229,Hiawatha,Hiawatha #3 - High,Playground,outdoor,0,ON,Remain,1,2.0,1,0,2.0,,
0229-03-02,119,229,Hiawatha,Hiawatha #3 - Middle,Playground,outdoor,0,ON,Remain,0,2.0,1,0,2.0,,
0229-03-03,119,229,Hiawatha,Hiawatha #3 - Low,Playground,outdoor,0,ON,Remain,0,2.0,1,0,2.0,,
0229-05-01,119,229,Hiawatha,Main Lobby - High,,indoor,0,ON,Remain,0,2.0,1,0,2.0,,
0229-05-02,119,229,Hiawatha,Main Lobby - Low,,indoor,0,ON,Remain,0,2.0,1,0,2.0,,
0229-06-01,119,229,Hiawatha,Kitchen Sink,,indoor,0,ON,Remain,0,2.0,1,0,2.0,,
0230-01-01,120,230,Piotrowski,Piotrowski #1 - High,Southwest corner of parking lot,outdoor,0,ON,Remain,0,2.0,1,0,2.0,,
0230-01-02,120,230,Piotrowski,Piotrowski #1 - Low,Southwest corner of parking lot,outdoor,0,ON,Remain,0,2.0,1,0,2.0,,
0230-02-01,120,230,Piotrowski,Piotrowski #2 - High,Southeast corner of playground,outdoor,0,ON,Remain,1,2.0,1,0,2.0,,
0230-02-02,120,230,Piotrowski,Piotrowski #2 - Middle,Southeast corner of playground,outdoor,0,ON,Remain,0,2.0,1,0,2.0,,
0230-02-03,120,230,Piotrowski,Piotrowski #2 - Low,Southeast corner of playground,outdoor,0,ON,Remain,0,2.0,1,0,2.0,,
0230-03-01,120,230,Piotrowski,Piotrowski #3 - High,Diamond #4,outdoor,0,ON,Remain,1,2.0,1,0,2.0,,
0230-03-02,120,230,Piotrowski,Piotrowski #3 - Low,Diamond #4,outdoor,0,ON,Remain,0,2.0,1,0,2.0,,
0230-03-03,120,230,Piotrowski,Piotrowski #3 - Middle,Diamond #4,outdoor,0,ON,Remain,0,2.0,1,0,2.0,,
0230-04-01,120,230,Piotrowski,Piotrowski #4 - High,Diamond #1,outdoor,0,CONT,Remain,1,2.0,1,0,2.0,,
0230-04-02,120,230,Piotrowski,Piotrowski #4 - Low,Diamond #1,outdoor,0,CONT,Remain,0,2.0,1,0,2.0,,
0230-04-BF,120,230,Piotrowski,Piotrowski #4 - BF,Diamond #1,outdoor,1,ON,Remain,0,2.0,1,0,2.0,,
0230-07-01,120,230,Piotrowski,Main Lobby - High,,indoor,0,ON,Fix/Replace LSL,0,2.0,1,0,3.4,,
0230-07-02,120,230,Piotrowski,Main Lobby - Low,,indoor,0,ON,Fix/Replace LSL,0,2.0,1,0,9.5,,
0230-08-01,120,230,Piotrowski,Lower Level Fitness - High,,indoor,0,OFF,Fix/Replace LSL,0,14.7,1,0,14.7,,
0230-08-02,120,230,Piotrowski,Lower Level Fitness - Low,,indoor,0,OFF,Fix/Replace LSL,0,4.2,1,0,4.2,,
0230-10-01,120,230,Piotrowski,Men's Locker Room,,indoor,0,ON,Fix/Replace LSL,0,3.4,1,0,4.2,,
0230-11-01,120,230,Piotrowski,Women's Locker Room,,indoor,0,ON,Fix/Replace LSL,0,2.0,1,0,4.5,,
0230-15-01,120,230,Piotrowski,Kitchen Sink,,indoor,0,ON,Remain,0,2.0,1,0,2.0,,
0231-01-01,121,231,Rosenblum,Rosenblum #1 - High,"EAST OF SPRAYPOOL, NW CORNER",outdoor,0,ON,Remain,1,2.0,1,0,2.0,,
0231-01-02,121,231,Rosenblum,Rosenblum #1 - Middle,"EAST OF SPRAYPOOL, NW CORNER",outdoor,0,ON,Remain,0,2.0,1,0,2.0,,
0231-01-03,121,231,Rosenblum,Rosenblum #1 - Low,"EAST OF SPRAYPOOL, NW CORNER",outdoor,0,ON,Remain,0,2.0,1,0,2.0,,
0231-02-01,121,231,Rosenblum,Rosenblum #2 - High,CENTER OF RUNNING TRACK ON 75TH,outdoor,0,ON,Remain,1,2.0,1,0,2.0,,
0231-02-02,121,231,Rosenblum,Rosenblum #2 - Low,CENTER OF RUNNING TRACK ON 75TH,outdoor,0,ON,Remain,0,2.0,1,0,2.0,,
0231-03-01,121,231,Rosenblum,Rosenblum #3 - High,CENTER OF RUNNING TRACK ON 76TH,outdoor,0,ON,Remain,1,2.0,1,0,2.0,,
0231-03-02,121,231,Rosenblum,Rosenblum #3 - Low,CENTER OF RUNNING TRACK ON 76TH,outdoor,0,ON,Remain,0,2.0,1,0,2.0,,
0233-02-01,122,233,Vittum,Vittum #2 - High,Between spray pool and basketball court,outdoor,0,ON,Remain,1,2.0,1,0,2.9,,
0233-02-02,122,233,Vittum,Vittum #2 - Low,Between spray pool and basketball court,outdoor,0,ON,Remain,0,2.0,1,0,3.0,,
0233-02-BF,122,233,Vittum,Vittum #2 - Bottle Filler,Between spray pool and basketball court,outdoor,1,ON,Remain,0,2.0,1,0,3.2,,
0233-03-01,122,233,Vittum,Vittum #3 - High,"Between junior and senior diamonds, at about 50th and Lawler",outdoor,0,CONT,Fix/Replace LSL,0,2.0,1,0,2.0,,
0233-03-02,122,233,Vittum,Vittum #3 - Low,"Between junior and senior diamonds, at about 50th and Lawler",outdoor,0,CONT,Fix/Replace LSL,0,3.8,1,0,3.8,,
0233-04-01,122,233,Vittum,1st Floor - Office - High,,indoor,0,OFF,Fix/Replace LSL,0,,0,1,43.7,,
0233-04-02,122,233,Vittum,1st Floor - Office - Low,,indoor,0,OFF,Fix/Replace LSL,0,,0,1,52.5,,
0233-05-01,122,233,Vittum,2nd Floor - Near Special Rec. - High,,indoor,0,ON,Fix/Replace LSL,0,2.0,1,0,2.0,,
0233-05-02,122,233,Vittum,2nd Floor - Near Special Rec. - Low,,indoor,0,ON,Fix/Replace LSL,0,2.0,1,0,2.0,,
0233-06-01,122,233,Vittum,Kitchen Sink,,indoor,0,ON,Fix/Replace LSL,0,2.0,1,0,13.5,,
0234-01-01,123,234,Hale,Hale #1 - High,ON POOL DECK,outdoor,0,CONT,Fix/Replace LSL,0,4.7,1,0,4.7,,
0234-01-02,123,234,Hale,Hale #1 - Low,ON POOL DECK,outdoor,0,CONT,Fix/Replace LSL,0,2.0,1,0,2.0,,
0234-03-01,123,234,Hale,Hale #3 - High,"SOUTH OF FIELDHOUSE, ON PATH",outdoor,0,ON,Remain,1,2.0,1,0,2.0,,
0234-03-02,123,234,Hale,Hale #3 - Low,"SOUTH OF FIELDHOUSE, ON PATH",outdoor,0,ON,Remain,0,2.0,1,0,2.0,,
0234-03-BF,123,234,Hale,Hale #3 - Bottle Filler,"SOUTH OF FIELDHOUSE, ON PATH",outdoor,1,ON,Remain,0,2.0,1,0,2.0,,
0234-04-01,123,234,Hale,Hale #4 - High,"SOUTH SIDE OF PARK, BETWEEN SOUTH DIAMONDS",outdoor,0,CONT,Remain,1,2.0,1,0,2.0,,
0234-04-02,123,234,Hale,Hale #4 - Low,"SOUTH SIDE OF PARK, BETWEEN SOUTH DIAMONDS",outdoor,0,CONT,Remain,0,2.0,1,0,2.0,,
0234-05-01,123,234,Hale,Lobby - High,,indoor,0,ON,Remain,0,2.0,1,0,2.0,,
0234-05-BF,123,234,Hale,Lobby - BF,,indoor,0,ON,Remain,0,2.0,1,0,2.0,,
0234-06-01,123,234,Hale,Near Locker Rooms,,indoor,0,ON,Remain,0,2.0,1,0,2.0,,
0234-08-01,123,234,Hale,Kitchen Sink,,indoor,0,ON,Remain,0,2.0,1,0,2.0,,
0235-01-01,124,235,Oakdale,Oakdale #1 - High,NORTHWEST CORNER OF FIELDHOUSE,outdoor,0,CONT,Fix/Replace LSL,0,2.0,1,0,2.0,,
0235-01-02,124,235,Oakdale,Oakdale #1 - Low,NORTHWEST CORNER OF FIELDHOUSE,outdoor,0,CONT,Fix/Replace LSL,0,2.0,1,0,2.0,,
0235-03-01,124,235,Oakdale,Oakdale #3,POOL DECK,outdoor,0,CONT,Fix/Replace LSL,0,,0,0,2.0,,
0235-04-01,124,235,Oakdale,Front Entrance - Bubbler,,indoor,0,ON,Remain,0,2.0,1,0,2.0,,
0235-04-BF,124,235,Oakdale,Front Entrance - Bottle Filler,,indoor,1,ON,Remain,0,2.0,1,0,2.0,,
0235-05-01,124,235,Oakdale,Kitchen Sink,,indoor,0,ON,Fix/Replace LSL,0,4.2,1,0,9.4,,
0236-01-01,125,236,Robinson,Robinson #1 - High,NORTH OF FIELDHOUSE,outdoor,0,CONT,Fix/Replace LSL,0,,0,1,48.0,,
0236-01-02,125,236,Robinson,Robinson #1 - Middle,NORTH OF FIELDHOUSE,outdoor,0,CONT,Fix/Replace LSL,0,,0,1,62.0,,
0236-01-03,125,236,Robinson,Robinson #1 - Low,NORTH OF FIELDHOUSE,outdoor,0,CONT,Fix/Replace LSL,0,,0,1,59.4,,
0236-02-01,125,236,Robinson,Robinson #2,"SOUTH SIDE OF PARK, AT MORGAN",outdoor,0,CONT,Fix/Replace LSL,0,2.0,1,1,27.3,,
0236-03-01,125,236,Robinson,Main Lobby,,indoor,0,ON,Fix/Replace LSL,0,,0,0,2.0,,
0236-04-01,125,236,Robinson,Kitchen Sink,,indoor,0,ON,Remain,0,,0,0,2.0,,
0237-01-01,126,237,Owens,Owens #1 - High,ON 87TH AT CHAPPEL,outdoor,0,ON,Remain,1,2.0,1,0,3.3,,
0237-01-02,126,237,Owens,Owens #1 - Low,ON 87TH AT CHAPPEL,outdoor,0,ON,Remain,0,2.0,1,0,2.0,,
0237-01-BF,126,237,Owens,Owens #1 - Bottle Filler,ON 87TH AT CHAPPEL,outdoor,1,ON,Remain,0,2.0,1,0,2.0,,
0237-02-01,126,237,Owens,Owens #2 - High,ON PATH FROM 89TH AT CHAPPEL,outdoor,0,OFF,Fix/Replace LSL,0,,0,1,65.6,,
0237-02-02,126,237,Owens,Owens #2 - Middle,ON PATH FROM 89TH AT CHAPPEL,outdoor,0,OFF,Fix/Replace LSL,0,,0,1,59.7,,
0237-02-03,126,237,Owens,Owens #2 - Low,ON PATH FROM 89TH AT CHAPPEL,outdoor,0,OFF,Fix/Replace LSL,0,,0,1,63.6,,
0237-03-01,126,237,Owens,Fitness Area - High,,indoor,0,ON,Remain,0,2.0,1,0,2.0,,
0237-03-02,126,237,Owens,Fitness Area - Low,,indoor,0,ON,Remain,0,2.0,1,0,2.0,,
0237-04-01,126,237,Owens,Hallway - High,,indoor,0,ON,Remain,0,2.0,1,0,2.0,,
0237-04-02,126,237,Owens,Hallway - Low,,indoor,0,ON,Remain,0,2.0,1,0,2.0,,
0237-05-01,126,237,Owens,Kitchen Sink,,indoor,0,ON,Remain,0,2.0,1,0,2.0,,
0238-01-01,127,238,Wentworth,Wentworth #1 - High,SOUTH OF LANDSCAPE YARD,outdoor,0,ON,Remain,1,2.0,1,0,2.0,,
0238-01-02,127,238,Wentworth,Wentworth #1 - Dog,SOUTH OF LANDSCAPE YARD,outdoor,0,ON,Remain,0,,0,0,2.0,,
0238-01-03,127,238,Wentworth,Wentworth #1 - Low,SOUTH OF LANDSCAPE YARD,outdoor,0,ON,Remain,0,2.0,1,0,2.0,,
0238-02-01,127,238,Wentworth,Wentworth #2 - High,SOUTH OF PLAYGROUND,outdoor,0,ON,Remain,1,2.0,1,0,2.0,,
0238-02-02,127,238,Wentworth,Wentworth #2 - Low,SOUTH OF PLAYGROUND,outdoor,0,ON,Remain,0,2.0,1,0,2.0,,
0238-02-BF,127,238,Wentworth,Wentworth #2 - BF,SOUTH OF PLAYGROUND,outdoor,1,ON,Remain,0,2.0,1,0,2.0,,
0238-04-01,127,238,Wentworth,Lobby - Bubbler,,indoor,0,ON,Remain,0,2.0,1,0,2.0,,
0238-04-BF,127,238,Wentworth,Lobby - Bottle Filler,,indoor,1,ON,Remain,0,2.0,1,0,2.0,,
0238-05-01,127,238,Wentworth,Kitchen Sink,,indoor,0,ON,Remain,0,3.5,1,0,3.5,,
0239-01-01,128,239,Dawes,Dawes #1 - High,81ST AND DAMEN ENTRANCE,outdoor,0,CONT,Fix/Replace LSL,0,2.0,1,0,2.0,,
0239-01-02,128,239,Dawes,Dawes #1 - Low,81ST AND DAMEN ENTRANCE,outdoor,0,CONT,Fix/Replace LSL,0,2.0,1,0,2.0,,
0239-02-01,128,239,Dawes,Dawes #2,"AT HOYNE, SOUTH CUL-DE-SAC",outdoor,0,CONT,Fix/Replace LSL,0,2.0,1,0,2.0,,
0239-03-01,128,239,Dawes,Near Office,,indoor,0,ON,Fix/Replace LSL,0,2.0,1,0,3.2,,
0239-04-01,128,239,Dawes,Kitchen Sink,,indoor,0,ON,Fix/Replace LSL,0,2.0,1,0,2.0,,
0240-03-01,129,240,Rogers,Rogers #3,"On path, east of playground",outdoor,0,CONT,Fix/Replace LSL,0,2.0,1,0,14.8,,
0240-04-01,129,240,Rogers,Rogers #4,"On path, about Chase and Rockwell",outdoor,0,CONT,Fix/Replace LSL,0,2.0,1,0,2.0,,
0241-01-01,130,241,Mather,Mather #1 - High,Playlot,outdoor,0,ON,Remain,0,,0,0,2.0,,
0241-01-02,130,241,Mather,Mather #1 - Middle,Playlot,outdoor,0,ON,Remain,0,2.0,1,0,2.0,,
0241-01-03,130,241,Mather,Mather #1 - Low,Playlot,outdoor,0,ON,Remain,0,2.0,1,0,2.0,,
0241-02-01,130,241,Mather,Mather #2 - High,West of california,outdoor,0,ON,Remain,0,2.0,1,0,2.0,,
0241-02-02,130,241,Mather,Mather #2 - Low,West of california,outdoor,0,ON,Remain,0,2.0,1,0,2.0,,
0241-02-BF,130,241,Mather,Mather #2 - Bottle Filler,West of california,outdoor,1,ON,Remain,1,,0,0,2.0,,
0241-04-01,130,241,Mather,Main Lobby,,indoor,0,OFF,Fix/Replace LSL,0,,0,1,49.3,,
0241-05-01,130,241,Mather,Kitchen Sink,,indoor,0,OFF,Fix/Replace LSL,0,,0,0,9.5,,
0242-02-01,131,242,Hayes,Hayes #2,"WEST SIDE, AT 84TH STREET, ON PATH",outdoor,0,ON,Remain,1,,0,0,,,
0242-03-01,131,242,Hayes,Hayes #3 - High,"EAST SIDE, AT 84TH STREET, ON PATH",outdoor,0,ON,Remain,1,2.0,1,0,2.0,,
0242-03-02,131,242,Hayes,Hayes #3 - Low,"EAST SIDE, AT 84TH STREET, ON PATH",outdoor,0,ON,Remain,0,2.0,1,0,2.0,,
0242-03-BF,131,242,Hayes,Hayes #3 - Bottle Filler,"EAST SIDE, AT 84TH STREET, ON PATH",outdoor,1,ON,Remain,0,2.0,1,0,2.0,,
0242-04-01,131,242,Hayes,Hallway Near Lobby,,indoor,0,ON,Fix/Replace LSL,0,2.0,1,0,11.8,,
0242-05-01,131,242,Hayes,Fitness Center - High,,indoor,0,ON,Fix/Replace LSL,0,2.0,1,0,2.6,,
0242-05-02,131,242,Hayes,Fitness Center - Low,,indoor,0,ON,Fix/Replace LSL,0,2.0,1,0,3.3,,
0242-06-01,131,242,Hayes,Outside Men's Locker Room - High,,indoor,0,ON,Remain,0,2.0,1,0,2.0,,
0242-06-02,131,242,Hayes,Outside Men's Locker Room - Low,,indoor,0,ON,Remain,0,2.0,1,0,2.0,,
0242-07-01,131,242,Hayes,Pool Area - High,,indoor,0,ON,Remain,0,2.0,1,0,2.0,,
0242-07-02,131,242,Hayes,Pool Area - Middle,,indoor,0,ON,Remain,0,,0,0,2.0,,
0242-07-03,131,242,Hayes,Pool Area - Low,,indoor,0,ON,Remain,0,4.7,1,0,4.7,,
0242-08-01,131,242,Hayes,Kitchen Sink,,indoor,0,ON,Remain,0,,0,0,2.0,,
0242-09-01,131,242,Hayes,Main Bld - Men's Locker Room,,indoor,0,OFF,Fix/Replace LSL,0,25.9,1,1,25.9,,
0242-10-01,131,242,Hayes,Main Bld - Women's Locker Room,,indoor,0,ON,Fix/Replace LSL,0,2.0,1,0,9.7,,
0243-01-01,132,243,Lindblom,Lindblom #1 - High,ON DAMEN AT 60TH,outdoor,0,CONT,Fix/Replace LSL,0,2.0,1,0,2.0,,
0243-01-02,132,243,Lindblom,Lindblom #1 - Low,ON DAMEN AT 60TH,outdoor,0,CONT,Fix/Replace LSL,0,2.0,1,0,2.0,,
0243-02-01,132,243,Lindblom,Lindblom #2,POOL DECK,outdoor,0,ON,Remain,0,,0,0,2.0,,
0243-03-01,132,243,Lindblom,Lindblom #3 - High,SOUTHWEST OF POOL FENCE ON PATH,outdoor,0,ON,Remain,1,,0,0,,,
0243-03-02,132,243,Lindblom,Lindblom #3 - Low,SOUTHWEST OF POOL FENCE ON PATH,outdoor,0,ON,Remain,0,,0,0,,,
0243-03-BF,132,243,Lindblom,Lindblom #3 - BF,SOUTHWEST OF POOL FENCE ON PATH,outdoor,1,ON,Remain,0,,0,0,,,
0243-04-01,132,243,Lindblom,Lobby - High,,indoor,0,ON,Remain,1,2.0,1,0,2.0,,
0243-04-BF,132,243,Lindblom,Lobby - Bottle Filler,,indoor,1,ON,Remain,0,2.0,1,0,2.0,,
0243-05-01,132,243,Lindblom,Lobby Hallway,,indoor,0,ON,Remain,0,2.0,1,0,2.0,,
0244-01-01,133,244,Gately,Gately #1 - High,"ON PATH, CENTER-WEST",outdoor,0,ON,Remain,0,2.0,1,0,2.0,,
0244-01-02,133,244,Gately,Gately #1 - Low,"ON PATH, CENTER-WEST",outdoor,0,ON,Remain,0,2.0,1,0,2.0,,
0244-01-BF,133,244,Gately,Gately #1 - BF,"ON PATH, CENTER-WEST",outdoor,1,ON,Remain,1,2.0,1,0,2.0,,
0244-02-01,133,244,Gately,Gately #2 - High,"BASKETBALL COURT, NORTHWEST CORNER OF STADIUM",outdoor,0,ON,Remain,0,2.0,1,0,2.0,,
0244-02-02,133,244,Gately,Gately #2 - Low,"BASKETBALL COURT, NORTHWEST CORNER OF STADIUM",outdoor,0,ON,Remain,0,2.0,1,0,2.0,,
0244-02-BF,133,244,Gately,Gately #2 - BF,"BASKETBALL COURT, NORTHWEST CORNER OF STADIUM",outdoor,1,ON,Remain,1,2.0,1,0,2.0,,
0244-03-01,133,244,Gately,Main Lobby - High,,indoor,0,ON,Remain,0,2.0,1,0,2.0,,
0244-03-BF,133,244,Gately,Main Lobby - Bottle Filler,,indoor,1,ON,Remain,0,2.0,1,0,2.0,,
0244-04-01,133,244,Gately,Locker Room - High,,indoor,0,ON,Remain,0,2.0,1,0,2.0,,
0244-04-02,133,244,Gately,Locker Room - Low,,indoor,0,ON,Remain,0,2.0,1,0,2.0,,
0244-04-BF,133,244,Gately,Locker Room - Bottle Filler,,indoor,1,ON,Remain,0,2.0,1,0,2.0,,
0244-05-01,133,244,Gately,Mens Washroom - High,,indoor,0,ON,Remain,0,2.0,1,0,2.0,,
0244-05-02,133,244,Gately,Mens Washroom - Low,,indoor,0,ON,Remain,0,2.0,1,0,2.0,,
0244-05-BF,133,244,Gately,Mens Washroom - Bottle Filler,,indoor,1,ON,Remain,0,2.0,1,0,2.0,,
0244-06-01,133,244,Gately,2nd Floor Track & Field - High,,indoor,0,ON,Remain,0,2.0,1,0,2.0,,
0244-06-02,133,244,Gately,2nd Floor Track & Field - Low,,indoor,0,ON,Remain,0,2.0,1,0,2.0,,
0244-06-BF,133,244,Gately,2nd Floor Track & Field - BF,,indoor,0,ON,Remain,0,2.0,1,0,2.0,,
0245-01-01,134,245,West Lawn,West Lawn #1 - High,PLAYGROUND,outdoor,0,CONT,Fix/Replace LSL,0,2.0,1,0,3.0,,
0245-01-02,134,245,West Lawn,West Lawn #1 - Middle,PLAYGROUND,outdoor,0,CONT,Fix/Replace LSL,0,2.0,1,0,3.3,,
0245-01-03,134,245,West Lawn,West Lawn #1 - Low,PLAYGROUND,outdoor,0,CONT,Fix/Replace LSL,0,2.0,1,0,2.8,,
0245-02-01,134,245,West Lawn,West Lawn #2 - High,NEAR LANDSCAPE BUILDING,outdoor,0,ON,Remain,1,2.0,1,0,3.9,,
0245-02-02,134,245,West Lawn,West Lawn #2 - Low,NEAR LANDSCAPE BUILDING,outdoor,0,ON,Remain,0,2.0,1,0,3.5,,
0245-03-01,134,245,West Lawn,West Lawn #3 - High,BY SPRAYPOOL,outdoor,0,ON,Remain,1,2.0,1,0,2.0,,
0245-03-02,134,245,West Lawn,West Lawn #3 - Low,BY SPRAYPOOL,outdoor,0,ON,Remain,0,2.0,1,0,2.0,,
0245-04-01,134,245,West Lawn,West Lawn #4 - High,SOUTHEAST CORNER ON MARQUETTE,outdoor,0,ON,Remain,1,2.0,1,0,2.0,,
0245-04-02,134,245,West Lawn,West Lawn #4 - Low,SOUTHEAST CORNER ON MARQUETTE,outdoor,0,ON,Remain,0,2.0,1,0,2.0,,
0245-05-01,134,245,West Lawn,West Lawn #5 - High,"SOUTHWEST CORNER, ON KILDARE",outdoor,0,ON,Remain,1,2.0,1,0,2.0,,
0245-05-02,134,245,West Lawn,West Lawn #5 - Low,"SOUTHWEST CORNER, ON KILDARE",outdoor,0,ON,Remain,0,2.0,1,0,2.0,,
0245-06-01,134,245,West Lawn,West Lawn #6 - High,NEAR DOG PARK,outdoor,0,ON,Remain,0,2.0,1,0,2.0,,
0245-06-02,134,245,West Lawn,West Lawn #6 - Low,NEAR DOG PARK,outdoor,0,ON,Remain,0,2.0,1,0,2.0,,
0245-07-01,134,245,West Lawn,Men's Locker Room - High,,indoor,0,OFF,Fix/Replace LSL,0,,0,1,24.3,,
0245-07-02,134,245,West Lawn,Men's Locker Room - Low,,indoor,0,OFF,Fix/Replace LSL,0,,0,1,24.7,,
0245-08-01,134,245,West Lawn,Women's Locker Room - High,,indoor,0,OFF,Fix/Replace LSL,0,,0,0,6.3,,
0245-08-02,134,245,West Lawn,Women's Locker Room - Low,,indoor,0,OFF,Fix/Replace LSL,0,,0,1,85.9,,
0245-09-01,134,245,West Lawn,Kitchen Sink,,indoor,0,ON,Remain,1,35.4,1,1,35.4,,
0245-10-01,134,245,West Lawn,Hallway by Kitchen - High,,indoor,0,ON,Fix/Replace LSL,0,2.0,1,0,4.6,,
0245-10-02,134,245,West Lawn,Hallway by Kitchen - Low,,indoor,0,ON,Fix/Replace LSL,0,2.0,1,0,4.0,,
0246-01-01,135,246,Touhy,Touhy #1 - High,"NORTH OF FIELDHOUSE, NEAR PLAYGROUND",outdoor,0,ON,Remain,0,2.0,1,0,2.0,,
0246-01-02,135,246,Touhy,Touhy #1 - Middle,"NORTH OF FIELDHOUSE, NEAR PLAYGROUND",outdoor,0,ON,Remain,0,2.0,1,0,2.0,,
0246-01-03,135,246,Touhy,Touhy #1 - Low,"NORTH OF FIELDHOUSE, NEAR PLAYGROUND",outdoor,0,ON,Remain,0,2.0,1,0,2.0,,
0246-04-01,135,246,Touhy,Touhy-Game Room,,indoor,0,ON,Fix/Replace LSL,0,,0,0,2.1,,
0246-05-01,135,246,Touhy,Kitchen Sink,,indoor,0,ON,Fix/Replace LSL,0,2.4,1,0,2.4,,
0247-01-01,136,247,Pasteur,Pasteur #1,"NORTHWEST CORNER, AT 57TH AND KOSTNER",outdoor,0,OFF,Fix/Replace LSL,0,3.4,1,1,3830.0,,
0247-02-01,136,247,Pasteur,Pasteur #2 - High,"SOUTH OF FIELDHOUSE, ON PATH",outdoor,0,ON,Remain,1,2.0,1,0,2.0,,
0247-02-02,136,247,Pasteur,Pasteur #2 - Low,"SOUTH OF FIELDHOUSE, ON PATH",outdoor,0,ON,Remain,0,,0,0,2.0,,
0247-02-BF,136,247,Pasteur,Pasteur #2 - Bottle Filler,"SOUTH OF FIELDHOUSE, ON PATH",outdoor,1,ON,Remain,0,2.0,1,0,2.0,,
0247-03-01,136,247,Pasteur,Pasteur-Club Room,,indoor,0,ON,Remain,0,2.0,1,0,2.0,,
0248-02-01,137,248,Rowan,Rowan #2 - High,"BEHIND NORTHEAST DIAMOND, ON PATH",outdoor,0,ON,Remain,1,,0,0,2.0,,
0248-02-02,137,248,Rowan,Rowan #2 - Low,"BEHIND NORTHEAST DIAMOND, ON PATH",outdoor,0,ON,Remain,0,2.0,1,0,2.0,,
0248-02-BF,137,248,Rowan,Rowan #2 - BF,"BEHIND NORTHEAST DIAMOND, ON PATH",outdoor,1,ON,Remain,0,2.0,1,0,2.0,,
0248-03-01,137,248,Rowan,Rowan #3 - High,"NORTH SIDE OF FIELDHOUSE, ON PATH",outdoor,0,ON,Remain,1,2.0,1,0,2.0,,
0248-03-02,137,248,Rowan,Rowan #3 - Low,"NORTH SIDE OF FIELDHOUSE, ON PATH",outdoor,0,ON,Remain,0,2.0,1,0,2.0,,
0248-04-01,137,248,Rowan,By East Gym Doors,,indoor,0,ON,Fix/Replace LSL,0,2.0,1,0,4.1,,
0248-05-01,137,248,Rowan,By West Gym Doors,,indoor,0,ON,Fix/Replace LSL,0,2.0,1,0,2.6,,
0248-06-01,137,248,Rowan,Kitchen Sink,,indoor,0,ON,Fix/Replace LSL,0,2.0,1,0,3.7,,
0249-01-01,138,249,West Chatham,West Chatham #1,NORTH OF FIELDHOUSE ON PATH,outdoor,0,CONT,Fix/Replace LSL,0,2.0,1,0,2.4,,
0249-02-01,138,249,West Chatham,West Chatham #2 - High,SPRAYPOOL,outdoor,0,ON,Remain,1,2.0,1,0,2.0,,
0249-02-02,138,249,West Chatham,West Chatham #2 - Low,SPRAYPOOL,outdoor,0,ON,Remain,0,2.0,1,0,2.0,,
0249-03-01,138,249,West Chatham,Lobby,,indoor,0,ON,Remain,0,2.0,1,0,2.0,,
0249-04-01,138,249,West Chatham,Kitchen Sink,,indoor,0,ON,Remain,0,2.0,1,0,2.0,,
0250-01-01,139,250,Archer,Archer #1 - High,"On Kilbourn, southwest of northwest diamond",outdoor,0,ON,Remain,0,2.0,1,0,2.0,,
0250-01-02,139,250,Archer,Archer #1 - Low,"On Kilbourn, southwest of northwest diamond",outdoor,0,ON,Remain,0,2.0,1,0,2.0,,
0250-02-01,139,250,Archer,Archer #2 - High,North of parking lot,outdoor,0,CONT,Fix/Replace LSL,0,2.0,1,0,2.0,,
0250-02-02,139,250,Archer,Archer #2 - Low,North of parking lot,outdoor,0,CONT,Fix/Replace LSL,0,2.0,1,0,2.0,,
0250-03-01,139,250,Archer,Archer #3 - High,"East side of park, between southeast diamond and playground, at 49th",outdoor,0,ON,Remain,1,2.0,1,0,2.0,,
0250-03-02,139,250,Archer,Archer #3 - Middle,"East side of park, between southeast diamond and playground, at 49th",outdoor,0,ON,Remain,0,2.0,1,0,2.0,,
0250-03-03,139,250,Archer,Archer #3 - Low,"East side of park, between southeast diamond and playground, at 49th",outdoor,0,ON,Remain,0,2.0,1,0,3.1,,
0250-05-01,139,250,Archer,Archer-Men's Restroom,,indoor,0,OFF,Fix/Replace LSL,0,,0,0,6.5,,
0250-06-01,139,250,Archer,Archer-Women's Restroom,,indoor,0,ON,Remain,0,2.0,1,0,2.0,,
0250-07-01,139,250,Archer,Archer-Main Lobby,,indoor,0,ON,Fix/Replace LSL,0,2.0,1,0,4.1,,
0250-08-01,139,250,Archer,Archer-Kitchen Sink,,indoor,0,ON,Remain,0,2.0,1,0,2.0,,
0251-01-01,140,251,Mount Greenwood,Mount Greenwood #1 - High,POOL DECK,outdoor,0,ON,Remain,1,2.0,1,0,4.5,,
0251-01-02,140,251,Mount Greenwood,Mount Greenwood #1 - Low,POOL DECK,outdoor,0,ON,Remain,0,2.6,1,0,3.6,,
0251-01-BF,140,251,Mount Greenwood,Mount Greenwood #1 - Bottle Filler,POOL DECK,outdoor,1,ON,Remain,0,2.1,1,0,2.1,,
0251-02-01,140,251,Mount Greenwood,Mount Greenwood #2 - High,SOUTH OF PLAYGROUND,outdoor,0,CONT,Fix/Replace LSL,0,2.0,1,0,2.0,,
0251-02-02,140,251,Mount Greenwood,Mount Greenwood #2 - Middle,SOUTH OF PLAYGROUND,outdoor,0,CONT,Fix/Replace LSL,0,2.0,1,0,2.6,,
0251-02-03,140,251,Mount Greenwood,Mount Greenwood #2 - Low,SOUTH OF PLAYGROUND,outdoor,0,CONT,Fix/Replace LSL,0,2.0,1,0,2.3,,
0251-03-01,140,251,Mount Greenwood,Mount Greenwood #3 - High,SOUTHEAST OF TENNIS COURTS,outdoor,0,ON,Remain,1,2.0,1,1,933.0,,
0251-03-02,140,251,Mount Greenwood,Mount Greenwood #3 - Low,SOUTHEAST OF TENNIS COURTS,outdoor,0,ON,Remain,0,2.0,1,0,2.0,,
0251-03-BF,140,251,Mount Greenwood,Mount Greenwood #3 - Bottle Filler,SOUTHEAST OF TENNIS COURTS,outdoor,1,ON,Remain,0,2.0,1,0,2.0,,
0251-04-01,140,251,Mount Greenwood,Mount Greenwood #4 - High,"SOUTH END OF PARK, OFF 112TH",outdoor,0,CONT,Fix/Replace LSL,0,2.0,1,0,2.0,,
0251-04-02,140,251,Mount Greenwood,Mount Greenwood #4 - Low,"SOUTH END OF PARK, OFF 112TH",outdoor,0,CONT,Fix/Replace LSL,0,2.0,1,0,2.0,,
0251-05-01,140,251,Mount Greenwood,Mount Greenwood-Main Hallway,,indoor,0,ON,Fix/Replace LSL,0,2.0,1,0,2.0,,
0251-05-02,140,251,Mount Greenwood,Mount Greenwood #5 - Low,"WEST SIDE OF PARK, NEAR BASEBALL FIELDS",outdoor,0,ON,Remain,0,,0,0,2.0,,
0251-06-01,140,251,Mount Greenwood,Mount Greenwood-Women's Locker Room,,indoor,0,OFF,Fix/Replace LSL,0,21.3,1,1,21.3,,
0251-07-01,140,251,Mount Greenwood,Landscape - Bubbler,,indoor,0,ON,Remain,0,2.0,1,0,2.0,,
0251-07-BF,140,251,Mount Greenwood,Landscape - BF,,indoor,0,ON,Remain,0,2.0,1,0,2.0,,
0251-08-01,140,251,Mount Greenwood,Mount Greenwood-Kitchen Sink,,indoor,0,ON,Remain,0,2.0,1,0,2.0,,
0254-01-01,141,254,Beverly,Beverly #1 - High,MAPLEWOOD AND 101ST PLACE,outdoor,0,ON,Remain,1,2.0,1,0,2.0,,
0254-01-02,141,254,Beverly,Beverly #1 - Low,MAPLEWOOD AND 101ST PLACE,outdoor,0,ON,Remain,0,2.0,1,0,2.0,,
0254-01-BF,141,254,Beverly,Beverly #1 - Bottle Filler,MAPLEWOOD AND 101ST PLACE,outdoor,1,ON,Remain,0,2.0,1,0,2.0,,
0254-02-01,141,254,Beverly,Beverly #2 - High,SOUTH OF FIELDHOUSE ON WALKING PATH,outdoor,0,CONT,Remain,0,2.0,1,0,2.0,,
0254-02-02,141,254,Beverly,Beverly #2 - Low,SOUTH OF FIELDHOUSE ON WALKING PATH,outdoor,0,CONT,Remain,0,2.0,1,0,2.0,,
0254-02-03,141,254,Beverly,Beverly #2 - Dog,SOUTH OF FIELDHOUSE ON WALKING PATH,outdoor,0,CONT,Remain,0,,0,0,2.0,,
0254-03-01,141,254,Beverly,Beverly #3 - High,ON CENTRAL PATH FROM 103RD,outdoor,0,ON,Remain,1,2.0,1,0,2.0,,
0254-03-02,141,254,Beverly,Beverly #3 - Low,ON CENTRAL PATH FROM 103RD,outdoor,0,ON,Remain,0,2.0,1,0,2.0,,
0254-04-01,141,254,Beverly,Beverly-Kitchen Sink,,indoor,0,OFF,Fix/Replace LSL,0,,0,0,2.0,,
0255-01-01,142,255,Carver,Carver #1 - High,"NEAR PLAYGROUND, WEST SIDE OF BUILDING, NORTH END OF POOL DECK",outdoor,0,ON,Remain,0,2.0,1,0,2.0,,
0255-01-02,142,255,Carver,Carver #1 - Low,"NEAR PLAYGROUND, WEST SIDE OF BUILDING, NORTH END OF POOL DECK",outdoor,0,ON,Remain,0,2.0,1,0,2.0,,
0255-02-01,142,255,Carver,Carver #2,SOUTHWEST CORNER OF POOL DECK,outdoor,0,ON,Remain,0,,0,0,2.0,,
0255-04-01,142,255,Carver,Carver #4,"AT NORTHEAST PARK ENTRANCE, NEAR 133RD AND ELLIS",outdoor,0,OFF,Fix/Replace LSL,0,,0,1,148.0,,
0255-05-01,142,255,Carver,Main Hallway - Bubbler,,indoor,0,ON,Fix/Replace LSL,0,2.0,1,0,5.3,,
0255-05-BF,142,255,Carver,Main Hallway - Bottle Filler,,indoor,1,ON,Fix/Replace LSL,0,2.0,1,0,2.0,,
0255-06-01,142,255,Carver,Between Locker Rooms,,indoor,0,OFF,Fix/Replace LSL,0,,0,1,79.6,,
0255-07-01,142,255,Carver,Pool Deck - Bubbler,,indoor,0,ON,Remain,1,2.0,1,0,2.0,,
0255-07-BF,142,255,Carver,Pool Deck - Bottle Filler,,indoor,1,ON,Remain,0,2.0,1,0,2.0,,
0255-08-01,142,255,Carver,Kitchen Sink,,indoor,0,ON,Fix/Replace LSL,0,2.0,1,0,2.0,,
0255-09-01,142,255,Carver,Teen Center Kitchen Sink,,indoor,0,OFF,Fix/Replace LSL,0,158.0,1,1,158.0,,
0256-01-01,143,256,Merrimac,Merrimac #1 - High,East side of fieldhouse,outdoor,0,ON,Remain,0,2.0,1,0,2.0,,
0256-01-02,143,256,Merrimac,Merrimac #1 - Low,East side of fieldhouse,outdoor,0,ON,Remain,0,2.0,1,0,2.0,,
0256-02-01,143,256,Merrimac,Merrimac #2 - High,"West of driveway, on path",outdoor,0,ON,Remain,0,2.0,1,0,2.0,,
0256-02-02,143,256,Merrimac,Merrimac #2 - Middle,"West of driveway, on path",outdoor,0,ON,Remain,0,2.0,1,0,2.0,,
0256-02-03,143,256,Merrimac,Merrimac #2 - Low,"West of driveway, on path",outdoor,0,ON,Remain,0,2.0,1,0,2.0,,
0256-03-01,143,256,Merrimac,Merrimac #3 - High,"East-center of park, on path",outdoor,0,ON,Remain,0,2.0,1,0,2.0,,
0256-03-02,143,256,Merrimac,Merrimac #3 - Low,"East-center of park, on path",outdoor,0,ON,Remain,0,2.0,1,0,2.0,,
0256-04-01,143,256,Merrimac,Hall Near Lobby,,indoor,0,ON,Fix/Replace LSL,0,2.0,1,0,2.0,,
0256-05-01,143,256,Merrimac,Hall Furthest From Lobby,,indoor,0,OFF,Fix/Replace LSL,0,7.4,1,0,7.4,,
0256-06-01,143,256,Merrimac,Lobby - High,,indoor,0,ON,Remain,0,2.0,1,0,2.0,,
0256-06-02,143,256,Merrimac,Lobby - Low,,indoor,0,ON,Remain,0,2.0,1,0,2.0,,
0256-07-01,143,256,Merrimac,Kitchen Sink,,indoor,0,ON,Remain,0,2.0,1,0,2.0,,
0257-02-01,144,257,Wildwood,Wildwood #2 - High,"Near playground, on path",outdoor,0,ON,Remain,1,2.0,1,0,2.0,,
0257-02-02,144,257,Wildwood,Wildwood #2 - Low,"Near playground, on path",outdoor,0,ON,Remain,0,2.0,1,0,2.0,,
0257-02-BF,144,257,Wildwood,Wildwood #2 - BF,"Near playground, on path",outdoor,1,ON,Remain,0,2.0,1,0,2.0,,
0258-02-01,145,258,Dunham,Dunham #2 - High,East path on Giddings,outdoor,0,ON,Remain,1,2.0,1,0,9.4,,
0258-02-02,145,258,Dunham,Dunham #2 - Low,East path on Giddings,outdoor,0,ON,Remain,0,2.0,1,0,2.0,,
0258-02-BF,145,258,Dunham,Dunham #2 - BF,East path on Giddings,outdoor,1,ON,Remain,0,2.0,1,0,2.6,,
0258-03-01,145,258,Dunham,Dunham #3 - High,In playground,outdoor,0,CONT,Fix/Replace LSL,0,2.0,1,0,2.0,,
0258-03-02,145,258,Dunham,Dunham #3 - Middle,In playground,outdoor,0,CONT,Fix/Replace LSL,0,2.0,1,0,2.0,,
0258-03-03,145,258,Dunham,Dunham #3 - Low,In playground,outdoor,0,CONT,Fix/Replace LSL,0,,0,0,2.0,,
0258-04-01,145,258,Dunham,Main Hall South,,indoor,0,ON,Fix/Replace LSL,0,2.0,1,0,2.0,,
0258-05-01,145,258,Dunham,Women's Locker Room,,indoor,0,OFF,Fix/Replace LSL,0,109.0,1,1,109.0,,
0258-06-01,145,258,Dunham,Men's Locker Room,,indoor,0,OFF,Fix/Replace LSL,0,,0,1,40.0,,
0258-07-01,145,258,Dunham,Kitchen Sink,,indoor,0,OFF,Fix/Replace LSL,0,11.6,1,0,11.6,,
0259-01-01,146,259,Abbott,Abbott #1 - High,"In front of comfort station on 95th Street, North end of park.",outdoor,0,CONT,Fix/Replace LSL,0,2.0,1,0,2.0,,
0259-01-02,146,259,Abbott,Abbott #1 - Low,"In front of comfort station on 95th Street, North end of park.",outdoor,0,CONT,Fix/Replace LSL,0,2.0,1,0,2.0,,
0259-02-01,146,259,Abbott,Abbott #2,Southeast corner of pool deck,outdoor,0,ON,Remain,1,2.0,1,0,2.0,,
0259-03-01,146,259,Abbott,Abbott #3 - High,30 feet off South run of center walks track,outdoor,0,CONT,Remain,1,2.0,1,0,14.6,,
0259-03-02,146,259,Abbott,Abbott #3 - Low,30 feet off South run of center walks track,outdoor,0,CONT,Remain,0,2.0,1,0,2.9,,
0259-03-BF,146,259,Abbott,Abbott #3 - Bottle Filler,30 feet off South run of center walks track,outdoor,1,CONT,Remain,0,2.0,1,0,2.5,,
0259-05-01,146,259,Abbott,Senior Center - Fitness Center - High,,indoor,0,ON,Fix/Replace LSL,0,2.0,1,0,10.7,,
0259-05-02,146,259,Abbott,Senior Center - Fitness Center - Low,,indoor,0,ON,Fix/Replace LSL,0,2.0,1,0,8.9,,
0259-06-01,146,259,Abbott,Main Lobby,,indoor,0,ON,Fix/Replace LSL,0,2.0,1,0,10.1,,
0259-07-01,146,259,Abbott,Kitchen Sink,,indoor,0,ON,Fix/Replace LSL,0,2.0,1,0,13.7,,
0260-01-01,147,260,Kelly,Kelly #1 - High,"Near 41st entrance, next to field house",outdoor,0,ON,Remain,1,2.0,1,0,2.0,,
0260-01-02,147,260,Kelly,Kelly #1 - Low,"Near 41st entrance, next to field house",outdoor,0,ON,Remain,0,,0,0,2.0,,
0260-01-BF,147,260,Kelly,Kelly #1 - Bottle Filler,"Near 41st entrance, next to field house",outdoor,1,ON,Remain,0,2.0,1,0,2.0,,
0260-02-01,147,260,Kelly,Kelly #2 - High,"Northwest corner of park, on California",outdoor,0,OFF,Remove,0,2.0,1,0,2.0,,
0260-02-02,147,260,Kelly,Kelly #2 - Low,"Northwest corner of park, on California",outdoor,0,OFF,Remove,0,2.0,1,0,2.0,,
0260-03-01,147,260,Kelly,Kelly #3 - High,"South side of park, at Fairfield entrance",outdoor,0,ON,Remain,1,,0,0,12.5,,
0260-03-02,147,260,Kelly,Kelly #3 - Low,"South side of park, at Fairfield entrance",outdoor,0,ON,Remain,0,,0,1,15.2,,
0261-01-01,148,261,Williams,Williams #1 - High,In front of fieldhouse,outdoor,0,ON,Remain,1,2.0,1,0,2.0,,
0261-01-02,148,261,Williams,Williams #1 - Middle,In front of fieldhouse,outdoor,0,ON,Remain,0,2.0,1,0,2.0,,
0261-01-03,148,261,Williams,Williams #1 - Low,In front of fieldhouse,outdoor,0,ON,Remain,0,2.0,1,0,2.0,,
0261-02-01,148,261,Williams,Williams #2 - High,"On Dearborn, north side of street, center-south of park",outdoor,0,ON,Remain,1,2.0,1,0,2.0,,
0261-02-02,148,261,Williams,Williams #2 - Middle,"On Dearborn, north side of street, center-south of park",outdoor,0,ON,Remain,0,,0,0,2.0,,
0261-02-03,148,261,Williams,Williams #2 - Low,"On Dearborn, north side of street, center-south of park",outdoor,0,ON,Remain,0,2.0,1,0,2.0,,
0261-03-01,148,261,Williams,Lobby - High,,indoor,0,ON,Remain,0,2.0,1,0,2.0,,
0261-03-02,148,261,Williams,Lobby - Low,,indoor,0,ON,Remain,0,2.0,1,0,2.0,,
0261-03-BF,148,261,Williams,Lobby - Bottle Filler,,indoor,1,ON,Remain,0,2.0,1,0,2.0,,
0264-02-01,149,264,Bogan,Bogan #2,"BEHIND HOME PLATE OF SOUTHERNMOST DIAMOND, ON PATH",outdoor,0,ON,Remain,1,,0,0,2.0,,
0264-03-01,149,264,Bogan,Bogan #3 - High,NEAR PLAYLOT,outdoor,0,CONT,Fix/Replace LSL,0,,0,0,2.0,,
0264-03-02,149,264,Bogan,Bogan #3 - Low,NEAR PLAYLOT,outdoor,0,CONT,Fix/Replace LSL,0,,0,0,2.0,,
0264-04-01,149,264,Bogan,Outside Office,,indoor,0,ON,Remain,1,,0,1,16.8,,
0264-05-01,149,264,Bogan,Kitchen Sink,,indoor,0,ON,Fix/Replace LSL,0,,0,0,7.7,,
0265-01-01,150,265,Scottsdale,Scottsdale #1,NORTHEAST CORNER OF FIELDHOUSE,outdoor,0,CONT,Fix/Replace LSL,0,2.0,1,0,2.0,,
0265-02-01,150,265,Scottsdale,Hallway Outside Gym,,indoor,0,ON,Remain,0,2.0,1,0,2.0,,
0265-03-01,150,265,Scottsdale,2nd Floor,,indoor,0,ON,Remain,0,2.0,1,0,2.0,,
0265-04-01,150,265,Scottsdale,Kitchen Sink,,indoor,0,ON,Remain,0,2.0,1,0,2.0,,
0267-01-01,151,267,Dunbar,Dunbar #1 - High ,Northwest corner of park,outdoor,0,ON,Remain,1,2.0,1,0,2.0,,
0267-01-02,151,267,Dunbar,Dunbar #1 - Low,Northwest corner of park,outdoor,0,ON,Remain,0,2.0,1,0,2.0,,
0267-03-01,151,267,Dunbar,Dunbar #3 - High,Northwest corner of basketball court,outdoor,0,ON,Remain,1,2.0,1,0,2.0,,
0267-03-02,151,267,Dunbar,Dunbar #3 - Low,Northwest corner of basketball court,outdoor,0,ON,Remain,0,2.0,1,0,2.0,,
0267-03-BF,151,267,Dunbar,Dunbar #3 - BF,Northwest corner of basketball court,outdoor,1,ON,Remain,0,,0,0,2.0,,
0267-04-01,151,267,Dunbar,Dunbar #4 - High,"On running track, southeast corner of park",outdoor,0,ON,Remain,0,2.0,1,0,2.0,,
0267-04-02,151,267,Dunbar,Dunbar #4 - Middle,"On running track, southeast corner of park",outdoor,0,ON,Remain,0,2.0,1,0,2.0,,
0267-04-03,151,267,Dunbar,Dunbar #4 - Low,"On running track, southeast corner of park",outdoor,0,ON,Remain,0,2.0,1,0,2.0,,
0267-05-01,151,267,Dunbar,Dunbar #5 - High,"In playground area, southwest corner of park",outdoor,0,ON,Remain,0,2.0,1,0,2.0,,
0267-05-02,151,267,Dunbar,Dunbar #5 - Middle,"In playground area, southwest corner of park",outdoor,0,ON,Remain,0,2.0,1,0,2.0,,
0267-05-03,151,267,Dunbar,Dunbar #5 - Low,"In playground area, southwest corner of park",outdoor,0,ON,Remain,0,2.0,1,0,2.0,,
0268-01-01,152,268,Durkin,Durkin #1,SOUTHWEST CORNER OF ROLLER HOCKEY,outdoor,0,CONT,Fix/Replace LSL,0,2.0,1,0,2.0,,
0268-03-01,152,268,Durkin,Durkin #3 - High,"NORTH OF WORKOUT STATION, ON PATH",outdoor,0,CONT,Fix/Replace LSL,0,2.0,1,0,2.0,,
0268-03-02,152,268,Durkin,Durkin #3 - Low,"NORTH OF WORKOUT STATION, ON PATH",outdoor,0,CONT,Fix/Replace LSL,0,2.0,1,0,2.0,,
0270-02-01,153,270,Cole,Cole #2 - High,SPRAYPOOL,outdoor,0,ON,Remain,0,2.0,1,0,2.0,,
0270-02-02,153,270,Cole,Cole #2 - Middle,SPRAYPOOL,outdoor,0,ON,Remain,0,2.0,1,0,2.0,,
0270-02-03,153,270,Cole,Cole #2 - Low,SPRAYPOOL,outdoor,0,ON,Remain,0,2.0,1,0,2.0,,
0270-04-01,153,270,Cole,Cole #4,OFF PATH ON 86TH AND CALUMET,outdoor,0,CONT,Fix/Replace LSL,0,2.0,1,0,5.3,,
0270-05-01,153,270,Cole,Lobby,,indoor,0,ON,Remain,0,2.0,1,0,2.0,,
0270-05-02,153,270,Cole,Lobby - BF,,indoor,0,ON,Remain,0,2.0,1,0,2.0,,
0270-06-01,153,270,Cole,Kitchen Sink,,indoor,0,ON,Remain,0,2.0,1,0,2.0,,
0271-01-01,154,271,Taylor,Taylor #1 - High,"Off State, along driveway",outdoor,0,ON,Remain,1,2.0,1,0,2.0,,
0271-01-02,154,271,Taylor,Taylor #1 - Low,"Off State, along driveway",outdoor,0,ON,Remain,0,2.0,1,0,2.0,,
0271-02-01,154,271,Taylor,Taylor #2,On pool deck,outdoor,0,CONT,Fix/Replace LSL,0,2.0,1,0,2.0,,
0271-02-02,154,271,Taylor,Taylor #2 - Does not Exist,On pool deck,outdoor,0,Does Not Exist,Does Not Exist,0,,0,0,2.0,,
0271-03-01,154,271,Taylor,Lobby - High,,indoor,0,ON,Remain,0,2.0,1,0,2.0,,
0271-03-BF,154,271,Taylor,Lobby - Bottle Filler,,indoor,1,ON,Remain,0,2.0,1,0,2.0,,
0271-04-01,154,271,Taylor,1st Floor Hallway - High,,indoor,0,ON,Remain,1,2.0,1,1,18.2,,
0271-04-BF,154,271,Taylor,1st Floor Hallway - Bottle Filler,,indoor,1,ON,Remain,0,2.0,1,0,2.0,,
0271-05-01,154,271,Taylor,Taylor-2nd Floor Hallway,,indoor,0,OFF,Fix/Replace LSL,0,,0,1,38.2,,
0271-06-01,154,271,Taylor,Taylor-Kitchen Sink,,indoor,0,OFF,Fix/Replace LSL,0,,0,1,31.3,,
0272-01-01,155,272,Smith (Wendell),Smith (Wendell) #1 ,ON PATH BETWEEN DIAMOND AND BASKETBALL COURTS,outdoor,0,ON,Remain,1,5.5,1,0,5.5,,
0272-02-01,155,272,Smith (Wendell),Smith (Wendell) #2 - High,SOUTHEAST CORNER OF FIELDHOUSE,outdoor,0,ON,Remain,1,2.0,1,0,2.0,,
0272-02-02,155,272,Smith (Wendell),Smith (Wendell) #2 - Low,SOUTHEAST CORNER OF FIELDHOUSE,outdoor,0,ON,Remain,0,,0,0,2.0,,
0272-02-BF,155,272,Smith (Wendell),Smith (Wendell) #2 - Bottle Filler,SOUTHEAST CORNER OF FIELDHOUSE,outdoor,1,ON,Remain,0,2.0,1,0,2.0,,
0272-04-01,155,272,Smith (Wendell),Smith (Wendell)-Main Lobby,,indoor,0,ON,Fix/Replace LSL,0,2.0,1,0,4.7,,
0272-05-01,155,272,Smith (Wendell),Smith (Wendell)-Kitchen Sink,,indoor,0,ON,Fix/Replace LSL,0,3.3,1,0,3.3,,
0273-01-01,156,273,Lerner,Lerner #1 - High,West of playlot on path,outdoor,0,ON,Remain,1,2.0,1,0,2.0,,
0273-01-02,156,273,Lerner,Lerner #1 - Low,West of playlot on path,outdoor,0,ON,Remain,0,2.0,1,0,2.0,,
0273-01-BF,156,273,Lerner,Lerner #1 - Bottle Filler,West of playlot on path,outdoor,1,ON,Remain,0,2.0,1,0,2.0,,
0273-02-01,156,273,Lerner,Lerner #2,North of playlot,outdoor,0,CONT,Fix/Replace LSL,0,2.0,1,0,2.0,,
0273-04-01,156,273,Lerner,Lerner #4,West of tennis court on path,outdoor,0,CONT,Fix/Replace LSL,0,,0,0,2.0,,
0274-01-01,157,274,Legion,Legion #1,"East of river, south of playlot, at Thorndale entrance",outdoor,0,OFF,Fix/Replace LSL,0,,0,1,115.0,,
0274-05-01,157,274,Legion,Legion #5,"East of river, north of Catalpa entrance by playlot",outdoor,0,OFF,Fix/Replace LSL,0,,0,1,36.7,,
0275-01-01,158,275,Ronan,Ronan #1 - High,South of playlot,outdoor,0,ON,Fix/Replace LSL,0,2.0,1,0,2.0,,
0275-01-02,158,275,Ronan,Ronan #1 - Low,South of playlot,outdoor,0,ON,Fix/Replace LSL,0,2.0,1,0,2.0,,
0275-01-03,158,275,Ronan,Ronan #1 - Dog,South of playlot,outdoor,0,ON,Fix/Replace LSL,0,2.0,1,0,2.0,,
0277-01-01,159,277,Nichols,Nichols #1 - High,20' SOUTH OF 53RD ON KENWOOD PATH,outdoor,0,ON,Remain,0,2.0,1,0,2.0,,
0277-01-02,159,277,Nichols,Nichols #1 - Low,20' SOUTH OF 53RD ON KENWOOD PATH,outdoor,0,ON,Remain,0,2.0,1,0,2.0,,
0277-02-01,159,277,Nichols,Nichols #2 - High,"SOUTH OF NATURE AREA, NORTH OF 54TH",outdoor,0,ON,Remain,0,2.0,1,0,2.0,,
0277-02-02,159,277,Nichols,Nichols #2 - Low,"SOUTH OF NATURE AREA, NORTH OF 54TH",outdoor,0,ON,Remain,0,2.0,1,0,2.0,,
0277-04-01,159,277,Nichols,Nichols #4 - High,SOUTH PLAYGROUND,outdoor,0,CONT,Fix/Replace LSL,0,2.0,1,0,2.0,,
0277-04-02,159,277,Nichols,Nichols #4 - Low,SOUTH PLAYGROUND,outdoor,0,CONT,Fix/Replace LSL,0,,0,0,2.0,,
0277-05-01,159,277,Nichols,Kitchen Sink,,indoor,0,ON,Remain,0,2.0,1,0,2.0,,
0277-06-01,159,277,Nichols,Hallway Near Kitchen - High,,indoor,0,ON,Remain,0,2.0,1,1,28.9,,
0277-06-03,159,277,Nichols,Hallway Near Kitchen - Low,,indoor,0,OFF,Remain,0,,0,0,3.8,,
0277-06-BF,159,277,Nichols,Hallway Near Kitchen - Bottle Filler,,indoor,1,ON,Remain,1,2.0,1,0,2.0,,
0278-01-01,160,278,Houston,Houston #1,"North of basketball court, middle of park",outdoor,0,CONT,Fix/Replace LSL,0,2.0,1,0,5.5,,
0278-02-01,160,278,Houston,Houston #2,West of Drexel walking path entrance,outdoor,0,CONT,Fix/Replace LSL,0,2.0,1,0,2.0,,
0279-01-01,161,279,Elm,Elm #1,ON WOODLAWN,outdoor,0,CONT,Fix/Replace LSL,0,2.0,1,0,2.0,,
0280-01-01,162,280,Spruce,Spruce #1,WEST OF PLAYGROUND ON BLACKSTONE,outdoor,0,CONT,Fix/Replace LSL,0,2.0,1,0,6.8,,
0283-01-01,163,283,Ehrler,Ehrler #1 - High,NORTH SIDE OF PLAYGROUND,outdoor,0,ON,Remain,1,2.0,1,0,2.0,,
0283-01-02,163,283,Ehrler,Ehrler #1 - Low,NORTH SIDE OF PLAYGROUND,outdoor,0,ON,Remain,0,2.0,1,0,2.0,,
0283-02-BF,163,283,Ehrler,Ehrler #1 - Bottle Filler,NORTH SIDE OF PLAYGROUND,outdoor,1,ON,Remain,0,2.0,1,0,2.0,,
0285-01-01,164,285,Austin Foster,Austin Foster #1 - High,North of Playground,outdoor,0,CONT,Fix/Replace LSL,0,2.0,1,0,3.9,,
0285-01-02,164,285,Austin Foster,Austin Foster #1 - Low,North of Playground,outdoor,0,CONT,Fix/Replace LSL,0,2.0,1,0,4.3,,
0286-01-01,165,286,Wentworth Gardens,Wentworth Gardens #1 - High,"West field house, south of fieldhouse playlot entrance",outdoor,0,ON,Remain,0,,0,0,2.0,,
0286-01-02,165,286,Wentworth Gardens,Wentworth Gardens #1 - Low,"West field house, south of fieldhouse playlot entrance",outdoor,0,ON,Remain,0,,0,0,2.0,,
0286-02-01,165,286,Wentworth Gardens,Near Lobby - High,,indoor,0,ON,Remain,0,2.0,1,0,2.0,,
0286-02-02,165,286,Wentworth Gardens,Near Lobby - Low,,indoor,0,ON,Remain,0,2.0,1,0,2.0,,
0286-03-01,165,286,Wentworth Gardens,Kitchen Sink,,indoor,0,ON,Remain,0,2.0,1,0,2.0,,
0287-02-01,166,287,Cooper,Cooper #2 - High,PLAYGROUND,outdoor,0,ON,Remain,0,2.0,1,0,2.0,,
0287-02-02,166,287,Cooper,Cooper #2 - Middle,PLAYGROUND,outdoor,0,ON,Remain,0,2.0,1,0,2.0,,
0287-02-03,166,287,Cooper,Cooper #2 - Low,PLAYGROUND,outdoor,0,ON,Remain,0,2.0,1,0,2.0,,
0287-03-01,166,287,Cooper,Main Lobby,,indoor,0,OFF,Fix/Replace LSL,0,2.0,1,1,22.2,,
0287-04-01,166,287,Cooper,Kitchen Sink,,indoor,0,ON,Fix/Replace LSL,0,3.7,1,0,3.9,,
0289-01-01,167,289,Brown Meml.,Brown Meml. #1,NORTH OF SPRAY POOL,outdoor,0,ON,Remain,1,2.0,1,0,2.0,,
0290-01-01,168,290,South Lakeview,South Lakeview #1 - High,NEAR ENTRANCE ON WOLDRAM,outdoor,0,CONT,Fix/Replace LSL,0,2.6,1,0,2.6,,
0290-01-02,168,290,South Lakeview,South Lakeview #1 - Low,NEAR ENTRANCE ON WOLDRAM,outdoor,0,CONT,Fix/Replace LSL,0,2.0,1,0,2.0,,
0293-01-01,169,293,Unity,Unity #1,Comfort station - north side,outdoor,0,ON,Remain,0,,0,0,2.0,,
0293-02-01,169,293,Unity,Unity #2,Comfort station - south side,outdoor,0,ON,Remain,0,2.0,1,0,2.0,,
0293-03-01,169,293,Unity,Unity #3,"On shower, south of spraypool, west of swingset",outdoor,0,ON,Remain,0,2.0,1,0,2.0,,
0293-04-01,169,293,Unity,Unity #4,North of Drummond,outdoor,0,ON,Remain,0,2.0,1,0,2.0,,
0294-01-01,170,294,Hasan,Hasan #1 - High,(Loc. Needed),outdoor,0,ON,Remain,0,2.0,1,0,2.0,,
0294-01-02,170,294,Hasan,Hasan #1 - Low,(Loc. Needed),outdoor,0,ON,Remain,0,2.0,1,0,2.0,,
0305-01-01,171,305,Le Claire Courts,Le Claire Courts #1,Northeast of fieldhouse,outdoor,0,ON,Remain,1,2.0,1,0,2.0,,
0305-02-01,171,305,Le Claire Courts,Le Claire Courts #2,East end of park near walking path,outdoor,0,CONT,Fix/Replace LSL,0,,0,0,2.0,,
0305-04-01,171,305,Le Claire Courts,Girl's Locker Room,,indoor,0,ON,Fix/Replace LSL,0,2.0,1,0,2.6,,
0305-05-01,171,305,Le Claire Courts,Boy's Locker Room - High,,indoor,0,ON,Remain,0,2.0,1,0,3.6,,
0305-05-BF,171,305,Le Claire Courts,Boy's Locker Room - Bottle Filler,,indoor,1,ON,Remain,0,2.0,1,0,2.0,,
0305-06-01,171,305,Le Claire Courts,Hallway to Gym,,indoor,0,ON,Fix/Replace LSL,0,2.3,1,0,10.1,,
0305-07-01,171,305,Le Claire Courts,Kitchen Sink,,indoor,0,ON,Remain,0,2.0,1,0,2.0,,
0306-01-01,172,306,Dubkin,Dubkin #1 - High,CENTER OF PARK,outdoor,0,ON,Remain,0,2.0,1,0,2.0,,
0306-01-02,172,306,Dubkin,Dubkin #1 - Low,CENTER OF PARK,outdoor,0,ON,Remain,0,2.0,1,0,2.0,,
0307-01-01,173,307,Minuteman,Minuteman #1 - High,NEAR PLAYGROUND,outdoor,0,CONT,Fix/Replace LSL,0,2.0,1,0,3.6,,
0307-01-02,173,307,Minuteman,Minuteman #1 - Middle,NEAR PLAYGROUND,outdoor,0,CONT,Fix/Replace LSL,0,2.0,1,0,3.3,,
0307-01-03,173,307,Minuteman,Minuteman #1 - Low,NEAR PLAYGROUND,outdoor,0,CONT,Fix/Replace LSL,0,2.0,1,0,3.3,,
0307-02-01,173,307,Minuteman,Minuteman #2 - High,"BETWEEN WESTERN BALL FIELDS, ON PATH",outdoor,0,OFF,Fix/Replace LSL,0,,0,1,120.0,,
0307-02-02,173,307,Minuteman,Minuteman #2 - Low,"BETWEEN WESTERN BALL FIELDS, ON PATH",outdoor,0,OFF,Fix/Replace LSL,0,,0,1,121.0,,
0308-01-01,174,308,Linden,Linden #1,"On Pulaski, southwest of basketball court",outdoor,0,CONT,Fix/Replace LSL,0,,0,0,2.0,,
0309-01-01,175,309,Senka,Senka #1 - High,NORTHWEST OF BASKETBALL COURTS,outdoor,0,ON,Remain,0,2.0,1,0,2.0,,
0309-01-02,175,309,Senka,Senka #1 - Middle,NORTHWEST OF BASKETBALL COURTS,outdoor,0,ON,Remain,0,2.0,1,0,2.0,,
0309-01-03,175,309,Senka,Senka #1 - Low,NORTHWEST OF BASKETBALL COURTS,outdoor,0,ON,Remain,0,2.0,1,0,2.0,,
0309-02-01,175,309,Senka,Senka #2 - High,PLAYGROUND,outdoor,0,ON,Remain,0,2.0,1,0,2.0,,
0309-02-02,175,309,Senka,Senka #2 - Middle,PLAYGROUND,outdoor,0,ON,Remain,0,2.0,1,0,2.0,,
0309-02-03,175,309,Senka,Senka #2 - Low,PLAYGROUND,outdoor,0,ON,Remain,0,,0,0,2.0,,
0309-03-01,175,309,Senka,Senka #3 - High,SOUTH SIDE OF SOCCER FIELD,outdoor,0,ON,Remain,0,2.0,1,0,3.2,,
0309-03-02,175,309,Senka,Senka #3 - Middle,SOUTH SIDE OF SOCCER FIELD,outdoor,0,ON,Remain,0,2.0,1,1,30.7,,
0309-03-03,175,309,Senka,Senka #3 - Low,SOUTH SIDE OF SOCCER FIELD,outdoor,0,ON,Remain,0,2.0,1,0,2.0,,
0309-04-01,175,309,Senka,Senka #4 - High,"NORTHEAST CORNER OF PARK, ON PATH",outdoor,0,ON,Remain,0,2.0,1,0,2.0,,
0309-04-02,175,309,Senka,Senka #4 - Low,"NORTHEAST CORNER OF PARK, ON PATH",outdoor,0,ON,Remain,0,2.0,1,0,2.0,,
0320-01-01,176,320,Robichaux,Robichaux #1 - High,SOUTHEAST CORNER OF FIELDHOUSE,outdoor,0,ON,Remain,1,2.0,1,0,2.0,,
0320-01-02,176,320,Robichaux,Robichaux #1 - Low,SOUTHEAST CORNER OF FIELDHOUSE,outdoor,0,ON,Remain,0,2.0,1,0,2.0,,
0320-01-BF,176,320,Robichaux,Robichaux #1 - BF,SOUTHEAST CORNER OF FIELDHOUSE,outdoor,1,ON,Remain,0,2.0,1,0,2.0,,
0320-02-01,176,320,Robichaux,Robichaux #2,ON PATH NORTH OF 92ND,outdoor,0,ON,Remain,1,,0,0,,,
0320-04-01,176,320,Robichaux,Lobby - North,,indoor,0,ON,Fix/Replace LSL,0,2.0,1,0,2.6,,
0320-04-02,176,320,Robichaux,Lobby - South,,indoor,0,ON,Fix/Replace LSL,0,2.0,1,0,2.6,,
0320-05-01,176,320,Robichaux,Women's Locker Room,,indoor,0,OFF,Fix/Replace LSL,0,,0,1,16.6,,
0320-06-01,176,320,Robichaux,Men's Locker Room,,indoor,0,OFF,Fix/Replace LSL,0,6.0,1,0,8.6,,
0320-07-01,176,320,Robichaux,Kitchen Sink,,indoor,0,ON,Fix/Replace LSL,0,2.3,1,0,9.9,,
0321-01-01,177,321,Aspen,Aspen #1 - High,Inside entrance,outdoor,0,ON,Remain,1,2.0,1,0,2.0,,
0321-01-02,177,321,Aspen,Aspen #1 - Low,Inside entrance,outdoor,0,ON,Remain,0,2.0,1,0,2.0,,
0322-01-01,178,322,Birch,Birch #1 - High,Inside entrance,outdoor,0,ON,Remain,1,2.0,1,0,3.4,,
0322-01-02,178,322,Birch,Birch #1 - Low,Inside entrance,outdoor,0,ON,Remain,0,2.0,1,0,2.6,,
0324-01-01,179,324,Harsh,Harsh #1 - High,"Park entrance, in front of playground",outdoor,0,CONT,Fix/Replace LSL,0,2.0,1,1,15.2,,
0324-01-02,179,324,Harsh,Harsh #1 - Low,"Park entrance, in front of playground",outdoor,0,CONT,Fix/Replace LSL,0,2.0,1,0,13.7,,
0325-01-01,180,325,Holly,Holly #1 - High,Inside entrance on Ellis,outdoor,0,CONT,Fix/Replace LSL,0,2.0,1,0,2.0,,
0325-01-02,180,325,Holly,Holly #1 - Low,Inside entrance on Ellis,outdoor,0,CONT,Fix/Replace LSL,0,2.0,1,0,2.0,,
0328-01-01,181,328,Beehive,Beehive #1 - High,AT PARK ENTRANCE ON DORCHESTER,outdoor,0,CONT,Fix/Replace LSL,0,2.0,1,0,2.0,,
0328-01-02,181,328,Beehive,Beehive #1 - Low,AT PARK ENTRANCE ON DORCHESTER,outdoor,0,CONT,Fix/Replace LSL,0,2.0,1,0,2.0,,
0334-01-01,182,334,King (Martin Luther),King #1 - High,EAST OF PLAYGROUND ON PATH,outdoor,0,ON,Remain ,0,2.0,1,0,2.0,,
0334-01-02,182,334,King (Martin Luther),King #1 - Low,EAST OF PLAYGROUND ON PATH,outdoor,0,ON,Remain ,0,2.0,1,0,2.0,,
0334-02-01,182,334,King (Martin Luther),Lobby - High,,indoor,0,ON,Remain,0,2.0,1,0,2.0,,
0334-02-02,182,334,King (Martin Luther),Lobby - Low,,indoor,0,ON,Remain,0,2.0,1,0,2.0,,
0335-01-01,183,335,Edgebrook,Edgebrook #1 - High,"On Ionia, near baseball storage shed",outdoor,0,ON,Remain,0,2.0,1,0,2.0,,
0335-01-02,183,335,Edgebrook,Edgebrook #1 - Low,"On Ionia, near baseball storage shed",outdoor,0,ON,Remain,0,2.0,1,0,2.0,,
0339-01-01,184,339,Pendleton,Pendleton #1 - High,(Loc. Needed),outdoor,0,ON,Remain,0,,0,0,2.0,,
0339-01-02,184,339,Pendleton,Pendleton #1 - Middle,(Loc. Needed),outdoor,0,ON,Remain,0,,0,0,2.0,,
0339-01-03,184,339,Pendleton,Pendleton #1 - Low,(Loc. Needed),outdoor,0,ON,Remain,0,,0,0,2.0,,
0344-01-01,185,344,Dogwood,Dogwood #1 - High,West of park entrance,outdoor,0,CONT,Fix/Replace LSL,0,2.0,1,0,2.0,,
0344-01-02,185,344,Dogwood,Dogwood #1 - Low,West of park entrance,outdoor,0,CONT,Fix/Replace LSL,0,2.0,1,0,2.0,,
0351-01-01,186,351,Honeysuckle,Honeysuckle #1 - High,Near northwest entrance of park,outdoor,0,CONT,Fix/Replace LSL,0,,0,0,,,
0351-01-02,186,351,Honeysuckle,Honeysuckle #1 - Low,Near northwest entrance of park,outdoor,0,CONT,Fix/Replace LSL,0,,0,0,,,
0353-01-01,187,353,Hornbeam,Hornbeam #1,Near entrance,outdoor,0,OFF,Fix/Replace LSL,0,,0,1,31.4,,
0360-01-01,188,360,Lin (Margaret Hie Ding),Lin (Margaret Hie Ding) #1 - High,At Entrance,outdoor,0,ON,Remain,0,2.0,1,0,2.0,,
0360-01-02,188,360,Lin (Margaret Hie Ding),Lin (Margaret Hie Ding) #1 - Low,At Entrance,outdoor,0,ON,Remain,0,2.0,1,0,2.0,,
0360-01-BF,188,360,Lin (Margaret Hie Ding),Lin (Margaret Hie Ding) #1 - Bottle Filler,At Entrance,outdoor,1,ON,Remain,0,2.0,1,0,2.0,,
0362-01-01,189,362,Brooks (Gwendolyn),Brooks (Gwendolyn) #1 - High,"Northeast corner of park, on Greenwood",outdoor,0,CONT,Fix/Replace LSL,0,13.8,1,0,13.8,,
0362-01-02,189,362,Brooks (Gwendolyn),Brooks (Gwendolyn) #1 - Low,"Northeast corner of park, on Greenwood",outdoor,0,CONT,Fix/Replace LSL,0,15.0,1,0,15.0,,
0363-01-01,190,363,Burnside,Burnside #1,"AT SIDEWALK ON GREENWOOD, NEAR PLAYGROUND",outdoor,0,CONT,Fix/Replace LSL,0,,0,0,2.0,,
0363-02-01,190,363,Burnside,Burnside #2,EAST OF CENTER PATH NEAR TENNIS COURTS,outdoor,0,REMOVED,Already Removed,0,,0,0,,,
0363-03-01,190,363,Burnside,Burnside #3,"NORTHWEST CORNER OF PARK, WEST OF PATH",outdoor,0,REMOVED,Already Removed,0,,0,0,,,
0364-01-01,191,364,Gill,Gill #1 - High,THIRD BASE LINE OF DIAMOND,outdoor,0,CONT,Fix/Replace LSL,0,2.0,1,0,2.0,,
0364-01-02,191,364,Gill,Gill #1 - Middle,THIRD BASE LINE OF DIAMOND,outdoor,0,CONT,Fix/Replace LSL,0,2.0,1,0,2.7,,
0364-01-03,191,364,Gill,Gill #1 - Low,THIRD BASE LINE OF DIAMOND,outdoor,0,CONT,Fix/Replace LSL,0,2.0,1,0,2.0,,
0364-02-01,191,364,Gill,1st Floor - High,,indoor,0,ON,Remain,0,2.0,1,0,2.0,,
0364-02-BF,191,364,Gill,1st Floor - Bottle Filler,,indoor,1,ON,Remain,0,2.0,1,0,2.0,,
0364-03-01,191,364,Gill,Basement - Men's Locker Room - High,,indoor,0,ON,Fix/Replace LSL,0,2.8,1,0,2.8,,
0364-03-02,191,364,Gill,Basement - Men's Locker Room - Low,,indoor,0,ON,Fix/Replace LSL,0,4.0,1,0,4.0,,
0364-04-01,191,364,Gill,Basement - Women's Locker Room - High,,indoor,0,ON,Fix/Replace LSL,0,2.0,1,0,6.0,,
0364-04-02,191,364,Gill,Basement - Women's Locker Room - Low,,indoor,0,ON,Fix/Replace LSL,0,6.4,1,0,6.4,,
0364-05-01,191,364,Gill,Kitchen Sink,,indoor,0,ON,Remain,0,2.0,1,0,2.0,,
0364-06-01,191,364,Gill,2nd Floor - East Gym,,indoor,0,ON,Remain,0,,0,0,2.0,,
0364-07-01,191,364,Gill,2nd Floor - West Hallway,,indoor,0,ON,Fix/Replace LSL,0,10.3,1,0,10.3,,
0364-08-01,191,364,Gill,Pool Deck - High,,indoor,0,ON,Fix/Replace LSL,0,2.7,1,0,2.7,,
0364-0802,191,364,Gill,Pool Deck - Low,,indoor,0,ON,Fix/Replace LSL,0,2.4,1,0,2.4,,
0365-01-01,192,365,Bauler,Bauler #1,Center of park,outdoor,0,CONT,Fix/Replace LSL,0,3.9,1,0,8.2,,
0366-01-01,193,366,DeJulio,DeJulio #1 - High,East of playground,outdoor,0,CONT,Fix/Replace LSL,0,,0,0,,,
0366-01-02,193,366,DeJulio,DeJulio #1 - Low,East of playground,outdoor,0,CONT,Fix/Replace LSL,0,,0,0,,,
0370-01-01,194,370,Stars & Stripes,Stars & Stripes #1 - High,PLAYGROUND,outdoor,0,CONT,Fix/Replace LSL,0,2.0,1,0,2.0,,
0370-01-02,194,370,Stars & Stripes,Stars & Stripes #1 - Middle,PLAYGROUND,outdoor,0,CONT,Fix/Replace LSL,0,2.0,1,0,2.0,,
0370-01-03,194,370,Stars & Stripes,Stars & Stripes #1 - Low,PLAYGROUND,outdoor,0,CONT,Fix/Replace LSL,0,2.0,1,0,2.0,,
0371-02-01,195,371,Valley Forge,Valley Forge #2 - High,AT PARK ENTRANCE NEAR 59TH AND NORDICA,outdoor,0,CONT,Fix/Replace LSL,0,3.5,1,0,3.5,,
0371-02-02,195,371,Valley Forge,Valley Forge #2 - Middle,AT PARK ENTRANCE NEAR 59TH AND NORDICA,outdoor,0,CONT,Fix/Replace LSL,0,2.9,1,0,3.0,,
0371-02-03,195,371,Valley Forge,Valley Forge #2 - Low,AT PARK ENTRANCE NEAR 59TH AND NORDICA,outdoor,0,CONT,Fix/Replace LSL,0,3.2,1,0,3.8,,
0371-03-01,195,371,Valley Forge,Valley Forge-Lobby-High,,indoor,0,ON,Remain,0,2.0,1,0,2.0,,
0371-03-02,195,371,Valley Forge,Valley Forge-Lobby-Low,,indoor,0,ON,Remain,0,2.0,1,0,2.0,,
0371-04-01,195,371,Valley Forge,Valley Forge-Fitness Center-High,,indoor,0,ON,Remain,0,2.0,1,0,2.0,,
0371-04-02,195,371,Valley Forge,Valley Forge-Fitness Center-Low,,indoor,0,ON,Remain,0,2.0,1,0,2.0,,
0371-05-01,195,371,Valley Forge,Kitchen Sink,,indoor,0,ON,Remain,0,2.0,1,0,2.0,,
0373-01-01,196,373,Blackwelder,Blackwelder #1 - High,AT ENTRANCE ON 115TH,outdoor,0,ON,Remain,0,2.0,1,0,2.0,,
0373-01-02,196,373,Blackwelder,Blackwelder #1 - Middle,AT ENTRANCE ON 115TH,outdoor,0,ON,Remain,0,2.0,1,0,2.0,,
0373-01-03,196,373,Blackwelder,Blackwelder #1 - Low,AT ENTRANCE ON 115TH,outdoor,0,ON,Remain,0,2.0,1,0,2.0,,
0385-01-01,197,385,Buttercup,Buttercup #1 - High,NEAR ENTRANCE ON SHERIDAN,outdoor,0,ON,Fix/Replace LSL,0,2.0,1,0,2.0,,
0385-01-02,197,385,Buttercup,Buttercup #1 - Middle,NEAR ENTRANCE ON SHERIDAN,outdoor,0,ON,Fix/Replace LSL,0,2.0,1,0,2.0,,
0385-01-03,197,385,Buttercup,Buttercup #1 - Low,NEAR ENTRANCE ON SHERIDAN,outdoor,0,ON,Fix/Replace LSL,0,2.0,1,0,2.0,,
0386-01-01,198,386,Jackson (Mahalia),Jackson (Mahalia) #1,ON BIRKHOFF BETWEEN BASEBALL DIAMONDS,outdoor,0,CONT,Fix/Replace LSL,0,,0,0,5.2,,
0387-01-01,199,387,Hoard,Hoard #1,NORTHEAST OF PLAYGROUND,outdoor,0,CONT,Fix/Replace LSL,0,,0,0,6.1,,
0389-01-01,200,389,Snowberry,Snowberry #1,Next to entrance on Huron,outdoor,0,CONT,Fix/Replace LSL,0,2.0,1,0,2.0,,
0391-01-01,201,391,Edmonds,Edmonds #1 - High,AT PARK ENTRANCE ON 60TH PL,outdoor,0,CONT,Fix/Replace LSL,0,,0,0,,,
0391-01-02,201,391,Edmonds,Edmonds #1 - Low,AT PARK ENTRANCE ON 60TH PL,outdoor,0,CONT,Fix/Replace LSL,0,,0,0,,,
0392-01-01,202,392,Juniper,Juniper #1 - High,AT ENTRANCE ON GREENVIEW,outdoor,0,ON,Remain,1,2.0,1,0,2.0,,
0392-01-02,202,392,Juniper,Juniper #1 - Middle,AT ENTRANCE ON GREENVIEW,outdoor,0,ON,Remain,0,2.0,1,0,2.0,,
0392-01-03,202,392,Juniper,Juniper #1 - Low,AT ENTRANCE ON GREENVIEW,outdoor,0,ON,Remain,0,2.0,1,0,2.0,,
0393-01-01,203,393,Walsh,Walsh #1 - High,NORTHEAST CORNER OF PARK,outdoor,0,ON,Remain,1,2.0,1,0,2.0,,
0393-01-02,203,393,Walsh,Walsh #1 - Low,NORTHEAST CORNER OF PARK,outdoor,0,ON,Remain,0,2.0,1,0,2.0,,
0393-01-BF,203,393,Walsh,Walsh #1 - BF,NORTHEAST CORNER OF PARK,outdoor,1,ON,Remain,0,,0,0,2.0,,
0393-02-01,203,393,Walsh,Walsh #2 - High,IN NORTH DOG AREA,outdoor,0,ON,Remain,0,,0,0,2.0,,
0393-02-02,203,393,Walsh,Walsh #2 - Low,IN NORTH DOG AREA,outdoor,0,ON,Remain,0,,0,0,2.0,,
0393-03-01,203,393,Walsh,Walsh #3 - High,IN SOUTH DOG AREA,outdoor,0,ON,Remain,0,2.0,1,0,2.0,,
0393-03-02,203,393,Walsh,Walsh #3 - Low,IN SOUTH DOG AREA,outdoor,0,ON,Remain,0,2.0,1,0,2.0,,
0393-04-01,203,393,Walsh,Walsh #4 - High,SOUTH OF PLAYGROUND,outdoor,0,ON,Remain,1,2.0,1,0,2.0,,
0393-04-02,203,393,Walsh,Walsh #4 - Low,SOUTH OF PLAYGROUND,outdoor,0,ON,Remain,0,2.0,1,0,2.0,,
0393-04-BF,203,393,Walsh,Walsh #4 - BF,SOUTH OF PLAYGROUND,outdoor,1,ON,Remain,0,2.0,1,0,2.0,,
0397-01-01,204,397,Grove,Grove #1 - High,AT ENTRANCE ON MORGAN,outdoor,0,CONT,Fix/Replace LSL,0,2.0,1,0,2.0,,
0397-01-02,204,397,Grove,Grove #1 - Low,AT ENTRANCE ON MORGAN,outdoor,0,CONT,Fix/Replace LSL,0,2.0,1,0,2.0,,
0398-01-01,205,398,Sheil Community Center,Sheil #1 ,NEXT TO ENTRANCE,outdoor,0,ON,Remain,0,2.0,1,0,2.0,,
0398-02-01,205,398,Sheil Community Center,1st Floor Restrooms,,indoor,0,ON,Remain,0,2.0,1,0,2.0,,
0398-02-BF,205,398,Sheil Community Center,1st Floor Bottle Filler,,indoor,1,ON,Remain,0,2.0,1,0,2.0,,
0398-03-01,205,398,Sheil Community Center,2nd Floor - Theater Room,,indoor,0,ON,Fix/Replace LSL,0,4.8,1,0,6.2,,
0398-04-01,205,398,Sheil Community Center,Kitchen Sink,,indoor,0,ON,Remain,0,2.0,1,0,2.0,,
0399-01-01,206,399,Park 399,Park 399 #1 - High,West side of park near alley,outdoor,0,ON,Remain,0,,0,0,2.0,,
0399-01-02,206,399,Park 399,Park 399 #1 - Low,West side of park near alley,outdoor,0,ON,Remain,0,,0,0,2.0,,
0400-01-01,207,400,Claremont,Claremont #1 - High,North of Entrance,outdoor,0,CONT,Fix/Replace LSL,0,2.0,1,0,2.0,,
0400-01-02,207,400,Claremont,Claremont #1 - Middle,North of Entrance,outdoor,0,CONT,Fix/Replace LSL,0,2.0,1,0,3.6,,
0400-01-03,207,400,Claremont,Claremont #1 - Low,North of Entrance,outdoor,0,CONT,Fix/Replace LSL,0,2.0,1,0,2.2,,
0412-01-01,208,412,Churchill Field,Churchill Field #1 - High,"Northwest corner of park, on Damen",outdoor,0,ON,Remain,0,2.0,1,0,2.0,,
0412-01-02,208,412,Churchill Field,Churchill Field #1 - Middle,"Northwest corner of park, on Damen",outdoor,0,ON,Remain,0,2.0,1,0,2.0,,
0412-01-03,208,412,Churchill Field,Churchill Field #1 - Low,"Northwest corner of park, on Damen",outdoor,0,ON,Remain,0,2.0,1,0,2.0,,
0412-02-01,208,412,Churchill Field,Churchill Field #2 - High,In dog friendly area,outdoor,0,ON,Remain,0,2.0,1,0,2.0,,
0412-02-02,208,412,Churchill Field,Churchill Field #2 - Middle,In dog friendly area,outdoor,0,ON,Remain,0,,0,0,2.0,,
0412-02-03,208,412,Churchill Field,Churchill Field #2 - Low,In dog friendly area,outdoor,0,ON,Remain,0,2.0,1,0,2.0,,
0423-01-01,209,423,Oz,Oz #1 - High,SOUTH OF PLAYGROUND,outdoor,0,ON,Remain,1,2.0,1,0,2.0,,
0423-01-02,209,423,Oz,Oz #1 - Low,SOUTH OF PLAYGROUND,outdoor,0,ON,Remain,0,2.0,1,0,2.0,,
0423-01-BF,209,423,Oz,Oz #1 - BF,SOUTH OF PLAYGROUND,outdoor,1,ON,Remain,0,2.0,1,0,2.0,,
0423-02-01,209,423,Oz,Oz #2 - High,NORTHWEST CORNER OF TENNIS COURTS,outdoor,0,ON,Remain,1,2.0,1,0,2.0,,
0423-02-02,209,423,Oz,Oz #2 - Low,NORTHWEST CORNER OF TENNIS COURTS,outdoor,0,ON,Remain,0,2.0,1,0,2.0,,
0423-02-BF,209,423,Oz,Oz #2 - BF,NORTHWEST CORNER OF TENNIS COURTS,outdoor,1,ON,Remain,0,2.0,1,0,2.0,,
0423-03-01,209,423,Oz,Oz #3 - High,CORNER OF DICKENS AND BURLING,outdoor,0,CONT,Fix/Replace LSL,0,2.0,1,0,2.0,,
0423-03-02,209,423,Oz,Oz #3 - Low,CORNER OF DICKENS AND BURLING,outdoor,0,CONT,Fix/Replace LSL,0,2.0,1,0,2.0,,
0423-03-03,209,423,Oz,Oz #3 - Dog,CORNER OF DICKENS AND BURLING,outdoor,0,CONT,Fix/Replace LSL,0,,0,0,2.0,,
0425-01-01,210,425,Noethling,Noethling #1,NORTH SIDE OF PARK,outdoor,0,CONT,Fix/Replace LSL,0,2.0,1,0,2.0,,
0427-01-01,211,427,Ashmore,Ashmore #1,At park entrance on Gunnison,outdoor,0,CONT,Fix/Replace LSL,0,2.0,1,1,21.8,,
0428-01-01,212,428,Warren,Warren #1,"Northwest corner of park, north of playlot",outdoor,0,ON,Remain,1,,0,1,42.7,,
0428-03-01,212,428,Warren,Warren #3 - High,Northeast corner of park near playlot,outdoor,0,ON,Remain,1,2.0,1,0,2.0,,
0428-03-02,212,428,Warren,Warren #3 - Low,Northeast corner of park near playlot,outdoor,0,ON,Remain,0,2.0,1,0,2.0,,
0428-03-BF,212,428,Warren,Warren #3 - Bottle Filler,Northeast corner of park near playlot,outdoor,1,ON,Remain,0,2.0,1,0,2.0,,
0428-05-01,212,428,Warren,Warren #5 - High,North of tennis courts,outdoor,0,ON,Remain,1,2.0,1,0,7.4,,
0428-05-02,212,428,Warren,Warren #5 - Low,North of tennis courts,outdoor,0,ON,Remain,0,2.0,1,0,2.0,,
0428-05-BF,212,428,Warren,Warren #5 - Bottle Filler,North of tennis courts,outdoor,1,ON,Remain,0,2.0,1,0,2.0,,
0428-06-01,212,428,Warren,Warren #6 - High,Southwest playlot,outdoor,0,ON,Remain,1,2.0,1,0,2.0,,
0428-06-02,212,428,Warren,Warren #6 - Low,Southwest playlot,outdoor,0,ON,Remain,0,2.0,1,0,2.0,,
0428-07-01,212,428,Warren,Warren #7,Cricket field,outdoor,0,ON,Remain,1,,0,0,,,
0428-09-01,212,428,Warren,Main Lobby - High,,indoor,0,ON,Remain,1,2.0,1,0,2.0,,
0428-09-BF,212,428,Warren,Main Lobby - Bottle Filler,,indoor,1,ON,Remain,0,2.0,1,0,2.0,,
0428-10-01,212,428,Warren,Outside Locker Room - North,,indoor,0,ON,Fix/Replace LSL,0,9.8,1,0,9.8,,
0428-10-02,212,428,Warren,Outside Locker Room - South,,indoor,0,OFF,Fix/Replace LSL,0,,0,1,50.9,,
0428-11-01,212,428,Warren,Kitchen Sink,,indoor,0,ON,Remain,0,2.0,1,0,2.0,,
0429-01-01,213,429,South Shore,South Shore #1 - High,SOUTH OF BALLROOM ON PATH ADJACENT TO BUILDING,outdoor,0,CONT,Fix/Replace LSL,0,2.0,1,0,2.0,,
0429-01-02,213,429,South Shore,South Shore #1 - Low,SOUTH OF BALLROOM ON PATH ADJACENT TO BUILDING,outdoor,0,CONT,Fix/Replace LSL,0,2.0,1,0,2.0,,
0429-02-01,213,429,South Shore,South Shore-Basement Near Restrooms,,indoor,0,ON,Fix/Replace LSL,0,2.0,1,0,3.0,,
0429-03-01,213,429,South Shore,South Shore-Near Art Gallery,,indoor,0,ON,Remain,0,2.0,1,0,2.0,,
0429-04-01,213,429,South Shore,South Shore-Near Restaurant,,indoor,0,OFF,Fix/Replace LSL,0,,0,0,8.3,,
0429-05-01,213,429,South Shore,South Shore-Mezzanine-Near Men's Room,,indoor,0,ON,Fix/Replace LSL,0,2.3,1,0,5.7,,
0429-06-01,213,429,South Shore,South Shore-Oak Room-Sink,,indoor,0,ON,Remain,0,,0,0,2.0,,
0429-07-01,213,429,South Shore,South Shore-CAN-Sink,,indoor,0,ON,Remain,0,,0,0,2.0,,
0429-08-01,213,429,South Shore,South Shore-Dining Room Sink,,indoor,0,ON,Fix/Replace LSL,0,2.6,1,0,9.3,,
0429-09-01,213,429,South Shore,3rd Floor - North,,indoor,0,ON,Remain,0,2.0,1,0,2.0,,
0429-10-01,213,429,South Shore,3rd Floor - South,,indoor,0,ON,Remain,0,2.0,1,0,2.0,,
0429-11-01,213,429,South Shore,South Shore-Solarium Sink,,indoor,0,ON,Remain,0,2.0,1,0,2.0,,
0431-01-01,214,431,Flower,Flower #1 - High,NEAR ENTRANCE ON MOFFAT,outdoor,0,ON,Remain,0,2.0,1,0,2.0,,
0431-01-02,214,431,Flower,Flower #1 - Middle,NEAR ENTRANCE ON MOFFAT,outdoor,0,ON,Remain,0,2.0,1,0,2.0,,
0431-01-03,214,431,Flower,Flower #1 - Low,NEAR ENTRANCE ON MOFFAT,outdoor,0,ON,Remain,0,2.0,1,0,2.0,,
0435-01-01,215,435,Bromann,Bromann #1 - High,AT ENTRANCE ON BALMORAL,outdoor,0,ON,Remain,0,2.0,1,0,2.0,,
0435-01-02,215,435,Bromann,Bromann #1 - Middle,AT ENTRANCE ON BALMORAL,outdoor,0,ON,Remain,0,2.0,1,0,2.0,,
0435-01-03,215,435,Bromann,Bromann #1 - Low,AT ENTRANCE ON BALMORAL,outdoor,0,ON,Remain,0,2.0,1,0,2.0,,
0443-01-01,216,443,McInerney,McInerney #1 -High,"Northeast corner, on Emerald cul-de-sac",outdoor,0,ON,Remain,1,2.0,1,0,2.0,,
0443-01-02,216,443,McInerney,McInerney #1 - Low,"Northeast corner, on Emerald cul-de-sac",outdoor,0,ON,Remain,0,2.0,1,0,2.0,,
0443-01-BF,216,443,McInerney,McInerney #1 - BF,"Northeast corner, on Emerald cul-de-sac",outdoor,1,ON,Remain,0,2.0,1,0,2.0,,
0448-01-01,217,448,Metcalfe,Metcalfe #1 - High,East of spraypool and playground,outdoor,0,CONT,Fix/Replace LSL,0,2.0,1,0,2.0,,
0448-01-02,217,448,Metcalfe,Metcalfe #1 - Low,East of spraypool and playground,outdoor,0,CONT,Fix/Replace LSL,0,2.0,1,0,2.0,,
0448-03-01,217,448,Metcalfe,Metcalfe #3,West and inbetween basketball courts,outdoor,0,ON,Remain,1,,0,1,368.0,,
0450-01-01,218,450,Lazarus,Lazarus #1 - High,AT ENTRANCE ON COLUMBIA,outdoor,0,ON,Remain,1,2.0,1,0,2.0,,
0450-01-02,218,450,Lazarus,Lazarus #1 - Low,AT ENTRANCE ON COLUMBIA,outdoor,0,ON,Remain,0,2.0,1,0,2.0,,
0450-01-BF,218,450,Lazarus,Lazarus #1 - Bottle Filler,AT ENTRANCE ON COLUMBIA,outdoor,1,ON,Remain,0,2.0,1,0,2.0,,
0451-01-01,219,451,Sun Yat-Sen,Sun Yat-Sen #1 - High,"In plaza, south of entrance gateway, east of statue",outdoor,0,ON,Remain,0,2.0,1,0,2.0,,
0451-01-02,219,451,Sun Yat-Sen,Sun Yat-Sen #1 - Middle,"In plaza, south of entrance gateway, east of statue",outdoor,0,ON,Remain,0,2.0,1,0,2.0,,
0451-01-03,219,451,Sun Yat-Sen,Sun Yat-Sen #1 - Low,"In plaza, south of entrance gateway, east of statue",outdoor,0,ON,Remain,0,2.0,1,0,2.0,,
0452-02-01,220,452,Peterson,Peterson #2,Behind home plate of south baseball diamond,outdoor,0,ON,Remain,1,,0,0,,,
0452-03-01,220,452,Peterson,Peterson #3,"By playlot, east of fieldhouse",outdoor,1,CONT,Fix/Replace LSL,0,2.3,1,1,37.8,,
0452-04-01,220,452,Peterson,Hallway - East,,indoor,0,OFF,Fix/Replace LSL,0,,0,1,27.5,,
0452-05-01,220,452,Peterson,2nd Floor,,indoor,0,ON,Fix/Replace LSL,0,4.0,1,0,4.0,,
0452-06-01,220,452,Peterson,Basement,,indoor,0,ON,Fix/Replace LSL,0,2.0,1,0,8.0,,
0452-07-01,220,452,Peterson,1st Floor Kitchen Sink,,indoor,0,ON,Fix/Replace LSL,0,4.3,1,1,41.1,,
0452-08-01,220,452,Peterson,2nd Floor Kitchen Sink,,indoor,0,ON,Remain,0,3.5,1,0,3.5,,
0452-09-01,220,452,Peterson Gymnastic Center,1st Floor,,indoor,0,ON,Remain,0,,0,0,2.0,,
0452-10-01,220,452,Peterson Gymnastic Center,2nd Floor,,indoor,0,ON,Remain,0,2.0,1,0,2.0,,
0452-11-01,220,452,Peterson Gymnastic Center,Kitchen Sink,,indoor,0,ON,Remain,0,2.0,1,0,2.0,,
0453-01-01,221,453,Miami,Miami #1 - High,Southeast corner of park,outdoor,0,CONT,Fix/Replace LSL,0,2.9,1,0,2.9,,
0453-01-03,221,453,Miami,Miami #1 - Low,Southeast corner of park,outdoor,0,CONT,Fix/Replace LSL,0,3.0,1,0,3.0,,
0457-01-01,222,457,Clark (Richard),Clark (Richard) #1 - High,3rd base line behind home,outdoor,0,ON,Remain,0,2.0,1,0,2.0,,
0457-01-02,222,457,Clark (Richard),Clark (Richard) #1 - Low,3rd base line behind home,outdoor,0,ON,Remain,0,2.0,1,0,2.0,,
0457-02-01,222,457,Clark (Richard),Clark (Richard) #2 - High,1st base line behind home,outdoor,0,ON,Remain,0,2.0,1,0,2.0,,
0457-02-02,222,457,Clark (Richard),Clark (Richard) #2 - Low,1st base line behind home,outdoor,0,ON,Remain,0,2.0,1,0,2.0,,
0457-03-01,222,457,Clark (Richard),Boathouse - Main Lobby - High,,indoor,0,ON,Remain,0,2.0,1,0,2.0,,
0457-03-02,222,457,Clark (Richard),Boathouse - Main Lobby - Low,,indoor,0,ON,Remain,0,2.0,1,0,2.0,,
0457-04-01,222,457,Clark (Richard),Boathouse 2nd Floor Washrooms - High,,indoor,0,ON,Remain,0,2.0,1,0,2.0,,
0457-04-02,222,457,Clark (Richard),Boathouse 2nd Floor Washrooms - Low,,indoor,0,ON,Remain,0,2.0,1,0,2.0,,
0457-05-01,222,457,Clark (Richard),Boathouse - Kitchen Sink,,indoor,0,ON,Remain,0,2.0,1,0,2.0,,
0459-01-01,223,459,Ashe Beach,Ashe Beach #1 - High,AT ENTRANCE ON 74TH,outdoor,0,ON,Remain,0,2.1,1,0,2.1,,
0459-01-02,223,459,Ashe Beach,Ashe Beach #1 - Middle,AT ENTRANCE ON 74TH,outdoor,0,ON,Remain,0,2.0,1,0,2.0,,
0459-01-03,223,459,Ashe Beach,Ashe Beach #1 - Low,AT ENTRANCE ON 74TH,outdoor,0,ON,Remain,0,2.9,1,0,2.9,,
0462-01-01,224,462,Broadway Armory,Broadway Armory-Main Lobby-High,,indoor,0,ON,Remain,0,2.0,1,0,2.0,,
0462-01-BF,224,462,Broadway Armory,Broadway Armory-Main Lobby-Bottle Filler,,indoor,1,ON,Remain,0,2.0,1,0,2.0,,
0462-02-01,224,462,Broadway Armory,Broadway Armory-East Side Vestibule,,indoor,0,ON,Remain,0,2.0,1,0,2.0,,
0462-03-01,224,462,Broadway Armory,Broadway Armory-Kitchen Sink,,indoor,0,ON,Fix/Replace LSL,0,7.6,1,0,7.6,,
0462-04-01,224,462,Broadway Armory,Broadway Armory-2nd Floor-High,,indoor,0,ON,Fix/Replace LSL,0,2.3,1,0,2.3,,
0462-04-02,224,462,Broadway Armory,Broadway Armory-2nd Floor-Low,,indoor,0,ON,Fix/Replace LSL,0,2.2,1,0,2.2,,
0465-02-01,225,465,Dearborn,Dearborn #2 - High,"Southeast corner of park, near 9th and Plymouth",outdoor,0,ON,Remain,1,2.0,1,0,2.0,,
0465-02-02,225,465,Dearborn,Dearborn #2 - Low,"Southeast corner of park, near 9th and Plymouth",outdoor,0,ON,Remain,0,2.0,1,0,2.0,,
0465-02-BF,225,465,Dearborn,Dearborn #2 - Bottle Filler,"Southeast corner of park, near 9th and Plymouth",outdoor,1,ON,Remain,0,2.0,1,0,2.0,,
0479-01-01,226,479,Jones,Jones #1 - High,North of playground,outdoor,0,ON,Remain,0,,0,0,2.0,,
0479-01-02,226,479,Jones,Jones #1 - Low,North of playground,outdoor,0,ON,Remain,0,,0,0,2.0,,
0480-01-01,227,480,Cotton Tail,Cotton Tail #1 - High,Federal entrance,outdoor,0,ON,Remain,0,2.0,1,0,2.0,,
0480-01-02,227,480,Cotton Tail,Cotton Tail #1 - Low,Federal entrance,outdoor,0,ON,Remain,0,2.0,1,0,2.0,,
0480-02-01,227,480,Cotton Tail,Cotton Tail #2 - High,Plymouth entrance,outdoor,0,ON,Remain,0,2.0,1,0,2.0,,
0480-02-02,227,480,Cotton Tail,Cotton Tail #2 - Low,Plymouth entrance,outdoor,0,ON,Remain,0,2.0,1,0,2.0,,
0481-01-01,228,481,Ping Tom,Ping Tom #1 - High,West side of boathouse,outdoor,0,ON,Remain,0,2.0,1,0,2.0,,
0481-01-02,228,481,Ping Tom,Ping Tom #1 - Low,West side of boathouse,outdoor,0,ON,Remain,0,2.0,1,0,2.0,,
0481-02-01,228,481,Ping Tom,Ping Tom #2 - High,East side of playlot,outdoor,0,ON,Remain,0,2.0,1,0,2.0,,
0481-02-02,228,481,Ping Tom,Ping Tom #2 - Low,East side of playlot,outdoor,0,ON,Remain,0,2.0,1,0,2.0,,
0481-03-01,228,481,Ping Tom,Ping Tom #3 - High,"Southernmost loop on walking path, 30' southwest of fork",outdoor,0,ON,Remain,0,2.0,1,0,2.0,,
0481-03-02,228,481,Ping Tom,Ping Tom #3 - Low,"Southernmost loop on walking path, 30' southwest of fork",outdoor,0,ON,Remain,0,2.0,1,0,2.0,,
0481-04-01,228,481,Ping Tom,Ping Tom #4 - High,North of 18th behind baseball diamond,outdoor,0,ON,Remain,1,2.0,1,0,2.0,,
0481-04-02,228,481,Ping Tom,Ping Tom #4 - Low,North of 18th behind baseball diamond,outdoor,0,ON,Remain,0,2.0,1,0,2.0,,
0481-05-01,228,481,Ping Tom,Near Washrooms - Bubbler,,indoor,0,ON,Remain,0,2.0,1,0,2.0,,
0481-05-BF,228,481,Ping Tom,Near Washrooms - BF,,indoor,0,ON,Remain,0,2.0,1,0,2.0,,
0481-06-01,228,481,Ping Tom,Fitness Center - High,,indoor,0,ON,Remain,0,2.0,1,0,2.0,,
0481-06-02,228,481,Ping Tom,Fitness Center - Low,,indoor,0,ON,Remain,0,2.0,1,0,2.0,,
0481-07-01,228,481,Ping Tom,Ping Tom-Pool Deck-Women's-High,,indoor,0,ON,Remain,0,,0,0,2.0,,
0481-07-02,228,481,Ping Tom,Ping Tom-Pool Deck-Women's-Low,,indoor,0,ON,Remain,0,2.0,1,0,2.0,,
0481-08-01,228,481,Ping Tom,Ping Tom-Pool Deck-Men's-High,,indoor,0,ON,Remain,0,2.0,1,0,2.0,,
0481-08-02,228,481,Ping Tom,Ping Tom-Pool Deck-Men's-Low,,indoor,0,ON,Remain,0,2.0,1,0,2.0,,
0481-09-01,228,481,Ping Tom,Ping Tom-Kitchen Sink,,indoor,0,ON,Remain,0,2.0,1,0,2.0,,
0482-01-01,229,482,Nash Comm. Ctr.,1st Floor - Between Rooms - High,,indoor,0,ON,Remain,0,2.0,1,0,2.0,,
0482-01-02,229,482,Nash Comm. Ctr.,1st Floor - Between Rooms - BF,,indoor,0,ON,Remain,0,2.0,1,0,2.0,,
0482-02-01,229,482,Nash Comm. Ctr.,2nd Floor - By Fitness Center - High,,indoor,0,ON,Fix/Replace LSL,0,2.0,1,0,2.9,,
0482-02-02,229,482,Nash Comm. Ctr.,2nd Floor - By Fitness Center - Low,,indoor,0,ON,Fix/Replace LSL,0,2.0,1,0,2.0,,
0482-03-01,229,482,Nash Comm. Ctr.,Pool Level - Women's Restroom,,indoor,0,OFF,Fix/Replace LSL,0,11.5,1,0,11.5,,
0482-04-01,229,482,Nash Comm. Ctr.,Pool Level - Men's Restroom,,indoor,0,ON,Remain,0,2.0,1,0,2.0,,
0482-05-01,229,482,Nash Comm. Ctr.,Pool Deck,,indoor,0,ON,Remain,0,2.0,1,0,2.0,,
0482-06-01,229,482,Nash Comm. Ctr.,Kitchen Sink,,indoor,0,ON,Remain,0,2.0,1,0,2.0,,
0485-01-01,230,485,Kennicott,Main Lobby,,indoor,0,ON,Fix/Replace LSL,0,2.0,1,0,7.3,,
0485-02-01,230,485,Kennicott,Fitness Center,,indoor,0,OFF,Fix/Replace LSL,0,2.0,1,1,390.0,,
0485-03-01,230,485,Kennicott,Near Women's Restroom - High,,indoor,0,OFF,Fix/Replace LSL,0,,0,1,40.5,,
0485-03-02,230,485,Kennicott,Near Women's Restroom - Low,,indoor,0,OFF,Fix/Replace LSL,0,,0,1,134.0,,
0485-05-01,230,485,Kennicott,2nd Floor - Near Restrooms - High,,indoor,0,ON,Fix/Replace LSL,0,,0,0,11.8,,
0485-05-02,230,485,Kennicott,2nd Floor - Near Restrooms - Low,,indoor,0,ON,Fix/Replace LSL,0,,0,0,5.9,,
0485-06-01,230,485,Kennicott,2nd Floor - Back of Building - High,,indoor,0,OFF,Fix/Replace LSL,0,,0,1,61.9,,
0485-06-02,230,485,Kennicott,2nd Floor - Back of Building - Low,,indoor,0,OFF,Fix/Replace LSL,0,,0,1,126.0,,
0485-07-01,230,485,Kennicott,Large Kitchen Sink,,indoor,0,ON,Fix/Replace LSL,0,2.0,1,1,36.6,,
0485-08-01,230,485,Kennicott,Senior Room Sink,,indoor,0,ON,Fix/Replace LSL,0,2.0,1,0,2.6,,
0485-09-01,230,485,Kennicott,1st Floor Conference Room West - Kitchen Sink,,indoor,0,OFF,Fix/Replace LSL,0,,0,1,146.0,,
0485-10-01,230,485,Kennicott,1st Floor Conference Room East - Kitchen Sink,,indoor,0,ON,Remain,0,,0,0,2.0,,
0486-01-01,231,486,Winnemac,Winnemac #1 - High,Northwest of playlot,outdoor,0,ON,Remain,0,2.0,1,0,2.0,,
0486-01-02,231,486,Winnemac,Winnemac #1 - Middle,Northwest of playlot,outdoor,0,ON,Remain,0,2.0,1,0,2.0,,
0486-01-03,231,486,Winnemac,Winnemac #1 - Low,Northwest of playlot,outdoor,0,ON,Remain,0,2.0,1,0,2.0,,
0487-01-01,232,487,Broncho Billy,Broncho Billy #1 - High,Center of park,outdoor,0,ON,Remain,0,2.0,1,0,2.0,,
0487-01-02,232,487,Broncho Billy,Broncho Billy #1 - Low,Center of park,outdoor,0,ON,Remain,0,2.0,1,0,2.0,,
0488-01-01,233,488,Challenger,Challenger #1 - High,At Buena,outdoor,0,ON,Remain,0,2.0,1,0,2.0,,
0488-01-02,233,488,Challenger,Challenger #1 - Middle,At Buena,outdoor,0,ON,Remain,0,,0,0,2.0,,
0488-01-03,233,488,Challenger,Challenger #1 - Low,At Buena,outdoor,0,ON,Remain,0,2.0,1,0,2.0,,
0492-01-01,234,492,Armstrong,Armstrong #1 - High,"On center of running track, opposite St. Lawrence, east side of track",outdoor,0,ON,Remain,0,2.0,1,0,2.0,,
0492-01-02,234,492,Armstrong,Armstrong #1 - Low,"On center of running track, opposite St. Lawrence, east side of track",outdoor,0,ON,Remain,0,,0,0,2.0,,
0494-01-01,235,494,Washington (Harold),Washington (Harold) #1 - High,WEST OF COMFORT STATION AT FORK IN PATH,outdoor,0,ON,Remain,0,2.0,1,0,2.0,,
0494-01-02,235,494,Washington (Harold),Washington (Harold) #1 - Low,WEST OF COMFORT STATION AT FORK IN PATH,outdoor,0,ON,Remain,0,2.0,1,0,2.0,,
0494-02-01,235,494,Washington (Harold),Washington (Harold) #2,HAROLD WASHINGTON PLAYGROUND,outdoor,0,CONT,Remain,0,2.0,1,0,2.0,,
0494-03-01,235,494,Washington (Harold),Washington (Harold) #3,ON PATH WEST OF TENNIS COURTS,outdoor,0,ON,Fix/Replace LSL,0,2.0,1,0,2.0,,
0497-01-01,236,497,Starr,Starr #1 - High,North of Playground,outdoor,0,ON,Remain,0,2.0,1,0,2.0,,
0497-01-02,236,497,Starr,Starr #1 - Middle,North of Playground,outdoor,0,ON,Remain,0,2.0,1,0,2.0,,
0497-01-03,236,497,Starr,Starr #1 - Low,North of Playground,outdoor,0,ON,Remain,0,2.0,1,0,2.0,,
0500-01-01,237,500,Park 500,Park 500 #1,"East side of park, south of playground",outdoor,0,ON,Remain,0,2.0,1,0,2.0,,
0501-01-01,238,501,Parsons,Parsons #1 - High,Near park entrance on Belmont,outdoor,0,ON,Remain,0,2.0,1,0,2.0,,
0501-01-02,238,501,Parsons,Parsons #1 - Middle,Near park entrance on Belmont,outdoor,0,ON,Remain,0,2.0,1,0,2.0,,
0501-01-03,238,501,Parsons,Parsons #1 - Low,Near park entrance on Belmont,outdoor,0,ON,Remain,0,2.0,1,0,2.0,,
0504-01-01,239,504,Mandrake,Mandrake #1 - High,On path west of field house,outdoor,0,ON,Remain,0,2.0,1,0,2.0,,
0504-01-02,239,504,Mandrake,Mandrake #1 - Low,On path west of field house,outdoor,0,ON,Remain,0,2.0,1,0,2.0,,
0504-02-01,239,504,Mandrake,Mandrake #2,Attached to north side of field house,outdoor,0,ON,Remain,0,2.0,1,0,2.0,,
0504-03-01,239,504,Mandrake,Mandrake #3,Attached to south side of field house,outdoor,0,ON,Remain,0,2.0,1,0,2.0,,
0504-04-01,239,504,Mandrake,Mandrake #4 - High,"Across street, east of running track",outdoor,0,ON,Remain,0,2.0,1,0,2.0,,
0504-04-02,239,504,Mandrake,Mandrake #4 - Low,"Across street, east of running track",outdoor,0,ON,Remain,0,2.0,1,0,2.0,,
0504-05-01,239,504,Mandrake,Mandrake #5,(Loc. Needed),outdoor,0,ON,Remain,0,2.0,1,0,2.0,,
0504-06-01,239,504,Mandrake,Mandrake #6,(Loc. Needed),outdoor,0,ON,Remain,0,2.0,1,0,2.0,,
0504-07-01,239,504,Mandrake,Mandrake-Kitchen Sink-Left Wall,,indoor,0,ON,Remain,0,2.0,1,0,2.0,,
0504-08-01,239,504,Mandrake,Fountain - High,,indoor,0,ON,Remain,0,2.0,1,0,2.0,,
0504-08-02,239,504,Mandrake,Fountain - Low,,indoor,0,ON,Remain,0,2.0,1,0,2.0,,
0504-09-01,239,504,Mandrake,Mandrake-Kitchen Sink-Middle,,indoor,0,ON,Remain,0,2.0,1,0,2.0,,
0504-10-01,239,504,Mandrake,Mandrake-Kitchen Sink-Triple Basin,,indoor,0,ON,Remain,0,2.0,1,0,2.0,,
0505-01-01,240,505,Nottingham,Nottingham #1 - High,CENTER OF PARK,outdoor,0,ON,Remain,0,2.0,1,0,2.0,,
0505-01-02,240,505,Nottingham,Nottingham #1 - Low,CENTER OF PARK,outdoor,0,ON,Remain,0,2.0,1,0,5.4,,
0506-01-01,241,506,Harold Washington Meml.,Harold Washington Meml. #1 - High,AT ENTRANCE ON PAULINA,outdoor,0,ON,Remain,0,2.0,1,0,2.0,,
0506-01-02,241,506,Harold Washington Meml.,Harold Washington Meml. #1 - Low,AT ENTRANCE ON PAULINA,outdoor,0,ON,Remain,0,2.0,1,0,2.0,,
0507-01-01,242,507,Coliseum,Coliseum #1 - High,Dog park,outdoor,0,ON,Remain,0,2.0,1,0,2.0,,
0507-01-02,242,507,Coliseum,Coliseum #1 - Low,Dog park,outdoor,0,ON,Remain,0,2.0,1,0,2.0,,
0507-02-01,242,507,Coliseum,Coliseum #2 - High,Wabash entrance - south,outdoor,0,ON,Remain,0,2.0,1,0,2.0,,
0507-02-02,242,507,Coliseum,Coliseum #2 - Low,Wabash entrance - south,outdoor,0,ON,Remain,0,2.0,1,0,2.0,,
0509-01-01,243,509,Renaissance,Renaissance #1 ,AT ENTRANCE ON 79TH AND THROOP,outdoor,0,ON,Remain ,0,2.0,1,0,2.0,,
0510-01-01,244,510,Livingston Field,Livingston Field #1 - High,Southwest corner of field,outdoor,0,ON,Remain,0,2.0,1,0,2.0,,
0510-01-02,244,510,Livingston Field,Livingston Field #1 - Low,Southwest corner of field,outdoor,0,ON,Remain,0,2.0,1,0,2.0,,
0511-01-01,245,511,Ward,Ward #1 - High,"In dog area, in the middle of the fence facing Kingsbury",outdoor,0,ON,Remain,0,2.0,1,0,2.0,,
0511-01-02,245,511,Ward,Ward #1 - Low,"In dog area, in the middle of the fence facing Kingsbury",outdoor,0,ON,Remain,0,2.0,1,0,2.0,,
0511-02-01,245,511,Ward,Ward #2 - High,"In playground area, between swingset and picnic area",outdoor,0,ON,Remain,0,2.0,1,0,2.0,,
0511-02-02,245,511,Ward,Ward #2 - Middle,"In playground area, between swingset and picnic area",outdoor,0,ON,Remain,0,2.0,1,0,2.0,,
0511-02-03,245,511,Ward,Ward #2 - Low,"In playground area, between swingset and picnic area",outdoor,0,ON,Remain,0,2.0,1,0,2.0,,
0513-01-01,246,513,Webster,Webster #1 - High,East side - middle of park,outdoor,0,ON,Remain,0,2.0,1,0,2.0,,
0513-01-02,246,513,Webster,Webster #1 - Low,East side - middle of park,outdoor,0,ON,Remain,0,,0,0,2.0,,
0514-01-01,247,514,Park 514,Park 514 #1 - High,North of north entrance,outdoor,0,ON,Remain,0,2.0,1,0,2.0,,
0514-01-02,247,514,Park 514,Park 514 #1 - Low,North of north entrance,outdoor,0,ON,Remain,0,2.0,1,0,2.0,,
0515-01-01,248,515,Homan Square,Homan Square-North Wing-Near Club Room-High,,indoor,0,ON,Fix/Replace LSL,0,2.0,1,0,2.0,,
0515-01-02,248,515,Homan Square,Homan Square-North Wing-Near Club Room-Low,,indoor,0,ON,Fix/Replace LSL,0,2.0,1,0,2.3,,
0515-02-01,248,515,Homan Square,Homan Square-South Wing-Near Gym-High,,indoor,0,ON,Remain,0,2.0,1,0,2.0,,
0515-02-02,248,515,Homan Square,Homan Square-South Wing-Near Gym-Low,,indoor,0,ON,Remain,0,2.0,1,0,2.0,,
0515-03-01,248,515,Homan Square,Homan Square-Pool Area,,indoor,0,ON,Remain,0,2.0,1,0,2.0,,
0515-04-01,248,515,Homan Square,Homan Square-Kitchen Sink,,indoor,0,ON,Remain,0,2.0,1,0,2.0,,
0517-01-01,249,517,Park 517,Park 517 #1 - High,NORTHWEST CORNER OF PARK,outdoor,0,ON,Remain,0,2.0,1,0,2.0,,
0517-01-02,249,517,Park 517,Park 517 #1 - Low,NORTHWEST CORNER OF PARK,outdoor,0,ON,Remain,0,,0,0,2.0,,
0519-01-01,250,519,Park 519,Park 519 #1 - High,Near entrance,outdoor,0,ON,Remain,0,2.0,1,0,2.0,,
0519-01-02,250,519,Park 519,Park 519 #1 - Middle,Near entrance,outdoor,0,ON,Remain,0,2.0,1,0,2.0,,
0519-01-03,250,519,Park 519,Park 519 #1 - Low,Near entrance,outdoor,0,ON,Remain,0,2.0,1,0,2.0,,
0522-01-01,251,522,Wang,Wang #1 - High,NORTH OF PLAYLOT,outdoor,0,ON,Remain,0,2.0,1,0,2.0,,
0522-01-02,251,522,Wang,Wang #1 - Middle,NORTH OF PLAYLOT,outdoor,0,ON,Remain,0,2.0,1,0,2.0,,
0522-01-03,251,522,Wang,Wang #1 - Low,NORTH OF PLAYLOT,outdoor,0,ON,Remain,0,2.0,1,0,2.0,,
0524-01-01,252,524,Harris,Near Gym - High,,indoor,0,ON,Remain,0,2.0,1,0,2.0,,
0524-01-BF,252,524,Harris,Near Gym - Bottle Filler,,indoor,1,ON,Remain,0,2.0,1,0,2.0,,
0524-02-01,252,524,Harris,2nd Floor - Dance Room - Bubbler,,indoor,0,ON,Remain,1,2.0,1,0,2.0,,
0524-02-BF,252,524,Harris,2nd Floor - Dance Room - Bottle Filler,,indoor,1,ON,Remain,0,2.0,1,0,2.0,,
0524-03-01,252,524,Harris,1st Floor - Northwest,,indoor,0,ON,Remain,0,,0,0,2.0,,
0524-04-01,252,524,Harris,Africa Office - Left,,indoor,0,ON,Fix/Replace LSL,0,2.0,1,0,2.0,,
0524-04-02,252,524,Harris,Africa Office - Right,,indoor,0,ON,Fix/Replace LSL,0,,0,0,4.5,,
0524-05-01,252,524,Harris,Basement - Back Entrance,,indoor,0,OFF,Fix/Replace LSL,0,,0,1,100.0,,
0524-07-01,252,524,Harris,2nd Floor Art Room Kitchen Sink,,indoor,0,ON,Fix/Replace LSL,0,3.0,1,0,4.3,,
0524-08-01,252,524,Harris,Northeast Kitchen Sink,,indoor,0,OFF,Fix/Replace LSL,0,62.4,1,1,62.4,,
0524-09-01,252,524,Harris,2nd Floor Mezzanine,,indoor,0,ON,Fix/Replace LSL,0,2.0,1,0,6.8,,
0524-10-01,252,524,Harris,Main (Gym) Kitchen Sink,,indoor,0,ON,Fix/Replace LSL,0,2.2,1,0,6.5,,
0524-11-01,252,524,Harris,Northeast Corner Hallway,,indoor,0,ON,Remain,0,2.0,1,1,57.3,,
0526-01-01,253,526,Stone (Bernard),Stone (Bernard) #1 - High,Corner of Devon & McCormick,outdoor,0,ON,Remain,0,2.0,1,0,2.0,,
0526-01-02,253,526,Stone (Bernard),Stone (Bernard) #1 - Low,Corner of Devon & McCormick,outdoor,0,ON,Remain,0,2.0,1,0,2.0,,
0529-01-01,254,529,Park 529,Park 529 #1 - High,SOUTHWEST CORNER,outdoor,0,ON,Remain,0,2.0,1,0,2.0,,
0529-01-02,254,529,Park 529,Park 529 #1 - Low,SOUTHWEST CORNER,outdoor,0,ON,Remain,0,2.0,1,0,2.0,,
0530-01-01,255,530,Daley,Daley #1 - High,"North side of park, 150' east of boat ramp",outdoor,0,ON,Remain,0,,0,0,2.0,,
0530-01-02,255,530,Daley,Daley #1 - Low,"North side of park, 150' east of boat ramp",outdoor,0,ON,Remain,0,,0,0,2.0,,
0531-01-01,256,531,Palmisano,Palmisano #1 - High,Northeast entrance,outdoor,0,ON,Remain,0,2.0,1,0,2.4,,
0531-01-02,256,531,Palmisano,Palmisano #1 - Low,Northeast entrance,outdoor,0,ON,Remain,0,2.0,1,0,2.0,,
0532-01-01,257,532,Williams-Davis,Williams-Davis #1 - High,South of spray feature,outdoor,0,ON,Remain,0,2.0,1,0,2.0,,
0532-01-02,257,532,Williams-Davis,Williams-Davis #1 - Low,South of spray feature,outdoor,0,ON,Remain,0,,0,0,2.0,,
0533-01-01,258,533,North Park Village,Hallway East - High,,indoor,0,ON,Remain,0,2.0,1,0,2.0,,
0533-01-02,258,533,North Park Village,Hallway East - Low,,indoor,0,ON,Remain,0,2.0,1,0,2.0,,
0533-02-01,258,533,North Park Village,Kitchen Sink,,indoor,0,ON,Remain,0,2.0,1,0,2.0,,
0534-01-01,259,534,Park 534,Park 534 #1 - High,West side entrance,outdoor,0,ON,Remain,0,2.0,1,0,2.0,,
0534-01-02,259,534,Park 534,Park 534 #1 - Low,West side entrance,outdoor,0,ON,Remain,0,2.0,1,0,2.0,,
0534-02-01,259,534,Park 534,Park 534 #2 - High ,East side entrance,outdoor,0,ON,Remain,0,2.0,1,0,2.0,,
0534-02-02,259,534,Park 534,Park 534 #2 - Low,East side entrance,outdoor,0,ON,Remain,0,2.0,1,0,2.0,,
0535-01-01,260,535,Park 535,Park 535 #1 ,CENTER OF PARK,outdoor,0,ON,Remain,0,2.0,1,0,2.0,,
0539-01-01,261,539,Palmer Square,Palmer Square #1 - High,"North-center area of park, at raised crosswalk",outdoor,0,ON,Remain,0,2.0,1,0,2.0,,
0539-01-02,261,539,Palmer Square,Palmer Square #1 - Middle,"North-center area of park, at raised crosswalk",outdoor,0,ON,Remain,0,2.0,1,0,2.0,,
0539-01-03,261,539,Palmer Square,Palmer Square #1 - Low,"North-center area of park, at raised crosswalk",outdoor,0,ON,Remain,0,2.0,1,0,2.0,,
0539-02-01,261,539,Palmer Square,Palmer Square #2,"North east area of park, at about 3015 W Palmer",outdoor,0,ON,Remain,0,,0,0,,,
0540-01-01,262,540,Park 540,Park 540 #1 - High,"In playground, northeast corner of park",outdoor,0,ON,Remain,0,2.0,1,0,2.0,,
0540-01-02,262,540,Park 540,Park 540 #1 - Middle,"In playground, northeast corner of park",outdoor,0,ON,Remain,0,2.0,1,0,2.0,,
0540-01-03,262,540,Park 540,Park 540 #1 - Low,"In playground, northeast corner of park",outdoor,0,ON,Remain,0,2.0,1,0,2.0,,
0540-02-01,262,540,Park 540,Park 540 #2 - High,Southwest area of park behind baseball diamond,outdoor,0,ON,Remain,0,2.0,1,0,2.0,,
0540-02-02,262,540,Park 540,Park 540 #2 - Middle,Southwest area of park behind baseball diamond,outdoor,0,ON,Remain,0,2.0,1,0,2.0,,
0540-02-03,262,540,Park 540,Park 540 #2 - Low,Southwest area of park behind baseball diamond,outdoor,0,ON,Remain,0,2.0,1,0,2.0,,
0541-01-01,263,541,Pritzker,Pritzker #1 - High,Center of park,outdoor,0,ON,Remain,0,2.0,1,0,2.0,,
0541-01-02,263,541,Pritzker,Pritzker #1 - Low,Center of park,outdoor,0,ON,Remain,0,2.0,1,0,2.0,,
0542-01-01,264,542,Bartelme,Bartelme #1 - High,Northwest side of playground,outdoor,0,ON,Remain,0,2.0,1,0,2.0,,
0542-01-02,264,542,Bartelme,Bartelme #1 - Middle,Northwest side of playground,outdoor,0,ON,Remain,0,,0,0,2.0,,
0542-01-03,264,542,Bartelme,Bartelme #1 - Low,Northwest side of playground,outdoor,0,ON,Remain,0,2.0,1,0,2.0,,
0544-01-01,265,544,Klein,Klein #1 - High,AT ENTRANCE ON LINCOLN,outdoor,0,ON,Remain,0,2.0,1,0,2.0,,
0544-01-02,265,544,Klein,Klein #1 - Middle,AT ENTRANCE ON LINCOLN,outdoor,0,ON,Remain,0,2.0,1,0,2.0,,
0544-01-03,265,544,Klein,Klein #1 - Low,AT ENTRANCE ON LINCOLN,outdoor,0,ON,Remain,0,2.0,1,0,2.0,,
0546-01-01,266,546,Lake Shore East,Lake Shore East #1 - High,North side of park near main entrance,outdoor,0,ON,Remain,0,,0,0,2.0,,
0546-01-02,266,546,Lake Shore East,Lake Shore East #1 - Low,North side of park near main entrance,outdoor,0,ON,Remain,0,2.0,1,0,2.0,,
0546-02-01,266,546,Lake Shore East,Lake Shore East #2 - High,Playground,outdoor,0,ON,Remain,0,2.0,1,0,2.0,,
0546-02-02,266,546,Lake Shore East,Lake Shore East #2 - Low,Playground,outdoor,0,ON,Remain,0,2.0,1,0,2.0,,
0546-04-01,266,546,Lake Shore East,Lake Shore East #4 - High,Dog park,outdoor,0,ON,Remain,0,2.0,1,0,2.0,,
0546-04-02,266,546,Lake Shore East,Lake Shore East #4 - Low,Dog park,outdoor,0,ON,Remain,0,2.0,1,0,2.0,,
0546-05-01,266,546,Lake Shore East,Lake Shore East #5 - High,South side main entrance,outdoor,0,ON,Remain,0,2.0,1,0,2.0,,
0546-05-02,266,546,Lake Shore East,Lake Shore East #5 - Low,South side main entrance,outdoor,0,ON,Remain,0,2.0,1,0,2.0,,
0548-01-01,267,548,Major Taylor Bike Trail,Major Taylor Bike Trail #1 - High,106TH PLACE & THROOP,outdoor,0,ON,Remain,0,,0,0,,,
0548-01-02,267,548,Major Taylor Bike Trail,Major Taylor Bike Trail #1 - Low,106TH PLACE & THROOP,outdoor,0,ON,Remain,0,,0,0,,,
0549-01-01,268,549,Logan Skate Park,Logan Skate Park #1 - High,NORTH OF PATH UNDER KENNEDY,outdoor,0,ON,Remain,0,,0,0,2.0,,
0549-01-02,268,549,Logan Skate Park,Logan Skate Park #1 - Low,NORTH OF PATH UNDER KENNEDY,outdoor,0,ON,Remain,0,,0,0,2.0,,
0550-01-01,269,550,Chicago Women's Park and Gardens,1st Floor - High,,indoor,0,ON,Remain,0,2.0,1,0,2.0,,
0550-01-02,269,550,Chicago Women's Park and Gardens,1st Floor - Low,,indoor,0,ON,Remain,0,2.0,1,0,2.0,,
0550-02-01,269,550,Chicago Women's Park and Gardens,2nd Floor - High,,indoor,0,ON,Remain,0,2.0,1,0,2.0,,
0550-02-02,269,550,Chicago Women's Park and Gardens,2nd Floor - Low,,indoor,0,ON,Remain,0,2.0,1,0,2.0,,
0550-02-BF,269,550,Chicago Women's Park and Gardens,2nd Floor - Bottle Filler,,indoor,1,ON,Remain,0,2.0,1,0,2.0,,
0550-03-01,269,550,Chicago Women's Park and Gardens,3rd Floor - High,,indoor,0,ON,Remain,0,2.0,1,0,2.0,,
0550-03-02,269,550,Chicago Women's Park and Gardens,3rd Floor - Low,,indoor,0,ON,Remain,0,,0,0,2.0,,
0550-03-BF,269,550,Chicago Women's Park and Gardens,3rd Floor - Bottle Filler,,indoor,1,ON,Remain,0,2.0,1,0,2.0,,
0550-04-01,269,550,Chicago Women's Park and Gardens,Imagination Lab - Kitchen Sink,,indoor,0,ON,Remain,0,,0,0,2.0,,
0550-05-01,269,550,Chicago Women's Park and Gardens,Creativity Lab - Kitchen Sink,,indoor,0,ON,Remain,0,,0,0,2.0,,
0550-06-01,269,550,Chicago Women's Park and Gardens,Curiosity Lab - Kitchen Sink,,indoor,0,ON,Remain,0,,0,0,2.0,,
0550-07-01,269,550,Chicago Women's Park and Gardens,Inspiration Lab - Kitchen Sink,,indoor,0,ON,Remain,0,,0,0,2.0,,
0551-01-01,270,551,Park 551,Park 551 #1 - High,"Near north east park entrance, north of playground",outdoor,0,ON,Remain,0,,0,0,2.0,,
0551-01-02,270,551,Park 551,Park 551 #1 - Middle,"Near north east park entrance, north of playground",outdoor,0,ON,Remain,0,,0,0,2.0,,
0551-01-03,270,551,Park 551,Park 551 #1 - Low,"Near north east park entrance, north of playground",outdoor,0,ON,Remain,0,,0,0,2.0,,
0552-01-01,271,552,Park 552,Park 552 #1 - High,Northeast corner of park,outdoor,0,ON,Remain,0,2.0,1,0,2.0,,
0552-01-02,271,552,Park 552,Park 552 #1 - Low,Northeast corner of park,outdoor,0,ON,Remain,0,2.0,1,0,2.0,,
0553-01-01,272,553,La Villita,La Villita #1 - High,"In playground area, north side of park",outdoor,0,ON,Remain,0,2.0,1,0,2.0,,
0553-01-02,272,553,La Villita,La Villita #1 - Middle,"In playground area, north side of park",outdoor,0,ON,Remain,0,2.0,1,0,2.0,,
0553-01-03,272,553,La Villita,La Villita #1 - Low,"In playground area, north side of park",outdoor,0,ON,Remain,0,2.0,1,0,2.0,,
0553-02-01,272,553,La Villita,La Villita #2 - High,"Middle of park, south of 28th Street",outdoor,0,ON,Remain,0,2.0,1,0,2.0,,
0553-02-02,272,553,La Villita,La Villita #2 - Low,"Middle of park, south of 28th Street",outdoor,0,ON,Remain,0,,0,0,2.0,,
0553-03-01,272,553,La Villita,La Villita #3 - High,South end of park behind baseball diamond,outdoor,0,ON,Remain,0,2.0,1,0,2.0,,
0553-03-02,272,553,La Villita,La Villita #3 - Middle,South end of park behind baseball diamond,outdoor,0,ON,Remain,0,,0,0,2.0,,
0553-03-03,272,553,La Villita,La Villita #3 - Low,South end of park behind baseball diamond,outdoor,0,ON,Remain,0,,0,0,2.0,,
0554-01-01,273,554,De Burgos,De Burgos #1 - High,Northwest corner of park,outdoor,0,ON,Remain,0,,0,0,2.0,,
0554-01-02,273,554,De Burgos,De Burgos #1 - Middle,Northwest corner of park,outdoor,0,ON,Remain,0,2.0,1,0,2.0,,
0554-01-03,273,554,De Burgos,De Burgos #1 - Low,Northwest corner of park,outdoor,0,ON,Remain,0,2.0,1,0,2.0,,
0556-01-01,274,556,Logan Dog Park,Logan Dog Park #1 - High,IN ENCLOSED DOG AREA,outdoor,0,ON,Remain,0,,0,0,2.0,,
0556-01-02,274,556,Logan Dog Park,Logan Dog Park #1 - Low,IN ENCLOSED DOG AREA,outdoor,0,ON,Remain,0,2.0,1,0,2.0,,
0558-01-01,275,558,King-Lockhart,King-Lockhart #1 - High,AT ENTRANCE ON WESTERN,outdoor,0,ON,Remain,0,2.0,1,0,2.0,,
0558-01-02,275,558,King-Lockhart,King-Lockhart #1 - Low,AT ENTRANCE ON WESTERN,outdoor,0,ON,Remain,0,2.0,1,0,2.7,,
0560-01-01,276,560,Jesse White,Outside Gym - High,,indoor,0,ON,Remain,0,2.0,1,0,2.0,,
0560-01-02,276,560,Jesse White,Outside Gym - Low,,indoor,0,ON,Remain,0,2.0,1,0,2.0,,
0560-02-01,276,560,Jesse White,Gymnastics Center - High,,indoor,0,ON,Remain,0,,0,0,2.0,,
0560-02-02,276,560,Jesse White,Gymnastics Center - Low,,indoor,0,ON,Remain,0,2.0,1,0,2.0,,
0560-03-01,276,560,Jesse White,Kitchen Sink,,indoor,0,ON,Remain,0,2.0,1,0,2.0,,
0561-01-01,277,561,Anderson (Fred),Anderson (Fred) #1 - High,Northeast corner of park on Wabash,outdoor,0,ON,Remain,0,2.0,1,0,2.0,,
0561-01-02,277,561,Anderson (Fred),Anderson (Fred) #1 - Low,Northeast corner of park on Wabash,outdoor,0,ON,Remain,0,2.0,1,0,2.0,,
0561-02-01,277,561,Anderson (Fred),Anderson (Fred) #2 - High,Small dog area,outdoor,0,ON,Remain,0,2.0,1,0,2.0,,
0561-02-02,277,561,Anderson (Fred),Anderson (Fred) #2 - Low,Small dog area,outdoor,0,ON,Remain,0,,0,0,2.0,,
0561-03-01,277,561,Anderson (Fred),Anderson (Fred) #3 - High,Large dog area,outdoor,0,ON,Remain,0,2.0,1,0,2.0,,
0561-03-02,277,561,Anderson (Fred),Anderson (Fred) #3 - Low,Large dog area,outdoor,0,ON,Remain,0,,0,0,2.0,,
0564-01-01,278,564,Big Marsh,Big Marsh #1 - High,Bike Park Entrance,outdoor,0,CONT,Remain,0,2.0,1,0,2.0,,
0564-01-02,278,564,Big Marsh,Big Marsh #1 - Low,Bike Park Entrance,outdoor,0,CONT,Remain,0,2.0,1,0,2.0,,
0564-01-BF,278,564,Big Marsh,Big Marsh #1 - BF,Bike Park Entrance,outdoor,1,CONT,Remain,0,2.0,1,0,2.0,,
0568-01-01,279,568,West Ridge Nature Park,West Ridge Nature Park - High,"Off Western, at Ardmore",outdoor,0,ON,Remain,0,2.0,1,0,2.0,,
0568-01-02,279,568,West Ridge Nature Park,West Ridge Nature Park - Low,"Off Western, at Ardmore",outdoor,0,ON,Remain,0,2.0,1,0,2.0,,
0569-01-01,280,569,Park 569,Park 569 #1 - High,Center of Park,outdoor,0,ON,Remain,0,2.0,1,0,2.0,,
0569-01-02,280,569,Park 569,Park 569 #1 - Low,Center of Park,outdoor,0,ON,Remain,0,2.0,1,0,2.0,,
0570-01-01,281,570,Donahue,Donahue #1 - High,CENTER OF PARK,outdoor,0,ON,Remain,0,2.0,1,0,2.0,,
0570-01-02,281,570,Donahue,Donahue #1 - Middle,CENTER OF PARK,outdoor,0,ON,Remain,0,2.0,1,0,2.0,,
0570-01-03,281,570,Donahue,Donahue #1 - Low,CENTER OF PARK,outdoor,0,ON,Remain,0,2.0,1,0,2.0,,
0571-01-01,282,571,Park 571,Field House - Bottle Filler Near Bathrooms,,indoor,1,ON,Remain,0,2.0,1,0,2.0,,
0571-02-01,282,571,Park 571,Field House - Kitchen Sink,,indoor,0,ON,Fix/Replace LSL,0,2.0,1,0,5.3,,
0571-03-01,282,571,Park 571,Boat House - Bottle Filler Near Bathrooms,,indoor,1,ON,Remain,0,2.0,1,0,2.0,,
0571-04-01,282,571,Park 571,Boat House - Fountain,,indoor,0,ON,Remain,0,2.0,1,0,2.0,,
0571-05-01,282,571,Park 571,Field House - Hallway Fountain,,indoor,0,ON,Remain,0,2.0,1,0,2.0,,
0572-01-01,283,572,Bloomingdale Trail,Bloomingdale Trail #1 - High,At Ridgeway,outdoor,0,ON,Remain,0,2.0,1,0,2.0,,
0572-01-02,283,572,Bloomingdale Trail,Bloomingdale Trail #1 - Middle,At Ridgeway,outdoor,0,ON,Remain,0,2.0,1,0,2.0,,
0572-01-03,283,572,Bloomingdale Trail,Bloomingdale Trail #1 - Low,At Ridgeway,outdoor,0,ON,Remain,0,2.0,1,0,2.0,,
0572-02-01,283,572,Bloomingdale Trail,Bloomingdale Trail #2 - High,At Mozart,outdoor,0,ON,Remain,0,2.0,1,0,2.0,,
0572-02-02,283,572,Bloomingdale Trail,Bloomingdale Trail #2 - Middle,At Mozart,outdoor,0,ON,Remain,0,2.0,1,0,2.0,,
0572-02-03,283,572,Bloomingdale Trail,Bloomingdale Trail #2 - Low,At Mozart,outdoor,0,ON,Remain,0,2.0,1,0,2.0,,
0572-03-01,283,572,Bloomingdale Trail,Bloomingdale Trail #3 - High,At Maplewood,outdoor,0,ON,Remain,0,2.0,1,0,2.0,,
0572-03-02,283,572,Bloomingdale Trail,Bloomingdale Trail #3 - Middle,At Maplewood,outdoor,0,ON,Remain,0,2.0,1,0,2.0,,
0572-03-03,283,572,Bloomingdale Trail,Bloomingdale Trail #3 - Low,At Maplewood,outdoor,0,ON,Remain,0,2.0,1,0,2.0,,
0574-01-01,284,574,Park 574,Park 574 #1 - High,"East side of park, near Maplewood and Adams",outdoor,0,ON,Remain,0,2.0,1,0,2.0,,
0574-01-02,284,574,Park 574,Park 574 #1 - Middle,"East side of park, near Maplewood and Adams",outdoor,0,ON,Remain,0,2.0,1,0,2.0,,
0574-01-03,284,574,Park 574,Park 574 #1 - Low,"East side of park, near Maplewood and Adams",outdoor,0,ON,Remain,0,2.0,1,0,2.0,,
0577-01-01,285,577,Morgan Park Sports Center,Morgan Park Sports Center-Lobby-High,,indoor,0,ON,Remain,0,2.0,1,0,2.0,,
0577-01-02,285,577,Morgan Park Sports Center,Morgan Park Sports Center-Lobby-Low,,indoor,0,ON,Remain,0,2.0,1,0,2.0,,
0577-01-BF,285,577,Morgan Park Sports Center,Morgan Park Sports Center-Lobby-BF,,indoor,0,ON,Remain,0,2.0,1,0,2.0,,
0577-02-01,285,577,Morgan Park Sports Center,Morgan Park Sports Center-Upstars-High,,indoor,0,ON,Remain,0,2.0,1,0,2.0,,
0577-02-02,285,577,Morgan Park Sports Center,Morgan Park Sports Center-Upstairs-Low,,indoor,0,ON,Remain,0,2.0,1,0,2.0,,
0577-02-BF,285,577,Morgan Park Sports Center,Morgan Park Sports Center-Upstairs-BF,,indoor,0,ON,Remain,0,2.0,1,0,2.0,,
0578-01-01,286,578,West Haven,West Haven #1 - High,(Loc. Needed),outdoor,0,ON,Remain,0,2.0,1,0,2.0,,
0578-01-02,286,578,West Haven,West Haven #1 - Low,(Loc. Needed),outdoor,0,ON,Remain,0,2.0,1,0,2.0,,
0580-01-01,287,580,Park 580,Park 580 #1 - High,(Loc. Needed),outdoor,0,ON,Remain,0,2.0,1,0,2.0,,
0580-01-02,287,580,Park 580,Park 580 #1 - Low,(Loc. Needed),outdoor,0,ON,Remain,0,2.0,1,0,2.0,,
0583-01-01,288,583,Park 583,Park 583 #1 - High,Northeast side of Park,outdoor,0,ON,Remain,0,2.0,1,0,2.0,,
0583-01-02,288,583,Park 583,Park 583 #1 - Low,Northeast side of Park,outdoor,0,ON,Remain,0,2.0,1,0,2.0,,
0590-01-01,289,590,Park 590,Park 590 #1 - High,(Loc. Needed),outdoor,0,ON,Remain,0,,0,0,2.0,,
0590-01-02,289,590,Park 590,Park 590 #1 - Low,(Loc. Needed),outdoor,0,ON,Remain,0,2.0,1,0,8.6,,
0590-02-01,289,590,Park 590,Park 590 #2 - High,(Loc. Needed),outdoor,0,OFF,Fix/Replace LSL,0,25.2,1,1,25.2,,
0590-02-02,289,590,Park 590,Park 590 #2 - Low,(Loc. Needed),outdoor,0,OFF,Fix/Replace LSL,0,,0,1,17.7,,
0591-01-01,290,591,Park 591,Park 591 #1 - High,Big Dawg Side,outdoor,0,ON,Remain,0,2.0,1,0,2.0,,
0591-01-02,290,591,Park 591,Park 591 #1 - Middle,Big Dawg Side,outdoor,0,ON,Remain,0,,0,0,2.0,,
0591-01-03,290,591,Park 591,Park 591 #1 - Low,Big Dawg Side,outdoor,0,ON,Remain,0,2.0,1,0,2.0,,
0591-02-01,290,591,Park 591,Park 591 #2 - High,Small Dawg Side,outdoor,0,ON,Remain,0,2.0,1,0,2.0,,
0591-02-02,290,591,Park 591,Park 591 #2 - Middle,Small Dawg Side,outdoor,0,ON,Remain,0,2.0,1,0,2.0,,
0591-02-03,290,591,Park 591,Park 591 #2 - Low,Small Dawg Side,outdoor,0,ON,Remain,0,2.0,1,0,2.0,,
0592-01-01,291,592,Park 592,Park 592 #1 - High,North Fountain - Small Dawg,outdoor,0,ON,Remain,0,2.0,1,0,2.0,,
0592-01-02,291,592,Park 592,Park 592 #1 - Middle,North Fountain - Small Dawg,outdoor,0,ON,Remain,0,2.0,1,0,2.0,,
0592-01-03,291,592,Park 592,Park 592 #1 - Low,North Fountain - Small Dawg,outdoor,0,ON,Remain,0,2.0,1,0,2.0,,
0592-02-01,291,592,Park 592,Park 592 #2 - High,South Fountain - Big Dawg,outdoor,0,ON,Remain,0,2.0,1,0,2.0,,
0592-02-02,291,592,Park 592,Park 592 #2 - Middle,South Fountain - Big Dawg,outdoor,0,ON,Remain,0,2.0,1,0,2.0,,
0592-02-03,291,592,Park 592,Park 592 #2 - Low,South Fountain - Big Dawg,outdoor,0,ON,Remain,0,2.0,1,0,2.0,,
0593-01-01,292,593,Park 593,Park 593 #1 - High,(Loc. Needed),outdoor,0,ON,Remain,0,2.0,1,0,2.0,,
0593-01-02,292,593,Park 593,Park 593 #1 - Low,(Loc. Needed),outdoor,0,ON,Remain,0,2.0,1,0,2.0,,
0593-01-BF,292,593,Park 593,Park 593 #1 - Bottle Filler,(Loc. Needed),outdoor,0,ON,Remain,0,2.0,1,0,2.0,,
0596-01-01,293,596,Park 596,Park 596 #1 - High,Center Path - North,outdoor,0,ON,Remain,0,2.0,1,0,2.0,,
0596-01-02,293,596,Park 596,Park 596 #1 - Low,Center Path - North,outdoor,0,ON,Remain,0,2.0,1,0,2.0,,
0596-01-BF,293,596,Park 596,Park 596 #1 - Bottle Filler,Center Path - North,outdoor,0,ON,Remain,0,2.0,1,0,2.0,,
0596-02-01,293,596,Park 596,Park 596 #2 - High,Center Path - South,outdoor,0,ON,Remain,0,2.0,1,0,2.0,,
0596-02-02,293,596,Park 596,Park 596 #2 - Low,Center Path - South,outdoor,0,ON,Remain,0,2.0,1,0,2.0,,
0596-02-BF,293,596,Park 596,Park 596 #2 - Bottle Filler,Center Path - South,outdoor,0,ON,Remain,0,2.0,1,0,2.0,,
1001-01-01,294,1001,Rainbow Beach,Rainbow Beach #1,SOUTH OF MARINE BUILDING ON PATH,outdoor,0,OFF,Fix/Replace LSL,0,2.0,1,1,35.4,,
1001-02-01,294,1001,Rainbow Beach,Rainbow Beach #2,"ON SEAWALL, NORTHEAST SIDE OF PARKINGLOT",outdoor,0,ON,Remain ,1,2.0,1,0,2.0,,
1001-04-01,294,1001,Rainbow Beach,Rainbow Beach #4,HIGH FOUNTAIN ON BEACH HOUSE,outdoor,0,ON,Remain,0,,0,0,2.0,,
1001-05-01,294,1001,Rainbow Beach,Rainbow Beach #5,LOW FOUNTAIN ON BEACH HOUSE,outdoor,0,ON,Remain,0,2.0,1,0,2.0,,
1001-06-01,294,1001,Rainbow Beach,Rainbow Beach #6,EAST SIDE OF TENNIS COURT,outdoor,0,ON,Remain,1,,0,0,2.0,,
1001-09-01,294,1001,Rainbow Beach-Near Gym,High,,indoor,0,ON,Fix/Replace LSL,0,2.0,1,0,2.0,,
1001-09-02,294,1001,Rainbow Beach-Near Gym,Low,,indoor,0,ON,Fix/Replace LSL,0,2.0,1,0,2.0,,
1001-10-01,294,1001,Rainbow Beach-Fitness Center,High,,indoor,0,ON,Fix/Replace LSL,0,2.0,1,0,2.0,,
1001-10-02,294,1001,Rainbow Beach-Fitness Center,Low,,indoor,0,ON,Fix/Replace LSL,0,2.0,1,0,2.0,,
1001-11-01,294,1001,Rainbow Beach,Clubroom - Kitchen Sink,,indoor,0,ON,Remain,0,2.0,1,0,2.0,,
1001-12-01,294,1001,Rainbow Beach,Employee - Kitchen Sink,,indoor,0,ON,Remain,0,2.0,1,0,2.0,,
1002-03-01,295,1002,Clarendon,Clarendon #3 - High,"CLARENDON DOG PARK NORTH OF SERVICE YARD, EAST OF MARINE DRIVE",outdoor,0,ON,Remain,0,,0,0,2.0,,
1002-03-02,295,1002,Clarendon,Clarendon #3 - Middle,"CLARENDON DOG PARK NORTH OF SERVICE YARD, EAST OF MARINE DRIVE",outdoor,0,ON,Remain,0,2.0,1,0,2.0,,
1002-03-03,295,1002,Clarendon,Clarendon #3 - Dog,"CLARENDON DOG PARK NORTH OF SERVICE YARD, EAST OF MARINE DRIVE",outdoor,0,ON,Remain,0,,0,0,2.0,,
1002-04-01,295,1002,Clarendon,Clarendon #4 - High,NORTHWEST OF PLAYGROUND,outdoor,0,ON,Remain,0,2.0,1,0,2.0,,
1002-04-02,295,1002,Clarendon,Clarendon #4 - Middle,NORTHWEST OF PLAYGROUND,outdoor,0,ON,Remain,0,2.0,1,0,2.0,,
1002-04-03,295,1002,Clarendon,Clarendon #4 - Low,NORTHWEST OF PLAYGROUND,outdoor,0,ON,Remain,0,2.0,1,0,2.0,,
1002-05-01,295,1002,Clarendon,Lobby - High,,indoor,0,ON,Remain,0,2.0,1,1,34.0,,
1002-05-02,295,1002,Clarendon,Lobby - Low,,indoor,0,ON,Remain,0,2.0,1,0,8.0,,
1002-05-BF,295,1002,Clarendon,Lobby - Bottle Filler,,indoor,1,ON,Remain,0,2.0,1,0,2.0,,
1002-06-01,295,1002,Clarendon,2nd Floor - High,,indoor,0,ON,Fix/Replace LSL,0,3.8,1,0,3.8,,
1002-06-BF,295,1002,Clarendon,2nd Floor - Bottle Filler,,indoor,1,ON,Fix/Replace LSL,0,5.2,1,0,5.2,,
1002-07-01,295,1002,Clarendon,Fitness Center - High,,indoor,0,ON,Remain,0,2.0,1,0,2.0,,
1002-07-02,295,1002,Clarendon,Fitness Center - Low,,indoor,0,ON,Remain,0,2.0,1,0,2.0,,
1002-07-BF,295,1002,Clarendon,Fitness Center - Bottle Filler,,indoor,1,ON,Remain,0,2.0,1,1,17.9,,
1002-09-01,295,1002,Clarendon,2nd Foor - Kitchen Sink,,indoor,0,ON,Fix/Replace LSL,0,2.0,1,1,589.0,,
1004-01-01,296,1004,Bradley,Bradley #1,NORTHEAST CORNER OF TENNIS COURTS,outdoor,0,ON,Remain,1,,0,0,,,
1004-02-01,296,1004,Bradley,Bradley #2 - High,"ON YATES, WEST OF FIELDHOUSE",outdoor,0,ON,Remain,1,2.0,1,0,3.7,,
1004-02-02,296,1004,Bradley,Bradley #2 - Low,"ON YATES, WEST OF FIELDHOUSE",outdoor,0,ON,Remain,0,2.0,1,0,2.0,,
1004-02-BF,296,1004,Bradley,Bradley #2 - Bottle Filler,"ON YATES, WEST OF FIELDHOUSE",outdoor,1,ON,Remain,0,2.0,1,0,2.0,,
1004-04-01,296,1004,Bradley,Office Sink,,indoor,0,OFF,Fix/Replace LSL,0,2.0,1,1,124.0,,
1004-05-01,296,1004,Bradley,Clubroom - Bubbler,,indoor,0,ON,Remain,1,2.0,1,1,143.0,,
1004-05-BF,296,1004,Bradley,Clubroom - Bottle Filler,,indoor,1,ON,Remain,0,2.0,1,0,2.0,,
1006-01-01,297,1006,Commercial Club,Commercial Club #1 - High,North side of playground near park entrance,outdoor,0,ON,Remain,0,2.0,1,0,2.0,,
1006-01-02,297,1006,Commercial Club,Commercial Club #1 - Middle,North side of playground near park entrance,outdoor,0,ON,Remain,0,2.0,1,0,2.0,,
1006-01-03,297,1006,Commercial Club,Commercial Club #1 - Low,North side of playground near park entrance,outdoor,0,ON,Remain,0,2.0,1,0,2.0,,
1006-02-01,297,1006,Commercial Club,Lobby,,indoor,0,ON,Remain,0,2.0,1,0,2.0,,
1006-02-BF,297,1006,Commercial Club,Lobby - Bottle Filler,,indoor,1,ON,Remain,0,2.0,1,0,2.0,,
1006-03-01,297,1006,Commercial Club,Kitchen Sink,,indoor,0,ON,Remain,0,3.1,1,0,3.1,,
1008-01-01,298,1008,Hermitage,Hermitage #1 - High,IN PLAYGROUND,outdoor,0,ON,Remain,1,2.0,1,0,5.7,,
1008-01-02,298,1008,Hermitage,Hermitage #1 - Middle,IN PLAYGROUND,outdoor,0,ON,Remain,0,2.0,1,0,2.0,,
1008-01-03,298,1008,Hermitage,Hermitage #1 - Low,IN PLAYGROUND,outdoor,0,ON,Remain,0,2.0,1,0,2.0,,
1008-02-01,298,1008,Hermitage,Hermitage-Club Room,,indoor,0,OFF,Fix/Replace LSL,0,,0,1,48.4,,
1010-02-01,299,1010,Kenwood Community Center,Kenwood Community Center #2,Attached to north side of field house,outdoor,0,CONT,Fix/Replace LSL,0,2.0,1,0,3.4,,
1010-03-01,299,1010,Kenwood Community Center,Kenwood Community Center #3 - High,"On jog path north-center of park, across from spray pool",outdoor,0,ON,Remain,1,2.0,1,0,2.1,,
1010-03-02,299,1010,Kenwood Community Center,Kenwood Community Center #3 - Low,"On jog path north-center of park, across from spray pool",outdoor,0,ON,Remain,0,2.0,1,0,2.0,,
1010-03-BF,299,1010,Kenwood Community Center,Kenwood Community Center #3 - BF,"On jog path north-center of park, across from spray pool",outdoor,1,ON,Remain,0,2.0,1,0,2.0,,
1010-04-01,299,1010,Kenwood Community Center,Kenwood Community Center #4 - High,"Southeast corner of park, near community garden entrance",outdoor,0,CONT,Fix/Replace LSL,0,2.0,1,0,7.4,,
1010-04-02,299,1010,Kenwood Community Center,Kenwood Community Center #4 - Middle,"Southeast corner of park, near community garden entrance",outdoor,0,CONT,Fix/Replace LSL,0,2.0,1,0,8.2,,
1010-04-03,299,1010,Kenwood Community Center,Kenwood Community Center #4 - Low,"Southeast corner of park, near community garden entrance",outdoor,0,CONT,Fix/Replace LSL,0,2.0,1,0,2.0,,
1011-01-01,300,1011,Lawler,Lawler #1 - High,NEAR 63RD AND LEAMINGTON ENTRANCE,outdoor,0,ON,Remain,1,,0,0,,,
1011-01-02,300,1011,Lawler,Lawler #1 - Low,NEAR 63RD AND LEAMINGTON ENTRANCE,outdoor,0,ON,Remain,0,,0,0,,,
1011-02-01,300,1011,Lawler,Lawler #2 - High,PLAYGROUND,outdoor,0,ON,Remain,0,2.0,1,0,2.0,,
1011-02-02,300,1011,Lawler,Lawler #2 - Middle,PLAYGROUND,outdoor,0,ON,Remain,0,,0,0,2.0,,
1011-02-03,300,1011,Lawler,Lawler #2 - Low,PLAYGROUND,outdoor,0,ON,Remain,0,2.0,1,0,2.0,,
1011-03-01,300,1011,Lawler,Club Room,,indoor,0,ON,Fix/Replace LSL,0,3.2,1,0,13.1,,
1011-04-01,300,1011,Lawler,Kitchen Sink,,indoor,0,ON,Fix/Replace LSL,0,6.7,1,0,12.2,,
1012-02-01,301,1012,O'Hallaren,O'Hallaren #2 - High,WEST SIDE OF FIELDHOUSE,outdoor,0,CONT,Fix/Replace LSL,0,2.0,1,0,2.0,,
1012-02-02,301,1012,O'Hallaren,O'Hallaren #2 - Low,WEST SIDE OF FIELDHOUSE,outdoor,0,CONT,Fix/Replace LSL,0,2.0,1,0,2.0,,
1012-03-01,301,1012,O'Hallaren,Kitchen Sink,,indoor,0,ON,Fix/Replace LSL,0,2.0,1,0,2.0,,
1013-02-01,302,1013,Leone Beach,Leone Beach-Near Bathroom,,indoor,0,ON,Fix/Replace LSL,0,6.3,1,0,6.3,,
1014-01-01,303,1014,Sherwood,Sherwood #1 - High,"SPRAY POOL, ON WALL OF FILTER ROOM ",outdoor,0,ON,Remain,0,2.0,1,0,2.0,,
1014-01-02,303,1014,Sherwood,Sherwood #1 - Low,"SPRAY POOL, ON WALL OF FILTER ROOM ",outdoor,0,ON,Remain,0,2.0,1,0,2.0,,
1014-01-BF,303,1014,Sherwood,Sherwood #1 - Bottle Filler,"SPRAY POOL, ON WALL OF FILTER ROOM ",outdoor,1,ON,Remain,0,2.0,1,0,2.0,,
1014-02-01,303,1014,Sherwood,Sherwood #2,ATTACHED TO FOOTWASH/SHOWER AT SPRAYPOOL ENTRANCE,outdoor,0,ON,Remain,0,,0,0,2.0,,
1014-03-01,303,1014,Sherwood,Sherwood #3 - High,"SOUTHWEST OF FIELDHOUSE, ON PATH",outdoor,0,ON,Remain,0,,0,0,2.0,,
1014-03-02,303,1014,Sherwood,Sherwood #3 - Low,"SOUTHWEST OF FIELDHOUSE, ON PATH",outdoor,0,ON,Remain,0,,0,0,2.0,,
1014-04-01,303,1014,Sherwood,Lobby - High,,indoor,0,ON,Fix/Replace LSL,0,2.0,1,0,2.0,,
1014-04-BF,303,1014,Sherwood,Lobby - BF,,indoor,0,ON,Fix/Replace LSL,0,2.0,1,0,2.0,,
1014-05-01,303,1014,Sherwood,Kitchen Sink,,indoor,0,ON,Fix/Replace LSL,0,2.0,1,0,2.0,,
1014-06-01,303,1014,Sherwood,Boys Locker Room,,indoor,0,ON,Remain,0,2.0,1,0,2.0,,
1014-07-01,303,1014,Sherwood,Girls Locker Room,,indoor,0,ON,Fix/Replace LSL,0,6.9,1,0,13.4,,
1015-01-01,304,1015,Smith (Joseph Higgins),Smith #1 - High,Corner of Huron and Campbell,outdoor,0,CONT,Fix/Replace LSL,0,2.0,1,0,3.6,,
1015-01-02,304,1015,Smith (Joseph Higgins),Smith #1 - Middle,Corner of Huron and Campbell,outdoor,0,CONT,Fix/Replace LSL,0,2.4,1,0,3.4,,
1015-01-03,304,1015,Smith (Joseph Higgins),Smith #1 - Low,Corner of Huron and Campbell,outdoor,0,CONT,Fix/Replace LSL,0,2.0,1,0,3.4,,
1015-03-01,304,1015,Smith (Joseph Higgins),Smith #3,Next to southwest diamond,outdoor,0,CONT,Fix/Replace LSL,0,2.0,1,0,2.0,,
1015-04-01,304,1015,Smith (Joseph Higgins),Smith #4 ,Pool deck,outdoor,0,ON,Remain,1,,0,0,2.0,,
1015-04-02,304,1015,Smith (Joseph Higgins),Smith #4 - Low,Pool deck,outdoor,0,REMOVED,Already Removed,0,,0,0,2.0,,
1015-05-01,304,1015,Smith (Joseph Higgins),Smith (Joseph Higgins)-East End,,indoor,0,ON,Remain,0,2.0,1,0,2.0,,
1015-06-01,304,1015,Smith (Joseph Higgins),Smith (Joseph Higgins)-West End,,indoor,0,ON,Remain,0,2.0,1,0,2.0,,
1015-07-01,304,1015,Smith (Joseph Higgins),Smith (Joseph Higgins)-Kitchen Sink,,indoor,0,ON,Remain,0,2.0,1,0,2.0,,
1016-01-01,305,1016,Strohacker,Strohacker #1,"SOUTH OF PLAYGROUND, ON KOLIN",outdoor,0,OFF,Fix/Replace LSL,0,,0,1,30.7,,
1017-02-01,306,1017,Trebes,Trebes #2 - High,"ON RACINE, BEHIND HOME PLATE OF BASEBALL DIAMOND",outdoor,0,ON,Remain,0,2.0,1,0,2.0,,
1017-02-02,306,1017,Trebes,Trebes #2 - Low,"ON RACINE, BEHIND HOME PLATE OF BASEBALL DIAMOND",outdoor,0,ON,Remain,0,2.0,1,0,2.0,,
1017-02-BF,306,1017,Trebes,Trebes #2 - Bottle Filler,"ON RACINE, BEHIND HOME PLATE OF BASEBALL DIAMOND",outdoor,1,ON,Remain,0,2.0,1,0,2.0,,
1018-01-01,307,1018,Wilson Community Center,Hallway Near Restrooms,,indoor,0,ON,Fix/Replace LSL,0,2.0,1,0,4.6,,
1019-01-01,308,1019,Adams (George & Adele),Adams #1,At spray pool,outdoor,0,ON,Remain,0,2.0,1,0,2.0,,
1019-02-01,308,1019,Adams (George & Adele),Adams #2 - High,South of playground,outdoor,0,ON,Remain,1,2.0,1,0,2.0,,
1019-02-02,308,1019,Adams (George & Adele),Adams #2 - Low,South of playground,outdoor,0,ON,Remain,0,2.0,1,0,6.9,,
1019-02-BF,308,1019,Adams (George & Adele),Adams #2 - Bottle Filler,South of playground,outdoor,1,ON,Remain,0,2.0,1,0,2.0,,
1019-03-01,308,1019,Adams (George & Adele),Kitchen Sink,,indoor,0,OFF,Fix/Replace LSL,0,11.3,1,1,21.0,,
1019-04-01,308,1019,Adams (George & Adele),Hallway - Bubbler,,indoor,0,ON,Remain,1,11.6,1,1,17.2,,
1020-01-01,309,1020,Anderson,Anderson (Louis) #1 - High,Middle of playground area,outdoor,0,ON,Remain,1,2.0,1,1,128.0,,
1020-01-02,309,1020,Anderson,Anderson (Louis) #1 - Low,Middle of playground area,outdoor,0,ON,Remain,0,2.0,1,0,2.0,,
1020-01-BF,309,1020,Anderson,Anderson (Louis) #1 - Bottle Filler,Middle of playground area,outdoor,1,ON,Remain,0,2.0,1,0,2.0,,
1020-02-01,309,1020,Anderson,Lobby - High,,indoor,0,ON,Remain,0,2.0,1,0,2.2,,
1020-02-BF,309,1020,Anderson,Lobby - Bottle Filler,,indoor,1,ON,Remain,0,2.0,1,0,2.0,,
1021-01-01,310,1021,Augusta,Augusta #1 - High,West side of playground,outdoor,0,ON,Remain,1,2.0,1,1,15.1,,
1021-01-02,310,1021,Augusta,Augusta #1 - Middle,West side of playground,outdoor,0,ON,Remain,0,2.0,1,0,13.5,,
1021-01-03,310,1021,Augusta,Augusta #1 - Low,West side of playground,outdoor,0,ON,Remain,0,2.0,1,0,2.0,,
1021-02-01,310,1021,Augusta,Lobby,,indoor,0,ON,Remain,1,,0,1,57.6,,
1022-01-01,311,1022,Barrett,Barrett #1,Near Cermak entrance,outdoor,0,CONT,Fix/Replace LSL,0,2.0,1,0,2.0,,
1022-02-01,311,1022,Barrett,Water Cooler,,indoor,0,ON,Remain,0,2.0,1,0,2.0,,
1024-01-01,312,1024,Bosley,Bosley #1 - High,Northwest corner of field house,outdoor,0,ON,Remain,1,,0,0,2.9,,
1024-01-02,312,1024,Bosley,Bosley #1 - Low,Northwest corner of field house,outdoor,0,ON,Remain,0,,0,0,,,
1024-01-BF,312,1024,Bosley,Bosley #1 - Bottle Filler,Northwest corner of field house,outdoor,1,ON,Remain,0,,0,0,,,
1025-01-01,313,1025,Taylor-Lauridsen,Taylor-Lauridsen #1 - High,In playground,outdoor,0,ON,Remain,0,2.0,1,0,2.0,,
1025-01-02,313,1025,Taylor-Lauridsen,Taylor-Lauridsen #1 - Middle,In playground,outdoor,0,ON,Remain,0,2.0,1,0,2.0,,
1025-01-03,313,1025,Taylor-Lauridsen,Taylor-Lauridsen #1 - Low,In playground,outdoor,0,ON,Remain,0,2.0,1,0,2.0,,
1025-03-01,313,1025,Taylor-Lauridsen,Lobby,,indoor,0,ON,Remain,0,,0,0,2.0,,
1025-04-01,313,1025,Taylor-Lauridsen,Fitness Center - High,,indoor,0,ON,Remain,0,2.0,1,0,2.0,,
1025-04-02,313,1025,Taylor-Lauridsen,Fitness Center - Low,,indoor,0,ON,Remain,0,2.0,1,0,2.0,,
1025-05-01,313,1025,Taylor-Lauridsen,Kitchen Sink,,indoor,0,ON,Remain,0,2.0,1,0,2.0,,
1025-06-01,313,1025,Taylor-Lauridsen,Hall - High,,indoor,0,ON,Remain,0,2.0,1,0,2.0,,
1025-06-02,313,1025,Taylor-Lauridsen,Hall - Low,,indoor,0,ON,Remain,0,2.0,1,0,2.0,,
1026-01-01,314,1026,Clark (John),Clark (John) #1,Southeast side of fieldhouse,outdoor,0,CONT,Fix/Replace LSL,0,2.0,1,0,5.4,,
1026-02-01,314,1026,Clark (John),Clark (John) #2,Pool Deck,outdoor,0,CONT,Fix/Replace LSL,0,2.0,1,0,2.0,,
1026-03-01,314,1026,Clark (John),Lobby - High,,indoor,0,ON,Remain,0,2.0,1,0,3.3,,
1026-03-BF,314,1026,Clark (John),Lobby - Bottle Filler,,indoor,1,ON,Remain,0,2.0,1,0,2.0,,
1027-01-01,315,1027,Dean,Dean #1 - High,North of Playground,outdoor,0,ON,Remain,0,,0,0,2.0,,
1027-01-02,315,1027,Dean,Dean #1 - Middle,North of Playground,outdoor,0,ON,Remain,0,,0,0,2.0,,
1027-01-03,315,1027,Dean,Dean #1 - Low,North of Playground,outdoor,0,ON,Remain,0,2.0,1,0,2.0,,
1028-01-01,316,1028,Micek,Micek #1 - High,SOUTH OF PLAYGROUND,outdoor,0,CONT,Fix/Replace LSL,0,2.0,1,0,2.0,,
1028-01-02,316,1028,Micek,Micek #1 - Middle,SOUTH OF PLAYGROUND,outdoor,0,CONT,Fix/Replace LSL,0,2.0,1,0,2.0,,
1028-01-03,316,1028,Micek,Micek #1 - Low,SOUTH OF PLAYGROUND,outdoor,0,CONT,Fix/Replace LSL,0,2.0,1,0,2.0,,
1029-01-01,317,1029,Donovan,Donovan #1,West of fieldhouse,outdoor,0,OFF,Fix/Replace LSL,0,,0,1,15.4,,
1029-02-01,317,1029,Donovan,Club Room,,indoor,0,OFF,Fix/Replace LSL,0,,0,0,5.6,,
1030-01-01,318,1030,Fosco,Fosco #1 - High,"West side of field house, in playlot, at gate to spray feature",outdoor,0,ON,Remain,0,2.0,1,0,2.0,,
1030-01-02,318,1030,Fosco,Fosco #1 - Low,"West side of field house, in playlot, at gate to spray feature",outdoor,0,ON,Remain,0,2.0,1,0,2.0,,
1030-02-01,318,1030,Fosco,Fosco #2 - High,"South of fieldhouse, 30' south of Hastings, 100' east of Lytle",outdoor,0,ON,Remain,0,2.0,1,0,2.0,,
1030-02-02,318,1030,Fosco,Fosco #2 - Low,"South of fieldhouse, 30' south of Hastings, 100' east of Lytle",outdoor,0,ON,Remain,0,2.0,1,0,2.0,,
1030-03-01,318,1030,Fosco,Main Hall - High,,indoor,0,ON,Remain,0,2.0,1,0,2.0,,
1030-03-02,318,1030,Fosco,Main Hall - Low,,indoor,0,ON,Remain,0,2.0,1,0,2.0,,
1030-04-01,318,1030,Fosco,Outside Locker Room,,indoor,0,ON,Remain,0,2.0,1,0,2.0,,
1030-05-01,318,1030,Fosco,Outside Gym Near Pool - High,,indoor,0,ON,Remain,0,2.0,1,0,2.0,,
1030-05-02,318,1030,Fosco,Outside Gym Near Pool - Low,,indoor,0,ON,Remain,0,2.0,1,0,2.0,,
1030-06-01,318,1030,Fosco,Pool Area - High,,indoor,0,ON,Remain,0,2.0,1,0,2.0,,
1030-06-02,318,1030,Fosco,Pool Area - Low,,indoor,0,ON,Remain,0,2.0,1,0,2.0,,
1030-07-01,318,1030,Fosco,Outside Daycare - High,,indoor,0,ON,Remain,0,,0,0,2.0,,
1030-07-02,318,1030,Fosco,Outside Daycare - Low,,indoor,0,ON,Remain,0,,0,0,2.0,,
1030-08-01,318,1030,Fosco,Daycare Entrance - High,,indoor,0,ON,Remain,0,,0,0,2.0,,
1030-08-02,318,1030,Fosco,Daycare Entrance - Low,,indoor,0,ON,Remain,0,,0,0,2.0,,
1030-09-01,318,1030,Fosco,Daycare Sink,,indoor,0,ON,Remain,0,2.0,1,0,2.0,,
1030-10-01,318,1030,Fosco,Daycare Employee Sink,,indoor,0,ON,Remain,0,2.0,1,0,2.0,,
1030-11-01,318,1030,Fosco,Senior Room Sink,,indoor,0,ON,Remain,0,2.0,1,0,2.0,,
1030-12-01,318,1030,Fosco,Warming Kitchen Sink,,indoor,0,ON,Remain,0,2.0,1,0,2.0,,
1031-01-01,319,1031,Gross,Gross #1 - High,At entrance on Lawrence,outdoor,0,CONT,Fix/Replace LSL,0,2.0,1,0,5.7,,
1031-01-02,319,1031,Gross,Gross #1 - Low,At entrance on Lawrence,outdoor,0,CONT,Fix/Replace LSL,0,2.0,1,0,7.9,,
1032-01-01,320,1032,Haas,Haas #1 - High,PLAYGROUND,outdoor,0,ON,Remain,0,2.0,1,0,2.0,,
1032-01-02,320,1032,Haas,Haas #1 - Middle,PLAYGROUND,outdoor,0,ON,Remain,0,2.0,1,0,2.0,,
1032-01-03,320,1032,Haas,Haas #1 - Low,PLAYGROUND,outdoor,0,ON,Remain,0,,0,0,2.0,,
1032-02-01,320,1032,Haas,Outside Gym - High,,indoor,0,ON,Remain,0,2.0,1,0,2.0,,
1032-02-02,320,1032,Haas,Outside Gym - Low,,indoor,0,ON,Remain,0,,0,0,2.0,,
1032-03-01,320,1032,Haas,Kitchen Sink,,indoor,0,ON,Remain,0,2.0,1,0,2.0,,
1032-04-01,320,1032,Haas,Workout Room - High,,indoor,0,ON,Remain,0,2.0,1,0,2.0,,
1032-04-02,320,1032,Haas,Workout Room - Low,,indoor,0,ON,Remain,0,2.0,1,0,2.0,,
1032-05-01,320,1032,Haas,Preschool Kitchen Sink,,indoor,0,ON,Remain,0,2.0,1,0,2.0,,
1033-01-01,321,1033,Harding (George),Harding (George) #1,"Center of park, between playground and courts",outdoor,0,CONT,Fix/Replace LSL,0,2.0,1,0,3.6,,
1036-01-01,322,1036,Hoyne,Hoyne #1 - High,East side of fieldhouse,outdoor,0,ON,Remain,1,2.0,1,0,5.1,,
1036-01-02,322,1036,Hoyne,Hoyne #1 - Low,East side of fieldhouse,outdoor,0,ON,Remain,0,2.0,1,0,2.0,,
1036-01-BF,322,1036,Hoyne,Hoyne #1 - Bottle Filler,East side of fieldhouse,outdoor,1,ON,Remain,0,2.0,1,0,2.0,,
1036-02-01,322,1036,Hoyne,Club Room,,indoor,0,ON,Fix/Replace LSL,0,,1,1,26.4,,
1038-03-01,323,1038,Indian Road,Indian Road #3 - High,On path near playground,outdoor,0,CONT,Fix/Replace LSL,0,2.3,1,1,42.7,,
1038-03-02,323,1038,Indian Road,Indian Road #3 - Middle,On path near playground,outdoor,0,CONT,Fix/Replace LSL,0,2.9,1,1,37.9,,
1038-03-03,323,1038,Indian Road,Indian Road #3 - Low,On path near playground,outdoor,0,CONT,Fix/Replace LSL,0,2.3,1,1,39.5,,
1038-04-01,323,1038,Indian Road,Preschool Room,,indoor,0,OFF,Fix/Replace LSL,0,32.7,1,1,32.7,,
1038-05-01,323,1038,Indian Road,Kitchen Sink,,indoor,0,ON,Fix/Replace LSL,0,3.9,1,0,3.9,,
1039-01-01,324,1039,Kedvale,Kedvale #1 - High,Between basketball court and playground,outdoor,0,ON,Remain,0,,0,0,2.0,,
1039-01-02,324,1039,Kedvale,Kedvale #1 - Middle,Between basketball court and playground,outdoor,0,ON,Remain,0,2.0,1,0,2.0,,
1039-01-03,324,1039,Kedvale,Kedvale #1 - Low,Between basketball court and playground,outdoor,0,ON,Remain,0,2.0,1,0,2.0,,
1039-02-01,324,1039,Kedvale,Lobby,,indoor,0,OFF,Fix/Replace LSL,0,,0,1,81.2,,
1040-01-01,325,1040,Kells,Kells #1,NE corner of park,outdoor,0,ON,Remain,1,,0,0,,,
1042-01-01,326,1042,Ken-Well,Ken-Well #1 - High,East of field house,outdoor,0,ON,Remain,1,2.0,1,0,2.0,,
1042-01-02,326,1042,Ken-Well,Ken-Well #1 - Low,East of field house,outdoor,0,ON,Remain,0,2.0,1,0,2.0,,
1042-01-BF,326,1042,Ken-Well,Ken-Well #1 - Bottle Filler,East of field house,outdoor,1,ON,Remain,0,2.0,1,0,2.0,,
1042-02-01,326,1042,Ken-Well,Club Room - Bubbler,,indoor,0,ON,Remain,1,2.0,1,1,19.5,,
1042-02-BF,326,1042,Ken-Well,Club Room - Bottle Filler,,indoor,1,ON,Remain,0,2.0,1,0,2.0,,
1043-01-01,327,1043,Willye White,Willye White #1 - High,SOUTH OF PLAYGROUND,outdoor,0,ON,Remain,0,2.0,1,0,2.0,,
1043-01-02,327,1043,Willye White,Willye White #1 - Low,SOUTH OF PLAYGROUND,outdoor,0,ON,Remain,0,2.0,1,0,2.0,,
1043-02-01,327,1043,Willye White,Lobby - High,,indoor,0,ON,Remain,0,2.0,1,0,2.0,,
1043-02-02,327,1043,Willye White,Lobby - Low,,indoor,0,ON,Remain,0,2.0,1,0,2.0,,
1043-03-01,327,1043,Willye White,Gym Hallway - West - High,,indoor,0,ON,Remain,0,2.0,1,0,2.0,,
1043-03-02,327,1043,Willye White,Gym Hallway - West - Low,,indoor,0,ON,Remain,0,2.0,1,0,2.0,,
1043-04-01,327,1043,Willye White,Kitchen Sink,,indoor,0,ON,Remain,0,2.0,1,0,2.0,,
1044-01-01,328,1044,Lowe,Lowe #1 - High,SOUTHEAST CORNER OF FIELDHOUSE,outdoor,0,OFF,Remove,0,2.0,1,0,2.0,,
1044-01-02,328,1044,Lowe,Lowe #1 - Middle,SOUTHEAST CORNER OF FIELDHOUSE,outdoor,0,OFF,Remove,0,2.0,1,0,2.0,,
1044-01-03,328,1044,Lowe,Lowe #1 - Low,SOUTHEAST CORNER OF FIELDHOUSE,outdoor,0,OFF,Remove,0,2.0,1,0,2.0,,
1044-02-01,328,1044,Lowe,Lobby - High,,indoor,0,ON,Remain,0,2.0,1,0,2.0,,
1044-02-02,328,1044,Lowe,Lobby - Low,,indoor,0,ON,Remain,0,2.0,1,0,2.0,,
1044-03-01,328,1044,Lowe,Kitchen Sink,,indoor,0,ON,Fix/Replace LSL,0,2.0,1,0,2.3,,
1045-01-01,329,1045,Maplewood,Maplewood #1 - High,PLAYGROUND,outdoor,0,ON,Remain,1,,0,0,2.0,,
1045-01-02,329,1045,Maplewood,Maplewood #1 - Low,PLAYGROUND,outdoor,0,ON,Remain,0,2.0,1,0,2.0,,
1045-01-BF,329,1045,Maplewood,Maplewood #1 - BF,PLAYGROUND,outdoor,1,ON,Remain,0,2.0,1,0,2.0,,
1046-01-01,330,1046,Marshfield,Marshfield #1 - High,SOUTH OF PLAYGROUND,outdoor,0,CONT,Fix/Replace LSL,0,2.0,1,0,2.0,,
1046-01-02,330,1046,Marshfield,Marshfield #1 - Low,SOUTH OF PLAYGROUND,outdoor,0,CONT,Fix/Replace LSL,0,2.0,1,0,14.6,,
1047-01-01,331,1047,Garibaldi,Garibaldi #1,"South of playlot, 40' east of Polk entrance",outdoor,0,CONT,Fix/Replace LSL,0,2.0,1,0,8.9,,
1048-01-01,332,1048,Memorial,Memorial #1 - High,NORTHWEST CORNER OF BASKETBALL COURT,outdoor,0,CONT,Fix/Replace LSL,0,,0,0,2.0,,
1048-01-02,332,1048,Memorial,Memorial #1 - Low,NORTHWEST CORNER OF BASKETBALL COURT,outdoor,0,CONT,Fix/Replace LSL,0,2.0,1,0,2.0,,
1049-01-01,333,1049,Meyering,Meyering #1,SPRAYPOOL,outdoor,0,ON,Remain,0,,0,0,,,
1049-02-01,333,1049,Meyering,Meyering #2 - High,NORTHWEST OF FIELDHOUSE ON PATH,outdoor,0,CONT,Fix/Replace LSL,0,2.0,1,0,2.0,,
1049-02-02,333,1049,Meyering,Meyering #2 - Low,NORTHWEST OF FIELDHOUSE ON PATH,outdoor,0,CONT,Fix/Replace LSL,0,2.0,1,0,2.0,,
1049-03-01,333,1049,Meyering,Near Entrance,,indoor,0,OFF,Fix/Replace LSL,0,,0,1,31.5,,
1050-01-01,334,1050,Moore,Moore #1 - High,North end of Park next to Playground,outdoor,0,ON,Remain,0,2.0,1,0,2.0,,
1050-01-02,334,1050,Moore,Moore #1 - Middle,North end of Park next to Playground,outdoor,0,ON,Remain,0,2.0,1,0,2.0,,
1050-01-03,334,1050,Moore,Moore #1 - Low,North end of Park next to Playground,outdoor,0,ON,Remain,0,2.0,1,0,2.0,,
1050-02-01,334,1050,Moore,Lobby - High,,indoor,0,ON,Remain,0,2.0,1,0,2.0,,
1050-02-02,334,1050,Moore,Lobby - BF,,indoor,0,ON,Remain,0,2.0,1,0,2.0,,
1051-02-01,335,1051,Moran,Moran #2,EAST OF FIELDHOUSE,outdoor,0,CONT,Fix/Replace LSL,0,2.9,1,0,2.9,,
1051-04-01,335,1051,Moran,Club Room,,indoor,0,ON,Fix/Replace LSL,0,2.3,1,0,14.8,,
1052-01-01,336,1052,Munroe,Munroe #1 - High,BETWEEN PLAYGROUND AND FIELDHOUSE,outdoor,0,CONT,Fix/Replace LSL,0,2.0,1,0,2.0,,
1052-01-02,336,1052,Munroe,Munroe #1 - Middle,BETWEEN PLAYGROUND AND FIELDHOUSE,outdoor,0,CONT,Fix/Replace LSL,0,2.0,1,0,2.0,,
1052-01-03,336,1052,Munroe,Munroe #1 - Low,BETWEEN PLAYGROUND AND FIELDHOUSE,outdoor,0,CONT,Fix/Replace LSL,0,2.0,1,0,2.0,,
1052-02-01,336,1052,Munroe,Munroe #2,SOUTH END OF PARK ON 106TH,outdoor,0,CONT,Fix/Replace LSL,0,2.0,1,0,2.0,,
1052-03-01,336,1052,Munroe,Club Room,,indoor,0,ON,Fix/Replace LSL,0,,0,0,14.3,,
1054-01-01,337,1054,Normandy,Normandy #1 - High,THIRD BASELINE OF BASEBALL DIAMOND,outdoor,0,ON,Remain,1,2.0,1,0,2.0,,
1054-01-02,337,1054,Normandy,Normandy #1 - Low,THIRD BASELINE OF BASEBALL DIAMOND,outdoor,0,ON,Remain,0,2.0,1,0,2.0,,
1054-01-BF,337,1054,Normandy,Normandy #1 - BF,THIRD BASELINE OF BASEBALL DIAMOND,outdoor,1,ON,Remain,0,2.0,1,0,2.0,,
1054-02-01,337,1054,Normandy,Normandy #2 - High,NORTH OF FIELDHOUSE,outdoor,0,ON,Remain,1,2.0,1,1,20.6,,
1054-02-02,337,1054,Normandy,Normandy #2 - Middle,NORTH OF FIELDHOUSE,outdoor,0,ON,Remain,0,2.0,1,1,19.0,,
1054-02-03,337,1054,Normandy,Normandy #2 - Low,NORTH OF FIELDHOUSE,outdoor,0,ON,Remain,0,2.0,1,1,18.4,,
1054-03-01,337,1054,Normandy,Club Room - Bubbler,,indoor,0,ON,Remain,0,2.0,1,1,15.1,,
1054-03-BF,337,1054,Normandy,Club Room - Bottle Filler,,indoor,1,ON,Remain,1,3.1,1,1,24.0,,
1055-01-01,338,1055,Little Venice,Little Venice #1,Northeast corner of park,outdoor,0,CONT,Fix/Replace LSL,0,2.0,1,1,18.2,,
1057-01-01,339,1057,Paschen,Paschen #1,WEST OF PLAYGROUND,outdoor,0,CONT,Fix/Replace LSL,0,5.7,1,1,77.3,,
1060-01-01,340,1060,McKiernan,McKiernan #1,WEST OF PLAYGROUND,outdoor,0,OFF,Fix/Replace LSL,0,,0,1,45.0,,
1060-02-01,340,1060,McKiernan,Club Room - High,,indoor,0,ON,Fix/Replace LSL,0,6.6,1,0,7.6,,
1060-02-02,340,1060,McKiernan,Club Room - Low,,indoor,0,ON,Fix/Replace LSL,0,6.5,1,0,7.9,,
1061-01-01,341,1061,Schreiber,Schreiber #1 - High,SOUTH OF PLAYGROUND,outdoor,0,ON,Remain,1,2.0,1,0,2.0,,
1061-01-02,341,1061,Schreiber,Schreiber #1 - Middle,SOUTH OF PLAYGROUND,outdoor,0,ON,Remain,0,2.0,1,0,2.0,,
1061-01-03,341,1061,Schreiber,Schreiber #1 - Low,SOUTH OF PLAYGROUND,outdoor,0,ON,Remain,0,2.0,1,0,2.0,,
1061-02-01,341,1061,Schreiber,Schreiber #2 - High,IN COMMUNITY GARDEN,outdoor,0,ON,Remain,0,2.0,1,0,2.0,,
1061-02-02,341,1061,Schreiber,Schreiber #2 - Low,IN COMMUNITY GARDEN,outdoor,0,ON,Remain,0,2.0,1,0,2.0,,
1061-03-01,341,1061,Schreiber,Kitchen Sink,,indoor,0,ON,Remain,0,2.0,1,0,2.0,,
1062-01-01,342,1062,Kucinski-Murphy,Kucinski-Murphy #1,North entrance of park on 33rd,outdoor,0,ON,Remain,1,,0,0,,,
1064-01-01,343,1064,Tilton,Tilton #1,West of fieldhouse near basketball court,outdoor,0,ON,Remain,0,2.0,1,0,2.0,,
1067-01-01,344,1067,Veterans' Memorial,Veterans' Memorial #1 - High,NORTH SIDE OF PLAYGROUND,outdoor,0,CONT,Fix/Replace LSL,0,2.0,1,0,2.0,,
1067-01-02,344,1067,Veterans' Memorial,Veterans' Memorial #1 - Middle,NORTH SIDE OF PLAYGROUND,outdoor,0,CONT,Fix/Replace LSL,0,2.0,1,0,2.0,,
1067-01-03,344,1067,Veterans' Memorial,Veterans' Memorial #1 - Low,NORTH SIDE OF PLAYGROUND,outdoor,0,CONT,Fix/Replace LSL,0,2.0,1,0,2.0,,
1067-02-01,344,1067,Veterans' Memorial,Club Room,,indoor,0,OFF,Fix/Replace LSL,0,,0,1,22.2,,
1070-01-01,345,1070,Washtenaw,Washtenaw #1 - High,Between playground and field house,outdoor,0,CONT,Fix/Replace LSL,0,2.0,1,0,3.1,,
1070-01-02,345,1070,Washtenaw,Washtenaw #1 - Middle,Between playground and field house,outdoor,0,CONT,Fix/Replace LSL,0,2.0,1,0,3.2,,
1070-01-03,345,1070,Washtenaw,Washtenaw #1 - Low,Between playground and field house,outdoor,0,CONT,Fix/Replace LSL,0,2.0,1,0,2.0,,
1071-01-01,346,1071,Wilson (John),Wilson (John) #1 - High,Northwest corner of fieldhouse,outdoor,0,OFF,Fix/Replace LSL,1,,0,1,39.2,,
1071-01-02,346,1071,Wilson (John),Wilson (John) #1 - Low,Northwest corner of fieldhouse,outdoor,0,OFF,Fix/Replace LSL,0,,0,1,30.4,,
1071-02-01,346,1071,Wilson (John),Fieldhouse Fountain,,indoor,0,ON,Remain,0,2.0,1,0,2.0,,
1072-01-01,347,1072,Wolfe,Wolfe #1,SOUTH SIDE OF FIELDHOUSE,outdoor,0,ON,Remain,0,2.0,1,0,2.0,,
1072-02-01,347,1072,Wolfe,Main Lobby,,indoor,0,OFF,Fix/Replace LSL,0,,0,1,106.0,,
1073-01-01,348,1073,Woodhull,Woodhull #1 - High,WEST SIDE OF FIELDHOUSE,outdoor,0,CONT,Fix/Replace LSL,0,,0,0,2.0,,
1073-01-02,348,1073,Woodhull,Woodhull #1 - Middle,WEST SIDE OF FIELDHOUSE,outdoor,0,CONT,Fix/Replace LSL,0,2.0,1,0,2.0,,
1073-01-03,348,1073,Woodhull,Woodhull #1 - Low,WEST SIDE OF FIELDHOUSE,outdoor,0,CONT,Fix/Replace LSL,0,2.0,1,0,2.0,,
1073-02-01,348,1073,Woodhull,South Clubroom - High,,indoor,0,ON,Remain,0,2.0,1,0,2.0,,
1073-02-02,348,1073,Woodhull,South Clubroom - Low,,indoor,0,ON,Remain,0,2.0,1,0,2.0,,
1073-03-01,348,1073,Woodhull,Kitchen Sink,,indoor,0,ON,Remain,0,2.0,1,0,2.0,,
1073-04-01,348,1073,Woodhull,North Clubroom - High,,indoor,0,ON,Remain,0,2.0,1,0,2.0,,
1074-01-01,349,1074,Wrightwood,Wrightwood #1 - High,EAST SIDE OF FIELDHOUSE,outdoor,0,CONT,Fix/Replace LSL,0,2.0,1,0,2.0,,
1074-01-02,349,1074,Wrightwood,Wrightwood #1 - Middle,EAST SIDE OF FIELDHOUSE,outdoor,0,CONT,Fix/Replace LSL,0,2.0,1,0,2.0,,
1074-01-03,349,1074,Wrightwood,Wrightwood #1 - Low,EAST SIDE OF FIELDHOUSE,outdoor,0,CONT,Fix/Replace LSL,0,2.0,1,0,2.0,,
1074-02-01,349,1074,Wrightwood,Wrightwood #2,ON POOL DECK ON COMFORT STATION WALL,outdoor,0,CONT,Fix/Replace LSL,0,2.0,1,0,2.0,,
1079-01-01,350,1079,Krause,Krause #1 - High,AT ENTRANCE ON 106TH,outdoor,0,ON,Remain,1,2.0,1,0,2.0,,
1079-01-02,350,1079,Krause,Krause #1 - Middle,AT ENTRANCE ON 106TH,outdoor,0,ON,Remain,0,2.0,1,0,2.0,,
1079-01-03,350,1079,Krause,Krause #1 - Low,AT ENTRANCE ON 106TH,outdoor,0,ON,Remain,0,2.0,1,0,2.0,,
1083-01-01,351,1083,Bixler,Bixler #1 ,INSIDE PLAYGROUND FENCE,outdoor,0,ON,Remain,0,2.0,1,0,2.0,,
1083-02-01,351,1083,Bixler,Bixler #2,SOUTH OF PLAYGROUND FENCE,outdoor,0,ON,Remain,0,2.0,1,0,2.0,,
1084-01-01,352,1084,Buena Circle,Buena Circle #1 - High,Center of park,outdoor,0,CONT,Fix/Replace LSL,0,,0,0,,,
1084-01-02,352,1084,Buena Circle,Buena Circle #1 - Low,Center of park,outdoor,0,CONT,FIX/Replace LSL,0,,0,0,,,
1092-01-01,353,1092,Davis,Davis #1,Inside park entrance,outdoor,0,ON,Fix/Replace LSL,0,2.0,1,0,9.8,,
1098-01-01,354,1098,Emerald,Emerald #1,AT ENTRANCE,outdoor,0,OFF,Remove,0,,0,0,,,
1100-01-01,355,1100,Fellger,Fellger #1 - High,NEAR ENTRANCE ON DAMEN,outdoor,0,ON,Remain,0,2.0,1,0,2.0,,
1100-01-02,355,1100,Fellger,Fellger #1 - Low,NEAR ENTRANCE ON DAMEN,outdoor,0,ON,Remain,0,2.0,1,0,2.0,,
1106-01-01,356,1106,Harding (Frederick),Harding (Frederick) #1,Near playground by Harding entrance,outdoor,0,ON,Remain,0,2.0,1,0,2.0,,
1107-01-01,357,1107,Zatterberg,Zatterberg #1 - High,AT ENTRANCE ON HERMITAGE,outdoor,0,CONT,Fix/Replace LSL,0,2.0,1,0,2.0,,
1107-01-02,357,1107,Zatterberg,Zatterberg #1 - Low,AT ENTRANCE ON HERMITAGE,outdoor,0,CONT,Fix/Replace LSL,0,2.0,1,0,2.0,,
1111-01-01,358,1111,Hansberry,Hansberry #1 - High,AT ENTRANCE ON INDIANA,outdoor,0,ON,Remain,1,,0,0,2.0,,
1111-01-02,358,1111,Hansberry,Hansberry #1 - Low,AT ENTRANCE ON INDIANA,outdoor,0,ON,Remain,0,,0,0,2.0,,
1113-01-01,359,1113,Jefferson (Thomas),Jefferson (Thomas) #1 - High,Outside northwest corner of playground,outdoor,0,ON,Remain,0,2.0,1,0,2.0,,
1113-01-02,359,1113,Jefferson (Thomas),Jefferson (Thomas) #1 - Middle,Outside northwest corner of playground,outdoor,0,ON,Remain,0,2.0,1,0,2.0,,
1113-01-03,359,1113,Jefferson (Thomas),Jefferson (Thomas) #1 - Low,Outside northwest corner of playground,outdoor,0,ON,Remain,0,2.0,1,0,2.0,,
1118-01-01,360,1118,Langley,Langley #1 - High,MIDDLE OF TRACK ON LANELY,outdoor,0,CONT,Fix/Replace LSL,0,,0,0,2.0,,
1118-01-02,360,1118,Langley,Langley #1 - Low,MIDDLE OF TRACK ON LANELY,outdoor,0,CONT,Fix/Replace LSL,0,2.0,1,0,2.0,,
1118-02-01,360,1118,Langley,Langley #2 - High,PLAYGROUND,outdoor,0,CONT,Fix/Replace LSL,0,2.0,1,0,2.3,,
1118-02-02,360,1118,Langley,Langley #2 - Middle,PLAYGROUND,outdoor,0,CONT,Fix/Replace LSL,0,2.0,1,0,2.0,,
1118-02-03,360,1118,Langley,Langley #2 - Low,PLAYGROUND,outdoor,0,CONT,Fix/Replace LSL,0,2.5,1,0,2.5,,
1122-02-01,361,1122,Luella,Luella #2 - High,"WEST PATH, MIDDLE OF PARK",outdoor,0,CONT,Fix/Replace LSL,0,2.0,1,0,3.8,,
1122-02-02,361,1122,Luella,Luella #2 - Low,"WEST PATH, MIDDLE OF PARK",outdoor,0,CONT,Fix/Replace LSL,0,2.0,1,0,4.1,,
1123-01-01,362,1123,Lunt,Lunt #1,At park entrance on Lunt,outdoor,0,CONT,Fix/Replace LSL,0,2.0,1,0,2.0,,
1124-01-01,363,1124,Merryman,Merryman #1 - High,AT ENTRANCE,outdoor,0,CONT,Fix/Replace LSL,0,2.0,1,0,2.0,,
1124-01-02,363,1124,Merryman,Merryman #1 - Middle,AT ENTRANCE,outdoor,0,CONT,Fix/Replace LSL,0,,0,0,2.0,,
1124-01-03,363,1124,Merryman,Merryman #1 - Low,AT ENTRANCE,outdoor,0,CONT,Fix/Replace LSL,0,2.0,1,0,2.0,,
1126-01-01,364,1126,Merrill,Merrill #1,"NORTHEAT OF BASKETBALL COURTS, ON PATH",outdoor,0,CONT,Fix/Replace LSL,0,2.0,1,0,2.0,,
1130-01-01,365,1130,Monticello,Monticello #1,Southwest corner of park on Monticello,outdoor,0,ON,Remain,0,2.0,1,0,2.0,,
1132-01-01,366,1132,Morgan Field,Morgan Field #1,NORTH OF PLAYGROUND,outdoor,0,OFF,Fix/Replace LSL,0,,0,1,2340.0,,
1135-01-01,367,1135,Weisman,Weisman #1 - High,NORTH SIDE OF PARK,outdoor,0,ON,Remain,0,2.0,1,0,2.0,,
1135-01-02,367,1135,Weisman,Weisman #1 - Middle,NORTH SIDE OF PARK,outdoor,0,ON,Remain,0,2.0,1,0,2.0,,
1135-01-03,367,1135,Weisman,Weisman #1 - Low,NORTH SIDE OF PARK,outdoor,0,ON,Remain,0,2.0,1,0,2.0,,
1138-01-01,368,1138,Ohio & Harding,Ohio & Harding #1 - High,"On Harding, north of basketball court",outdoor,0,CONT,Fix/Replace LSL,0,2.0,1,0,2.0,,
1138-01-02,368,1138,Ohio & Harding,Ohio & Harding #1 - Low,"On Harding, north of basketball court",outdoor,0,CONT,Fix/Replace LSL,0,2.0,1,0,2.0,,
1139-01-01,369,1139,Ohio,Ohio #1 - High,"Southeast corner of park, near eastern entrance on Ohio",outdoor,0,ON,Remain,0,2.2,1,0,2.2,,
1139-01-02,369,1139,Ohio,Ohio #1 - Middle,"Southeast corner of park, near eastern entrance on Ohio",outdoor,0,ON,Remain,0,,0,0,2.0,,
1139-01-03,369,1139,Ohio,Ohio #1 - Low,"Southeast corner of park, near eastern entrance on Ohio",outdoor,0,ON,Remain,0,,0,0,2.0,,
1141-01-01,370,1141,Brynford,Brynford #1 - High,At entrance on Pulaski,outdoor,0,CONT,Fix/Replace LSL,0,2.0,1,0,2.0,,
1141-01-02,370,1141,Brynford,Brynford #1 - Low,At entrance on Pulaski,outdoor,0,CONT,Fix/Replace LSL,0,2.0,1,0,2.0,,
1150-01-01,371,1150,Superior,Superior #1 - High,Near park entrance on Hoyne,outdoor,0,CONT,Fix/Replace LSL,0,2.0,1,0,2.0,,
1150-01-02,371,1150,Superior,Superior #1 - Low,Near park entrance on Hoyne,outdoor,0,CONT,Fix/Replace LSL,0,2.0,1,0,2.0,,
1154-01-01,372,1154,Till-Mobley,Till-Mobley #1 - High,EAST OF BASKETBALL COURT,outdoor,0,ON,Remain,1,2.0,1,1,52.0,,
1154-01-02,372,1154,Till-Mobley,Till-Mobley #1 - Low,EAST OF BASKETBALL COURT,outdoor,0,ON,Remain,0,2.0,1,0,2.0,,
1154-01-BF,372,1154,Till-Mobley,Till-Mobley #1 - Bottle Filler,EAST OF BASKETBALL COURT,outdoor,1,ON,Remain,0,2.0,1,0,2.0,,
1155-01-01,373,1155,Sintic,Sintic #1 - High,Inside playlot at north entrance,outdoor,0,ON,Remain,1,2.0,1,0,2.0,,
1155-01-02,373,1155,Sintic,Sintic #1 - Low,Inside playlot at north entrance,outdoor,0,ON,Remain,0,2.0,1,0,2.0,,
1155-01-BF,373,1155,Sintic,Sintic #1 - Bottle Filler,Inside playlot at north entrance,outdoor,1,ON,Remain,0,2.0,1,0,2.0,,
1159-01-01,374,1159,Throop,Throop #1,Inside northern entrance on Throop,outdoor,0,CONT,Fix/Replace LSL,0,,0,0,,,
1161-01-01,375,1161,Algonquin,Algonquin #1 - High,Northwest Corner on Washtenaw,outdoor,0,ON,Fix/Replace LSL,0,2.0,1,0,3.8,,
1161-01-02,375,1161,Algonquin,Algonquin #1 - Middle,Northwest Corner on Washtenaw,outdoor,0,ON,Fix/Replace LSL,0,2.0,1,0,3.1,,
1161-01-03,375,1161,Algonquin,Algonquin #1 - Low,Northwest Corner on Washtenaw,outdoor,0,ON,Fix/Replace LSL,0,2.0,1,0,2.9,,
1164-01-01,376,1164,Mason,Mason #1,On path closest to south west entrance,outdoor,0,ON,Remain,0,2.0,1,0,2.0,,
1164-02-01,376,1164,Mason,Mason #2,"Near playground, North east corner",outdoor,0,ON,Remain,0,2.0,1,0,2.0,,
1201-01-01,377,1201,Arcade,Arcade #1,"SOUTHWEST CORNER, ON FORRESTVILLE",outdoor,0,CONT,Fix/Replace LSL,0,2.0,1,0,10.4,,
1204-01-01,378,1204,Austin,Austin #1 - High,(Loc. Needed),outdoor,0,CONT,Remain,0,,0,0,2.0,,
1204-01-02,378,1204,Austin,Austin #1 - Low,(Loc. Needed),outdoor,0,CONT,Remain,0,,0,0,2.0,,
1204-02-02,378,1204,Austin,Austin #2 ,(Loc. Needed),outdoor,0,OFF,Remove,0,,0,0,2.0,,
1205-02-01,379,1205,Barnard,Barnard #2 - High,PLAYGROUND,outdoor,0,CONT,Fix/Replace LSL,0,2.0,1,0,3.7,,
1205-02-02,379,1205,Barnard,Barnard #2 - Low,PLAYGROUND,outdoor,0,CONT,Fix/Replace LSL,0,2.0,1,0,3.8,,
1210-01-01,380,1210,Dixon,Dixon #1 - High,NORTH OF 88TH,outdoor,0,ON,Remain,1,2.0,1,0,3.6,,
1210-01-02,380,1210,Dixon,Dixon #1 - Low,NORTH OF 88TH,outdoor,0,ON,Remain,0,2.0,1,0,3.6,,
1210-01-BF,380,1210,Dixon,Dixon #1 - Bottle Filler,NORTH OF 88TH,outdoor,1,ON,Remain,0,2.0,1,0,2.0,,
1211-01-01,381,1211,Dickinson,Dickinson #1 - High,North side of playground,outdoor,0,ON,Remain,1,,0,0,2.0,,
1211-01-03,381,1211,Dickinson,Dickinson #1 - Low,North side of playground,outdoor,0,ON,Remain,0,,0,0,2.0,,
1211-01-BF,381,1211,Dickinson,Dickinson #1 - Bottle Filler,North side of playground,outdoor,1,ON,Remain,0,,0,0,2.0,,
1213-01-01,382,1213,Ellis,Ellis #1,"Behind church, north end of park",outdoor,0,OFF,Fix/Replace LSL,0,,0,1,190.0,,
1213-03-01,382,1213,Ellis,Ellis-Outside Gym-High,,indoor,0,ON,Remain,0,2.0,1,0,2.0,,
1213-03-02,382,1213,Ellis,Ellis-Outside Gym-Low,,indoor,0,ON,Remain,0,2.0,1,0,2.0,,
1213-03-BF,382,1213,Ellis,Ellis-Outside Gym-Bottle Filler,,indoor,1,ON,Remain,0,2.0,1,0,2.0,,
1213-04-01,382,1213,Ellis,Ellis-Fitness Center-High,,indoor,0,ON,Remain,0,2.0,1,0,2.0,,
1213-04-02,382,1213,Ellis,Ellis-Fitness Center-Low,,indoor,0,ON,Remain,0,2.0,1,0,2.0,,
1213-04-BF,382,1213,Ellis,Ellis-Fitness Center-Bottle Filler,,indoor,1,ON,Remain,0,2.0,1,0,2.0,,
1213-05-01,382,1213,Ellis,Ellis-Pool Deck-High,,indoor,0,ON,Remain,0,2.0,1,0,2.0,,
1213-05-02,382,1213,Ellis,Ellis-Pool Deck-Low,,indoor,0,ON,Remain,0,2.0,1,0,2.0,,
1213-05-BF,382,1213,Ellis,Ellis-Pool Deck-Bottler Filler,,indoor,0,ON,Remain,0,2.0,1,0,2.0,,
1213-06-01,382,1213,Ellis,Ellis-1st Floor-Kitchen Sink,,indoor,0,ON,Remain,0,2.0,1,0,2.0,,
1213-07-01,382,1213,Ellis,Ellis-2nd Floor-Kitchen Sink,,indoor,0,ON,Remain,0,2.0,1,0,2.0,,
1219-01-01,383,1219,Mellin,Mellin #1 - High,At park entrance on Ashland,outdoor,0,CONT,Fix/Replace LSL,0,2.0,1,0,2.0,,
1219-01-02,383,1219,Mellin,Mellin #1 - Middle,At park entrance on Ashland,outdoor,0,CONT,Fix/Replace LSL,0,2.0,1,0,2.0,,
1219-01-03,383,1219,Mellin,Mellin #1 - Low,At park entrance on Ashland,outdoor,0,CONT,Fix/Replace LSL,0,2.0,1,0,2.0,,
1220-01-01,384,1220,Levin,Levin #1,"Center of park, where playground path and baseball diamond path converge",outdoor,0,CONT,Fix/Replace LSL,0,2.0,1,0,2.0,,
1224-01-01,385,1224,Jane Addams Meml.,Jane Addams Meml. #1,By Ramp to Flyover,outdoor,0,ON,Fix/Replace LSL,0,,0,0,,,
1225-01-01,386,1225,Harris Meml.,Harris Meml. #1 - High,AT PLAYGROUND,outdoor,0,CONT,Remain,0,2.0,1,0,2.0,,
1225-01-02,386,1225,Harris Meml.,Harris Meml. #1 - Low,AT PLAYGROUND,outdoor,0,CONT,Remain,0,2.0,1,0,2.0,,
1242-01-01,387,1242,Seneca,Seneca #1 - High,Center of park,outdoor,0,ON,Remain,0,2.0,1,0,2.0,,
1242-01-02,387,1242,Seneca,Seneca #1 - Low,Center of park,outdoor,0,ON,Remain,0,,0,0,2.0,,
1244-01-01,388,1244,Washington Square,Washington Square #1 - High,"Center of park, east of fountain",outdoor,0,ON,Remain,0,2.0,1,0,2.0,,
1244-01-02,388,1244,Washington Square,Washington Square #1 - Low,"Center of park, east of fountain",outdoor,0,ON,Remain,0,2.0,1,0,2.0,,
1248-01-01,389,1248,Hartigan Beach,Hartigan Beach #1 - High,"SOUTH OF ALBION, NORTHEAST OF PLAYGROUND",outdoor,0,CONT,Fix/Replace LSL,0,2.0,1,0,2.0,,
1248-01-02,389,1248,Hartigan Beach,Hartigan Beach #1 - Low,"SOUTH OF ALBION, NORTHEAST OF PLAYGROUND",outdoor,0,CONT,Fix/Replace LSL,0,2.0,1,0,2.0,,
1248-02-01,389,1248,Hartigan Beach,Hartigan Beach #2 - High,"NORTH OF ALBION, ON PATH",outdoor,0,ON,Remain,0,2.0,1,0,2.0,,
1248-02-02,389,1248,Hartigan Beach,Hartigan Beach #2 - Low,"NORTH OF ALBION, ON PATH",outdoor,0,ON,Remain,0,2.0,1,0,2.0,,
1255-01-01,390,1255,Berger,Berger #1 - High,NORTHEAST CORNER OF CULTURAL CENTER,outdoor,0,ON,Remain,0,2.0,1,0,2.0,,
1255-01-02,390,1255,Berger,Berger #1 - Middle,NORTHEAST CORNER OF CULTURAL CENTER,outdoor,0,ON,Remain,0,2.0,1,0,2.0,,
1255-01-03,390,1255,Berger,Berger #1 - Low,NORTHEAST CORNER OF CULTURAL CENTER,outdoor,0,ON,Remain,0,2.0,1,0,2.0,,
1255-02-01,390,1255,Berger,Berger-Cultural Center Annex-Basement Hallway,,indoor,0,OFF,Fix/Replace LSL,0,,0,1,73.6,,
1255-03-01,390,1255,Berger,Main Building - 1st Floor - Kitchen Sink,,indoor,0,ON,Remain,0,2.0,1,0,2.0,,
1255-04-01,390,1255,Berger,North Mansion - Kitchen Sink,,indoor,0,ON,Fix/Replace LSL,0,2.0,1,0,3.4,,
1257-01-01,391,1257,Griffin,Griffin #1,SOUTH OF JARVIS PARKING LOT,outdoor,0,OFF,Fix/Replace LSL,0,,0,1,113.0,,
1258-01-01,392,1258,Juneway Beach,Juneway Beach #1,AT SHERIDAN AND EASTLAKE,outdoor,0,CONT,Fix/Replace LSL,0,2.4,1,0,12.9,,
1262-01-01,393,1262,Rogers Beach,Rogers Beach #1 - High,NORTHWEST CORNER OF TENNIS COURTS,outdoor,0,CONT,Fix/Replace LSL,0,2.0,1,1,99.7,,
1262-01-02,393,1262,Rogers Beach,Rogers Beach #1 - Low,NORTHWEST CORNER OF TENNIS COURTS,outdoor,0,CONT,Fix/Replace LSL,0,2.0,1,1,330.0,,
1265-01-01,394,1265,Lane Beach,Lane Beach #1 - High,AT THORNDALE ENTRANCE,outdoor,0,CONT,Fix/Replace LSL,0,,0,0,8.1,,
1265-01-02,394,1265,Lane Beach,Lane Beach #1 - Middle,AT THORNDALE ENTRANCE,outdoor,0,CONT,Fix/Replace LSL,0,,0,0,7.1,,
1265-01-03,394,1265,Lane Beach,Lane Beach #1 - Low,AT THORNDALE ENTRANCE,outdoor,0,CONT,Fix/Replace LSL,0,,0,0,7.1,,
1268-01-01,395,1268,Midway Plaisance,Midway Plaisance #1,"NORTH SIDE, AT ABOUT 900 EAST",outdoor,0,ON,CONT,1,3.3,1,0,3.3,,
1268-02-01,395,1268,Midway Plaisance,Midway Plaisance #2,"NORTH SIDE, ACROSS FROM ICE RINK",outdoor,0,CONT,Fix/Replace LSL,0,2.0,1,0,2.0,,
1268-04-01,395,1268,Midway Plaisance,Midway Plaisance #4,"SOUTH SIDE, WEST OF INGLESIDE",outdoor,0,CONT,Fix/Replace LSL,0,,0,0,2.0,,
1268-06-01,395,1268,Midway Plaisance,Midway Plaisance #6,"SOUTH SIDE, EAST OF KIMBARK",outdoor,0,CONT,Fix/Replace LSL,0,2.5,1,0,12.9,,
1268-07-01,395,1268,Midway Plaisance,Midway Plaisance-Kitchen Sink,,indoor,0,ON,Remain,0,2.0,1,0,2.0,,
1268-08-01,395,1268,Midway Plaisance,Prep - Kitchen Sink,,indoor,0,OFF,Fix/Replace LSL,0,,0,0,10.4,,
1268-09-01,395,1268,Midway Plaisance,Fountain,,indoor,0,ON,Remain,0,2.0,1,0,2.0,,
1269-01-01,396,1269,Petrillo Band Shell,Bottom of Stairs,,indoor,0,OFF,Fix/Replace LSL,0,15.1,1,1,15.1,,
1269-02-01,396,1269,Petrillo Band Shell,Small Kitchen Sink,,indoor,0,ON,Fix/Replace LSL,0,8.8,1,0,8.8,,
1269-03-01,396,1269,Petrillo Band Shell,Kitchen Fountain,,indoor,0,OFF,Fix/Replace LSL,0,26.9,1,1,26.9,,
1270-02-01,397,1270,Jonquil,Jonquil #2 - High,PLAYGROUND,outdoor,0,ON,Remain,0,2.0,1,0,2.0,,
1270-02-02,397,1270,Jonquil,Jonquil #2 - Middle,PLAYGROUND,outdoor,0,ON,Remain,0,2.0,1,0,2.0,,
1270-02-03,397,1270,Jonquil,Jonquil #2 - Low,PLAYGROUND,outdoor,0,ON,Remain,0,,0,0,2.0,,
1272-01-01,398,1272,Butternut,Butternut #1 - High,BETWEEN TWO PLAY AREAS,outdoor,0,ON,Remain,1,2.0,1,0,2.0,,
1272-01-02,398,1272,Butternut,Butternut #1 - Low,BETWEEN TWO PLAY AREAS,outdoor,0,ON,Remain,0,2.0,1,0,2.0,,
1273-01-01,399,1273,Sumac,Sumac #1 - High,Located at north entrance on 42nd Street,outdoor,0,ON,Remain,1,2.0,1,0,2.0,,
1273-01-02,399,1273,Sumac,Sumac #1 - Middle,Located at north entrance on 42nd Street,outdoor,0,ON,Remain,0,2.0,1,0,2.0,,
1273-01-03,399,1273,Sumac,Sumac #1 - Low,Located at north entrance on 42nd Street,outdoor,0,ON,Remain,0,2.0,1,0,2.0,,
1273-02-01,399,1273,Sumac,Sumac #2 - High,North Side of Walking Path,outdoor,0,ON,Remain,0,2.0,1,0,2.0,,
1273-02-02,399,1273,Sumac,Sumac #2 - Low,North Side of Walking Path,outdoor,0,ON,Remain,0,2.0,1,0,2.0,,
1273-02-BF,399,1273,Sumac,Sumac #2 - Bottle Filler,North Side of Walking Path,outdoor,1,ON,Remain,0,2.0,1,0,2.0,,
1277-01-01,400,1277,Clover,Clover #1 - High,Center of park,outdoor,0,OFF,Fix/Replace LSL,0,14.6,1,0,14.6,,
1277-01-02,400,1277,Clover,Clover #1 - Low,Center of park,outdoor,0,OFF,Fix/Replace LSL,0,11.0,1,0,14.5,,
1281-01-01,401,1281,Filbert,Filbert #1 - High,NORTH SIDE OF PARK,outdoor,0,CONT,Fix/Replace LSL,0,2.0,1,0,2.0,,
1281-01-02,401,1281,Filbert,Filbert #1 - Middle,NORTH SIDE OF PARK,outdoor,0,CONT,Fix/Replace LSL,0,2.0,1,0,2.0,,
1281-01-03,401,1281,Filbert,Filbert #1 - Low,NORTH SIDE OF PARK,outdoor,0,CONT,Fix/Replace LSL,0,2.0,1,0,2.0,,
1287-01-01,402,1287,Pine,Pine #1 - High,CENTER OF PARK,outdoor,0,CONT,Fix/Replace LSL,0,2.0,1,0,3.2,,
1287-01-02,402,1287,Pine,Pine #1 - Low,CENTER OF PARK,outdoor,0,CONT,Fix/Replace LSL,0,2.0,1,0,3.2,,
